distance_type	bin	N	distance_median	MI_median	MI_mean	MI_Q25	MI_Q75	MI_Q95	MI_Q99	MI_Q99_9
bp	1	2	12.75	0.029740026013519917	0.029740026013519917	0.01867705353125689	0.04080299849578295	0.04965337648159337	0.051423452078755455	0.051821719088116926
bp	3	2	18.65158371040724	0.15665685825606357	0.15665685825606357	0.10427706516107471	0.20903665135105243	0.2509404858270435	0.2593212527222417	0.26120692527366135
bp	4	2	20.976190476190474	0.00229157223469344	0.00229157223469344	0.0013615291363538481	0.0032216153330330323	0.003965649811704706	0.00411445670743904	0.0041479382589792654
bp	6	4	28.22142857142857	0.040469578701551795	0.04895061181619101	0.02953782627120099	0.05988236424654181	0.08520403028727955	0.0902683634954271	0.0914078384672603
bp	7	7	31.333333333333332	0.047048905356325846	0.0958657259739689	0.024867627739686392	0.17638709958711857	0.2133592282478707	0.2173675286324988	0.21826939621904012
bp	8	9	35.4	0.08491957195432326	0.14020423538796437	0.009454901820911	0.24862361283065218	0.3544999902468417	0.4028354892512605	0.4137109765272547
bp	9	12	41.0	0.038509985728792995	0.13466634680700038	0.003862881467140646	0.183928812102585	0.46209231783049265	0.47599747378009416	0.47912613386875447
bp	10	30	47.576086956521735	0.1492834864821589	0.1337046599681072	0.015337516937318545	0.19055603460797862	0.3116836987879863	0.41620817822273437	0.4518029661485069
bp	11	31	53.56818181818182	0.09274157530457151	0.16067439447051085	0.03191761560879204	0.2710483196627652	0.46988370756841585	0.5057993583623709	0.5141283734228718
bp	12	41	61.214285714285715	0.1371846275486383	0.1485655218437351	0.03656010980789608	0.2411778996841671	0.3494752978383808	0.550449772377113	0.6007487034580471
bp	13	77	69.33333333333333	0.15730549264924054	0.15824599297235756	0.01309838725941299	0.2501589765754979	0.3791233608002497	0.5671422108549049	0.5956680764496098
bp	14	132	79.93265039232782	0.08921567364057725	0.13463460517966486	0.006059251098468258	0.22736228098155636	0.4271253190630324	0.5402754967499289	0.5564141791273177
bp	15	229	91.40217391304348	0.06833998064796531	0.1360480453230156	0.006017889065633592	0.2291313399058254	0.4600105328421179	0.6301232609905231	0.6626230702430809
bp	16	387	105.3913043478261	0.04078265883213078	0.12216700374592468	0.004970402101533624	0.200605403105578	0.44841137288540206	0.623175204374321	0.6497203826251651
bp	17	465	120.1304347826087	0.030310071352188786	0.12059102424500834	0.005276801588479493	0.19186179074258758	0.5113515749296044	0.6523103314807417	0.6672173359772741
bp	18	536	136.9604575163399	0.01967652590962879	0.10685462702181328	0.0026312448587955026	0.15250223002319224	0.5143605568770291	0.63075217125885	0.657743331514858
bp	19	435	155.41121495327104	0.016974677352148953	0.11277084901252575	0.002442321288720084	0.15962401809919624	0.5159786714877457	0.5984966024126241	0.6096806026567163
bp	20	240	178.14711872826626	0.03204965958489186	0.11791563287399628	0.0028466388856347273	0.2044937362720892	0.43702456068334034	0.5736921937204273	0.6486369526648612
bp	21	164	205.38522107813446	0.02478423524987337	0.0931929643055627	0.00498648422814197	0.12129577231981584	0.41965190870698477	0.5323287606683561	0.6107592542102527
bp	22	111	233.40490797546013	0.03384909549539384	0.09593506274174063	0.003258241819726613	0.1173226452363022	0.42318878730640197	0.5173962740231708	0.5384167466968295
bp	23	71	268.8333333333333	0.028031315552239977	0.07121096423230469	0.002236756617003792	0.11185623532075552	0.2454470625043528	0.5263647932437358	0.6395692335410048
bp	24	48	310.22130601365984	0.021972947567439827	0.06468219185412462	0.0006623250182586377	0.08236432640489197	0.3052988117447792	0.3728714931880837	0.4097240422419271
bp	25	52	357.6561403508772	0.012593276930964114	0.0686345816339361	0.0015356300155466	0.08091593135320387	0.3334243129565284	0.4445531001214293	0.4735539449438139
bp	26	36	406.73782185107865	0.013631945551215231	0.06093423609578522	0.005496033870806672	0.06953828401313228	0.31555096500628804	0.3590082188331831	0.36041800512354094
bp	27	53	470.2	0.011035888695185472	0.03949768721574461	0.004153998522003408	0.031446888027754735	0.18414826448145244	0.3087873050802829	0.3847036779006989
bp	28	38	549.4420062695924	0.019203719985914757	0.05653591363086384	0.0034749446440466986	0.0751981948380503	0.20252714470308225	0.2573112085840738	0.26564389251409054
bp	29	76	618.1534322820037	0.017973176952617284	0.06475085235385078	0.003305059312703247	0.10014136829378724	0.22467299451304568	0.3649961015953703	0.41093440187899666
bp	30	118	710.9659574468085	0.08207241342600964	0.12683158430996558	0.007535169669745168	0.1846444215097076	0.4560335908823019	0.5476975077780956	0.6495606137614178
bp	31	177	807.8588235294118	0.04439244058515443	0.10160864038719426	0.003998259671113688	0.18216524269469053	0.36595725600728823	0.49931445752866277	0.6173442282731229
bp	32	425	939.0341365461848	0.03898547028066142	0.11232102776896166	0.003711949870923056	0.1841634476614225	0.4529597759634686	0.6074946504897242	0.6515291368536456
bp	33	923	1067.572327044025	0.01567480170735784	0.09876016804865673	0.001919302173396108	0.13931699782914625	0.44664132435987564	0.6208090455235774	0.6650455492294949
bp	34	839	1194.8474576271187	0.013631945551215231	0.08031492170089721	0.0018434155405767797	0.10521811959227062	0.36652158829158926	0.581141379416357	0.649989367766882
bp	35	437	1375.25	0.021028033983465623	0.09331132045802851	0.001998587067931653	0.13888520257219408	0.42788745647339516	0.5785667159077188	0.6153401912403806
bp	36	413	1598.5555555555557	0.030777257989568832	0.08364475419951463	0.0031468116047499092	0.12070990668378928	0.3434263399034418	0.4606033467623291	0.5990446589602292
bp	37	717	1852.904458598726	0.03334968967500837	0.10473322156659509	0.003245037339899304	0.16163490661377689	0.43834765667069076	0.6184337574445528	0.6523103314807417
bp	38	1217	2086.2479338842977	0.013173768285706511	0.07098634698163195	0.0011988661321794961	0.08407885143025134	0.336038758614166	0.5659126687706553	0.6502578180105297
bp	39	884	2371.8099321592617	0.016020319476552837	0.07891200373016881	0.001736600381702865	0.11592365674685944	0.3602262868881233	0.499789890862085	0.5782889188437208
bp	40	1127	2764.942857142857	0.018001164592055	0.09057407131258581	0.0014243053271263781	0.12566490511184708	0.4143589077264446	0.6300686214116064	0.6523103314807417
bp	41	1453	3124.25	0.010859298764275003	0.07010832083965635	0.0012788222990308198	0.09005609972831324	0.32738606985091895	0.5070055615861686	0.6153748685198598
bp	42	1461	3622.80608365019	0.01508194912157556	0.08442947459910803	0.0015234297029339098	0.11500264886833245	0.36794029228598324	0.6062182194400719	0.6591873490650679
bp	43	1865	4115.8	0.013299893285261277	0.06978111359412147	0.001400839567724689	0.09014411843210438	0.3236616909459779	0.510285273002932	0.6250104650442765
bp	44	2093	4748.554054054054	0.009705833025085146	0.06618678915747635	0.0010378538602137403	0.08205845568923724	0.3216530748534809	0.5204806068260747	0.6638739091966084
bp	45	2438	5444.834570191713	0.007726834013353306	0.056100883850972484	0.0009749909144355056	0.05845070548721631	0.3015691563876237	0.4827779021817306	0.6421655129988194
bp	46	2811	6226.928571428572	0.005421566561970072	0.049857870831938336	0.0007296661939743894	0.04923310300451031	0.2470881877940263	0.4466285255429377	0.6440930285103852
bp	47	3212	7118.847654628476	0.004966615522789113	0.04393998466570707	0.0006928112163689239	0.03836280719616786	0.22725037885196675	0.42340357629537767	0.6275157614236918
bp	48	3755	8157.109756097561	0.004530114795132014	0.03963779233608094	0.0006133247513841605	0.033713396518972885	0.20192010768380023	0.3840679348773485	0.6059505274194087
bp	49	4344	9365.821052631578	0.004092570694325725	0.036110625642705105	0.0005980375854193192	0.030329479565910072	0.1881831444508859	0.3639669309490314	0.6184077734316237
bp	50	5170	10721.37039529016	0.0036643013705506726	0.030959704078567477	0.0005765704813147005	0.026216808202248892	0.16508970353926986	0.3162281617477435	0.5156655565561923
bp	51	5975	12291.0	0.0031614639152068563	0.02937066770337436	0.0005111767891773445	0.024858112830593512	0.15629829468257056	0.3011870179870143	0.47717460767119657
bp	52	6863	14060.73076923077	0.0029301288594709347	0.025328667050987724	0.0004905370050581901	0.020865093106003117	0.13895220995198174	0.2710807884267528	0.4589726847536398
bp	53	7786	16130.815808045165	0.002864384867250186	0.02325155448994404	0.0005049718880484947	0.019254373741735532	0.12688346205300954	0.23439336414471637	0.44215662308779047
bp	54	9136	18500.62181818182	0.002320041865821757	0.01980944354132851	0.0004878946880734166	0.015617700257809727	0.10842661550494662	0.21161501586155593	0.3644554692887658
bp	55	10673	21192.1512605042	0.0020869538962462863	0.017234090273211378	0.000454648450039943	0.013125354747402892	0.09198844486331767	0.1981625016302231	0.3555787334806994
bp	56	12226	24268.896057347672	0.0019251105931775408	0.015581531599058797	0.00043683466473826973	0.011859306181598672	0.08282534010228088	0.17934826482750615	0.29165752037093473
bp	57	14417	27841.384615384617	0.00167913831563846	0.013035491747238321	0.00037150268958508343	0.009419697276917039	0.06751406341666197	0.15846466966468178	0.261108601486797
bp	58	17867	31892.166666666668	0.0014688065253950387	0.01117743311983187	0.0003208301060984894	0.008151399699925913	0.059152178101365985	0.1383423421169795	0.23937761528666493
bp	59	22652	36550.46212121213	0.0014078230272871078	0.01075382487730568	0.00031666863783797383	0.00763217364150956	0.0551765213174307	0.13291098290886602	0.2556426826507397
bp	60	27041	41844.05	0.0012288093492562558	0.010364857913847303	0.00027251121638856377	0.006681256198672585	0.05457419316403925	0.13805347136348584	0.25851191180430866
bp	61	32538	47950.88888888889	0.0012978841176999743	0.010378805940347501	0.00027701780947363033	0.007191417467884193	0.053764182341980264	0.13445663581269723	0.24033405134464011
bp	62	38449	54916.8	0.0012308027123398232	0.009512498941473577	0.0002513129129678365	0.0065098345154115346	0.04944450500888852	0.12298826666317672	0.22767588668338273
bp	63	46237	62947.21428571428	0.001208556504233391	0.009471680671425531	0.00025577523571342336	0.006162770667244695	0.05103335252357959	0.12190138866377949	0.2327885059647456
bp	64	53514	72109.6181818182	0.0011711194624545776	0.009139081141350572	0.00023495314409923494	0.005765085314290926	0.04917397891234866	0.11469926748003305	0.24055220499815871
bp	65	62071	82551.5	0.0010937175470788793	0.009231036186546936	0.00020910248183107365	0.0055188825299935795	0.04961963877386282	0.1239162841563504	0.24685780573469013
bp	66	65904	94547.68333333333	0.0010202929459688782	0.009090945584216307	0.0001998412195650805	0.005078031806522511	0.049880802650522034	0.1280738528195442	0.24077420430595872
bp	67	68775	108300.30985915494	0.0009472413537853176	0.008700937589893898	0.00016296305221226058	0.004607691964915992	0.04572487320325114	0.1271480486201469	0.2789865161852592
bp	68	70577	123967.04761904762	0.0009310370484997393	0.00840684938572334	0.0001573667013646103	0.004610050047780799	0.04546580309344659	0.12192186248366856	0.24342808759653764
bp	69	70840	142009.0	0.0009659866293627962	0.009046072370725643	0.00016118845743804465	0.004871162121325977	0.04963504237922144	0.1250314764152273	0.2535896068430144
bp	70	68579	162591.33333333334	0.0009743195151581947	0.008905534198067767	0.00016118845743804465	0.00471058933343614	0.04744850871468431	0.132596797493082	0.27720184798891395
bp	71	61354	186007.63958333334	0.0010440254535224712	0.009329848416650662	0.00018816139053488468	0.004915722995523243	0.04769751696910185	0.14076053703229321	0.2828278674919474
bp	72	50545	212847.80821917808	0.0011762043832809078	0.010490302842325104	0.00022488387525825785	0.005862310769719243	0.05555915547091648	0.155894583713849	0.28632771813900104
bp	73	41671	244139.16279069768	0.0011906009285781237	0.011119990566851317	0.00023186664173383966	0.005991650874229138	0.06168772611320332	0.15754889006421693	0.2805242738480215
bp	74	32919	279337.56666666665	0.0012314146033849801	0.011261115509902499	0.00027752411524087134	0.006623092083578442	0.058122632692541844	0.15190102561351243	0.3069675083353138
bp	75	23817	319256.4482758621	0.0013183666308265712	0.014959738486397882	0.0003125163967947795	0.007655527165200654	0.08881336192330326	0.19267185002192005	0.3060548554364021
bp	76	14436	364066.19545454544	0.001525282833071719	0.016878007401464334	0.0004017075380245568	0.010520809564177952	0.09833207919811056	0.20723010385339818	0.30469478874469563
bp	77	6353	417746.8	0.0015816885856335273	0.015486172863252427	0.0003973626172445258	0.01251634136817496	0.07845418701208484	0.1963264808839708	0.3343410654586705
bp	78	4783	478879.35714285716	0.00172813166224826	0.01444317813493698	0.00033804276084900683	0.0148897599872946	0.07363371360690676	0.1267667450244801	0.2234391377404107
bp	79	2142	555504.5833333334	0.0038700924027867097	0.012513727209720148	0.00050528721974689	0.016097033122132016	0.05598771048170356	0.09107471333446296	0.1351387490838537
bp	80	1352	628924.1666666667	0.0042072787245046855	0.011982375006083837	0.0005248533105465293	0.015290558579701883	0.05359785058903774	0.09206553448677562	0.11324151803878794
