sample_id	HC_cluster
GCF_900017955.1_11657_8_6	1
GCF_900018675.1_11511_8_9	2
GCF_900020245.1_11679_1_11	3
GCF_900020255.1_11657_4_24	4
GCF_900024975.1_11511_8_19	5
GCF_900024985.1_11657_4_27	2
GCF_900033785.1_11657_8_4	2
GCF_900033795.1_11658_2_96	3
GCF_900033805.1_11679_1_6	6
GCF_900033815.1_11658_2_95	7
GCF_900033835.1_11657_4_5	8
GCF_900033845.1_11893_8_13	9
GCF_900033855.1_11679_1_20	10
GCF_900033865.1_11657_4_16	2
GCF_900033875.1_11657_4_17	1
GCF_900033885.1_11511_8_18	9
GCF_900033895.1_11657_4_21	11
GCF_900033905.1_11658_2_86	3
GCF_900033915.1_11511_8_23	12
GCF_900033925.1_11658_8_3	13
GCF_900033935.1_11511_8_30	14
GCF_900033945.1_11657_8_17	9
GCF_900033955.1_11658_2_84	2
GCF_900033965.1_11511_8_33	2
GCF_900033975.1_11511_8_36	6
GCF_900033985.1_11679_1_33	9
GCF_900035605.1_11679_1_25	9
GCF_900035625.1_11511_8_37	2
GCF_900035635.1_11511_8_38	2
GCF_900036435.1_11679_1_7	3
GCF_900036445.1_11657_8_9	9
GCF_900036455.1_11679_1_17	15
GCF_900036465.1_11679_1_21	3
GCF_900036475.1_11679_1_23	16
GCF_900036955.1_11511_8_4	2
GCF_900036965.1_11679_1_2	14
GCF_900036985.1_11679_1_10	9
GCF_900036995.1_11511_8_11	9
GCF_900037005.1_11679_1_13	2
GCF_900037015.1_11657_4_12	17
GCF_900037025.1_11679_1_15	3
GCF_900037035.1_11657_8_12	9
GCF_900037045.1_11658_2_92	9
GCF_900037055.1_11679_1_24	18
GCF_900037065.1_11657_4_18	2
GCF_900037075.1_11657_4_26	19
GCF_900037615.1_11511_8_15	3
GCF_900037625.1_11511_8_22	4
GCF_900038105.1_11657_4_19	4
GCF_900038115.1_11658_2_90	9
GCF_900038125.1_11679_1_28	2
GCF_900038135.1_11657_4_29	13
GCF_900038145.1_11657_4_30	2
GCF_900038155.1_11893_8_15	2
GCF_900038165.1_11679_1_32	13
GCF_900038175.1_11511_8_32	8
GCF_900038185.1_11511_8_34	13
GCF_900038685.1_11511_8_26	20
GCF_900038695.1_11511_8_28	2
GCF_900038705.1_11511_8_35	21
GCF_900039635.1_11657_4_9	20
GCF_900039645.1_11679_1_12	20
GCF_900039655.1_11679_1_27	2
GCF_900040065.1_11657_4_22	8
GCF_900040705.1_11657_8_5	3
GCF_900040715.1_11511_8_2	13
GCF_900041765.1_11679_1_4	22
GCF_900042465.1_11679_1_22	8
GCF_900043665.1_11511_8_5	3
GCF_900043675.1_11657_8_7	2
GCF_900043685.1_11679_1_5	9
GCF_900043695.1_11511_8_10	3
GCF_900043705.1_11658_2_94	4
GCF_900043715.1_11657_4_13	3
GCF_900043725.1_11679_1_14	9
GCF_900043735.1_11657_4_14	23
GCF_900043745.1_11511_8_14	20
GCF_900043755.1_11511_8_16	24
GCF_900043765.1_11679_1_19	14
GCF_900043775.1_11679_1_16	3
GCF_900043785.1_11658_2_91	23
GCF_900043795.1_11658_2_89	19
GCF_900043805.1_11657_4_23	25
GCF_900043815.1_11658_2_88	3
GCF_900043825.1_11511_8_21	8
GCF_900043835.1_11657_4_28	9
GCF_900043845.1_11679_1_31	26
GCF_900043855.1_11511_8_27	8
GCF_900043865.1_11658_2_85	27
GCF_900043875.1_11893_8_14	21
GCF_900044115.1_11657_8_11	9
GCF_900044125.1_11657_8_13	2
GCF_900044805.1_11679_1_3	2
GCF_900044815.1_11657_4_2	3
GCF_900044825.1_11511_8_12	3
GCF_900044835.1_11511_8_13	8
GCF_900044845.1_11658_2_93	11
GCF_900044855.1_11679_1_29	4
GCF_900044865.1_11511_8_24	3
GCF_900044875.1_11511_8_25	3
GCF_900045485.1_11657_8_3	3
GCF_900046815.1_11658_8_2	3
GCF_900046825.1_11511_8_29	8
GCF_900047145.1_11657_4_11	8
GCF_900048105.1_11679_1_8	23
GCF_900048115.1_11657_8_14	2
GCF_900048125.1_11657_8_15	13
GCF_900048795.1_13154_3_40	8
GCF_900048805.1_13414_1_80	9
GCF_900048985.1_11657_4_34	26
GCF_900048995.1_12291_4_52	3
GCF_900049005.1_12291_4_59	9
GCF_900049015.1_12291_4_60	4
GCF_900049025.1_13154_3_73	28
GCF_900049035.1_13414_1_84	9
GCF_900049045.1_13414_1_85	9
GCF_900049055.1_13414_1_86	14
GCF_900049065.1_13414_1_87	13
GCF_900049075.1_13414_2_31	9
GCF_900049085.1_13414_2_54	29
GCF_900049335.1_13414_3_8	8
GCF_900049475.1_11657_8_30	13
GCF_900049485.1_12291_4_34	30
GCF_900049495.1_12291_4_65	2
GCF_900049505.1_12291_5_2	26
GCF_900049515.1_13154_3_91	21
GCF_900049525.1_13414_1_15	31
GCF_900049535.1_13414_1_62	8
GCF_900049545.1_13414_1_93	8
GCF_900049555.1_13414_2_67	2
GCF_900049565.1_14673_4_17	6
GCF_900049825.1_11511_8_54	2
GCF_900049835.1_12291_4_24	32
GCF_900049845.1_12291_4_31	4
GCF_900049855.1_13091_6_85	13
GCF_900049865.1_13414_2_28	12
GCF_900049875.1_13414_2_78	15
GCF_900049885.1_13414_2_81	8
GCF_900049895.1_14673_4_26	4
GCF_900050295.1_11679_1_45	20
GCF_900050305.1_11511_8_62	3
GCF_900050315.1_12291_4_76	14
GCF_900050325.1_13091_6_81	2
GCF_900050335.1_13414_1_74	8
GCF_900050345.1_13414_2_88	32
GCF_900050665.1_11658_2_82	3
GCF_900050675.1_11657_8_21	30
GCF_900050685.1_11658_2_67	9
GCF_900050695.1_11657_8_24	9
GCF_900050705.1_11657_8_25	2
GCF_900050715.1_11511_8_61	20
GCF_900050725.1_13154_3_48	13
GCF_900050735.1_13414_3_37	9
GCF_900050745.1_14673_3_4	9
GCF_900051105.1_11511_8_42	9
GCF_900051115.1_11658_2_78	10
GCF_900051125.1_11658_2_76	3
GCF_900051135.1_11658_2_75	2
GCF_900051145.1_11658_2_71	3
GCF_900051155.1_11658_2_68	3
GCF_900051165.1_11657_8_20	33
GCF_900051175.1_13414_1_75	34
GCF_900051185.1_13414_1_88	16
GCF_900051195.1_13414_2_91	2
GCF_900051205.1_13414_3_44	11
GCF_900051215.1_14673_4_20	2
GCF_900051225.1_14673_4_24	35
GCF_900051395.1_11658_2_56	8
GCF_900051405.1_11658_2_49	9
GCF_900051415.1_12291_4_83	14
GCF_900051425.1_13154_3_18	8
GCF_900051435.1_13154_3_35	3
GCF_900051445.1_13154_2_17	2
GCF_900051455.1_13414_2_53	12
GCF_900051465.1_14673_1_86	2
GCF_900051475.1_14673_4_44	29
GCF_900051825.1_12291_4_26	3
GCF_900051835.1_13414_1_69	8
GCF_900051845.1_13414_3_10	36
GCF_900052135.1_12291_4_84	3
GCF_900052145.1_13091_6_91	2
GCF_900052165.1_13414_2_1	8
GCF_900052175.1_13414_3_18	37
GCF_900052385.1_11658_2_72	2
GCF_900052395.1_11511_8_45	2
GCF_900052405.1_12291_4_18	31
GCF_900052415.1_13154_3_51	3
GCF_900052425.1_13154_3_89	15
GCF_900052435.1_13414_1_65	14
GCF_900052445.1_13414_1_78	8
GCF_900052455.1_13414_2_83	2
GCF_900052465.1_13414_2_90	3
GCF_900052475.1_14673_4_19	2
GCF_900052485.1_14673_4_21	9
GCF_900052685.1_11511_8_48	2
GCF_900052695.1_11657_4_50	3
GCF_900052705.1_11511_8_53	9
GCF_900052715.1_11657_4_51	38
GCF_900052725.1_11679_1_52	9
GCF_900052735.1_11658_2_54	8
GCF_900052745.1_13154_3_7	39
GCF_900052755.1_13414_2_2	13
GCF_900052765.1_14673_1_10	8
GCF_900052775.1_14673_4_43	3
GCF_900052965.1_12291_4_57	4
GCF_900052975.1_12291_4_58	2
GCF_900052985.1_12291_5_53	3
GCF_900052995.1_13154_3_36	2
GCF_900053005.1_13154_3_43	2
GCF_900053015.1_13154_3_44	2
GCF_900053025.1_13154_3_84	13
GCF_900053035.1_13414_2_44	32
GCF_900053045.1_13414_2_46	31
GCF_900053055.1_13414_2_51	8
GCF_900053065.1_13414_2_56	15
GCF_900053075.1_13414_2_73	40
GCF_900053085.1_13414_2_84	3
GCF_900053095.1_13414_3_29	26
GCF_900053495.1_11658_8_4	41
GCF_900053505.1_11679_1_43	40
GCF_900053515.1_11679_1_54	40
GCF_900053525.1_11658_2_51	23
GCF_900053535.1_12291_4_36	24
GCF_900053545.1_12291_4_64	4
GCF_900053555.1_13154_3_12	14
GCF_900053565.1_13414_2_71	38
GCF_900053575.1_14673_4_25	32
GCF_900053755.1_11657_4_59	3
GCF_900053765.1_14673_3_6	6
GCF_900053945.1_11679_1_36	42
GCF_900053955.1_11658_2_74	2
GCF_900053965.1_11657_4_40	2
GCF_900053975.1_11657_8_23	3
GCF_900053985.1_12291_4_14	43
GCF_900053995.1_12291_4_39	13
GCF_900054005.1_12291_4_40	9
GCF_900054015.1_12291_4_41	4
GCF_900054025.1_13154_3_42	8
GCF_900054035.1_13154_3_82	44
GCF_900054045.1_13414_2_34	32
GCF_900054055.1_13414_3_13	2
GCF_900054185.1_13414_2_47	9
GCF_900054195.1_13414_2_60	15
GCF_900054205.1_13414_2_65	8
GCF_900054215.1_13414_3_23	6
GCF_900054225.1_14673_4_22	20
GCF_900054235.1_14673_4_46	14
GCF_900054505.1_12291_4_15	2
GCF_900054515.1_13414_1_92	14
GCF_900054725.1_12291_4_33	2
GCF_900054735.1_12291_4_53	2
GCF_900054745.1_13154_3_58	2
GCF_900054755.1_13414_2_14	13
GCF_900054765.1_14673_1_74	38
GCF_900054775.1_14673_1_76	9
GCF_900054955.1_11679_1_53	2
GCF_900054965.1_12291_4_79	2
GCF_900054975.1_12291_4_80	6
GCF_900054985.1_13414_1_46	8
GCF_900054995.1_13414_1_68	8
GCF_900055005.1_13414_2_55	45
GCF_900055015.1_14673_3_9	3
GCF_900055025.1_14673_4_23	15
GCF_900055225.1_11657_4_33	9
GCF_900055235.1_14673_1_89	8
GCF_900055315.1_11657_4_36	4
GCF_900055325.1_12291_4_87	3
GCF_900055345.1_13091_6_90	3
GCF_900055355.1_13154_3_22	4
GCF_900055365.1_13154_3_27	2
GCF_900055375.1_13154_3_28	46
GCF_900055385.1_13414_2_15	2
GCF_900055395.1_13414_2_64	2
GCF_900055405.1_13414_3_24	8
GCF_900055415.1_13414_3_31	24
GCF_900055425.1_13414_3_35	24
GCF_900055435.1_14673_4_15	44
GCF_900055655.1_11658_2_66	2
GCF_900055665.1_11657_4_49	20
GCF_900055675.1_12291_4_89	2
GCF_900055685.1_13414_2_50	8
GCF_900055695.1_13414_2_52	4
GCF_900055705.1_13414_3_28	30
GCF_900055715.1_13414_3_38	4
GCF_900055725.1_14673_4_40	31
GCF_900055735.1_14673_4_42	4
GCF_900055965.1_11679_1_39	6
GCF_900055975.1_11822_8_79	32
GCF_900055985.1_13154_3_26	34
GCF_900055995.1_13154_3_57	1
GCF_900056005.1_13154_3_61	14
GCF_900056015.1_13154_3_62	2
GCF_900056025.1_13414_3_42	15
GCF_900056035.1_14673_4_67	47
GCF_900056325.1_11679_1_51	48
GCF_900056335.1_13091_6_82	2
GCF_900056345.1_13154_3_25	40
GCF_900056355.1_13154_3_29	20
GCF_900056365.1_13154_3_86	9
GCF_900056375.1_13414_2_36	9
GCF_900056385.1_13414_2_37	31
GCF_900056395.1_13414_2_59	1
GCF_900056405.1_13414_2_61	49
GCF_900056415.1_13414_2_92	11
GCF_900056425.1_13414_3_17	4
GCF_900056435.1_13414_3_14	16
GCF_900056695.1_11657_8_27	9
GCF_900056705.1_11511_8_59	2
GCF_900056715.1_13414_1_45	8
GCF_900056725.1_13414_2_16	9
GCF_900056735.1_14673_4_27	3
GCF_900056985.1_12291_5_3	50
GCF_900056995.1_13154_3_30	51
GCF_900057005.1_13414_1_90	14
GCF_900057015.1_14673_4_11	21
GCF_900057025.1_14673_4_45	26
GCF_900057115.1_12291_4_82	2
GCF_900057125.1_12291_4_85	24
GCF_900057135.1_13154_3_46	21
GCF_900057145.1_13414_1_40	8
GCF_900057155.1_13414_2_38	13
GCF_900057165.1_13414_3_40	52
GCF_900057175.1_14673_4_12	6
GCF_900057355.1_11657_4_52	53
GCF_900057365.1_13414_1_57	27
GCF_900057375.1_13414_2_66	39
GCF_900057385.1_14673_1_78	3
GCF_900057395.1_14673_1_79	31
GCF_900057405.1_14673_1_81	2
GCF_900057415.1_14673_4_29	11
GCF_900057425.1_14673_4_30	2
GCF_900057655.1_13414_2_57	13
GCF_900057825.1_11511_8_47	38
GCF_900057835.1_11679_1_40	3
GCF_900057845.1_13154_3_76	21
GCF_900057855.1_13154_3_78	2
GCF_900057865.1_13154_3_87	54
GCF_900057875.1_13414_2_3	8
GCF_900057885.1_13414_2_9	11
GCF_900057895.1_13414_2_94	4
GCF_900058125.1_11657_4_41	3
GCF_900058135.1_11657_4_55	2
GCF_900058145.1_11511_8_57	2
GCF_900058155.1_11657_8_33	9
GCF_900058165.1_13154_3_77	21
GCF_900058175.1_13414_1_58	8
GCF_900058185.1_13414_2_4	13
GCF_900058195.1_13414_2_7	9
GCF_900058395.1_11658_2_80	8
GCF_900058405.1_12291_4_38	2
GCF_900058415.1_12291_4_78	4
GCF_900058425.1_13154_3_69	55
GCF_900058435.1_14673_4_33	9
GCF_900058645.1_11511_8_49	4
GCF_900058655.1_13154_3_75	2
GCF_900058665.1_13154_3_90	3
GCF_900058925.1_12291_4_21	4
GCF_900058935.1_12291_4_23	3
GCF_900058945.1_12291_4_29	9
GCF_900058955.1_12291_4_30	3
GCF_900058965.1_12838_1_69	34
GCF_900058975.1_13414_1_59	15
GCF_900058985.1_13414_1_60	46
GCF_900058995.1_13414_2_18	12
GCF_900059005.1_13414_3_19	38
GCF_900059275.1_11657_4_42	8
GCF_900059285.1_13154_3_17	9
GCF_900059295.1_13154_3_60	3
GCF_900059305.1_13154_3_88	2
GCF_900059315.1_13414_2_20	2
GCF_900059325.1_13414_2_21	13
GCF_900059335.1_13414_2_22	2
GCF_900059345.1_13414_2_58	33
GCF_900059355.1_14673_1_77	3
GCF_900059365.1_14673_1_80	56
GCF_900059375.1_14673_1_85	3
GCF_900059625.1_11657_8_32	6
GCF_900059635.1_11657_4_57	8
GCF_900059645.1_11511_8_58	9
GCF_900059655.1_12291_4_51	23
GCF_900059665.1_12291_4_50	3
GCF_900059675.1_12291_5_4	14
GCF_900059685.1_12291_5_44	13
GCF_900059695.1_12291_5_6	13
GCF_900059705.1_14673_4_28	21
GCF_900059825.1_11511_8_46	4
GCF_900059835.1_13154_3_31	8
GCF_900059855.1_13414_1_70	14
GCF_900059865.1_13414_2_40	57
GCF_900060055.1_13414_1_76	38
GCF_900060065.1_14673_4_16	11
GCF_900060075.1_14673_4_18	11
GCF_900060245.1_12291_4_77	9
GCF_900060255.1_13154_3_45	2
GCF_900060265.1_13414_2_70	58
GCF_900060275.1_13414_2_75	59
GCF_900060285.1_14673_4_13	20
GCF_900060295.1_14673_4_14	9
GCF_900060505.1_11657_4_38	42
GCF_900060515.1_12291_5_5	3
GCF_900060525.1_12291_5_41	3
GCF_900060535.1_13414_2_23	20
GCF_900060545.1_13414_2_26	13
GCF_900060555.1_13414_2_32	26
GCF_900060565.1_13414_2_30	20
GCF_900060575.1_13414_2_33	20
GCF_900060585.1_13414_2_42	13
GCF_900060815.1_11657_4_53	2
GCF_900060825.1_12291_4_17	3
GCF_900060835.1_13154_2_18	2
GCF_900060845.1_13154_3_79	3
GCF_900060855.1_13154_3_81	3
GCF_900060865.1_13414_1_79	40
GCF_900060875.1_13414_2_25	60
GCF_900060885.1_13414_2_68	13
GCF_900060895.1_14673_1_90	15
GCF_900061135.1_11657_4_37	31
GCF_900061145.1_11679_1_37	1
GCF_900061155.1_11657_8_28	17
GCF_900061165.1_12291_4_67	13
GCF_900061175.1_12291_4_69	2
GCF_900061185.1_12291_4_81	9
GCF_900061195.1_12291_5_1	2
GCF_900061205.1_12291_5_46	21
GCF_900061215.1_13154_3_20	15
GCF_900061225.1_13154_3_53	3
GCF_900061235.1_13414_1_81	13
GCF_900061245.1_14673_1_87	13
GCF_900061255.1_14673_1_88	53
GCF_900061745.1_11658_2_64	3
GCF_900061755.1_11679_1_42	3
GCF_900061765.1_12291_4_45	9
GCF_900061775.1_12291_4_46	39
GCF_900061785.1_12838_1_71	32
GCF_900061795.1_12291_5_45	2
GCF_900061805.1_13154_3_74	2
GCF_900061815.1_13414_1_82	24
GCF_900061825.1_13414_2_24	9
GCF_900061835.1_13414_2_43	34
GCF_900061845.1_13414_2_74	13
GCF_900061855.1_14673_4_31	61
GCF_900061955.1_13154_3_16	14
GCF_900061965.1_13154_3_70	21
GCF_900061995.1_11511_8_39	3
GCF_900062005.1_13154_3_55	62
GCF_900062015.1_14673_1_83	14
GCF_900062025.1_14673_4_34	9
GCF_900062155.1_12291_4_35	4
GCF_900062165.1_12291_5_47	1
GCF_900062175.1_13414_1_48	20
GCF_900062915.1_12838_1_70	34
GCF_900062925.1_12291_4_48	50
GCF_900062935.1_13414_1_83	12
GCF_900062945.1_13414_2_95	8
GCF_900063155.1_11657_4_39	50
GCF_900063165.1_13154_3_64	13
GCF_900063175.1_13414_2_76	12
GCF_900063185.1_13414_3_21	14
GCF_900063195.1_13414_3_22	61
GCF_900063205.1_14673_4_41	13
GCF_900063355.1_11657_8_18	13
GCF_900063365.1_11511_8_55	3
GCF_900063375.1_11511_8_56	9
GCF_900063385.1_11657_4_56	3
GCF_900063395.1_12291_4_13	2
GCF_900063405.1_12291_4_66	2
GCF_900063415.1_12291_4_68	13
GCF_900063425.1_12291_4_74	2
GCF_900063435.1_13154_3_14	2
GCF_900063445.1_13154_3_52	20
GCF_900063455.1_13414_2_62	8
GCF_900063465.1_13414_2_63	2
GCF_900063475.1_13414_3_4	24
GCF_900063485.1_13414_3_5	20
GCF_900063965.1_12291_5_72	3
GCF_900064055.1_11658_2_60	2
GCF_900064065.1_12291_4_44	63
GCF_900064075.1_12291_4_47	30
GCF_900064085.1_12291_4_54	13
GCF_900064095.1_12299_1_57	2
GCF_900064105.1_12299_1_64	9
GCF_900064115.1_13154_3_54	9
GCF_900064125.1_13414_1_72	8
GCF_900064135.1_13414_1_77	54
GCF_900064145.1_14673_4_36	11
GCF_900064155.1_14673_4_38	26
GCF_900064255.1_12291_4_55	9
GCF_900064595.1_11679_1_34	13
GCF_900064605.1_11511_8_40	2
GCF_900064615.1_11658_2_81	2
GCF_900064625.1_11658_2_50	9
GCF_900064635.1_13154_3_38	2
GCF_900064645.1_13414_2_69	13
GCF_900064655.1_14673_4_35	13
GCF_900064805.1_11679_1_38	64
GCF_900064815.1_12291_4_61	2
GCF_900064825.1_12291_4_63	27
GCF_900064835.1_13154_3_32	8
GCF_900064845.1_13154_3_85	13
GCF_900064855.1_13414_2_6	24
GCF_900064865.1_13414_2_12	13
GCF_900064875.1_13414_2_48	9
GCF_900064885.1_13414_2_86	9
GCF_900064895.1_14673_1_11	9
GCF_900064905.1_14673_1_12	8
GCF_900064915.1_14673_1_75	14
GCF_900064925.1_14673_1_82	2
GCF_900064935.1_14673_4_32	2
GCF_900064945.1_14673_4_37	6
GCF_900065085.1_13154_3_71	3
GCF_900065135.1_12291_4_16	2
GCF_900065145.1_12291_4_25	20
GCF_900065155.1_12291_4_27	2
GCF_900065165.1_13154_3_49	2
GCF_900065175.1_13414_1_89	14
GCF_900065355.1_11658_2_62	8
GCF_900065465.1_11511_8_41	9
GCF_900065475.1_11511_8_50	3
GCF_900065485.1_11657_8_29	13
GCF_900065495.1_12291_4_19	65
GCF_900065505.1_12291_4_56	39
GCF_900065515.1_12291_4_88	2
GCF_900065525.1_12299_1_79	9
GCF_900065535.1_13091_6_78	2
GCF_900065545.1_13091_6_86	8
GCF_900065555.1_13154_3_67	2
GCF_900065565.1_13414_1_63	66
GCF_900065575.1_13414_2_11	14
GCF_900065585.1_13414_2_79	12
GCF_900065595.1_13414_2_80	3
GCF_900065605.1_14673_1_13	67
GCF_900065615.1_14673_2_57	2
GCF_900065625.1_14673_3_5	2
GCF_900065635.1_14673_4_39	68
