locus_A	locus_B	channel	HC_supported	HC_driver_counts_total	Neff	edge_id	HC_driver_distribution
group_3978	group_4615	PP	3	88	1.0467694	PP:group_3978--group_4615	2:86;14:1;37:1
group_4326	celA_1	PP	3	98	1.0635659	PP:group_4326--celA_1	2:95;33:2;37:1
ponA	group_4892	PP	3	106	1.2115592	PP:ponA--group_4892	2:96;32:7;50:3
ponA	group_5412	PP	3	106	1.2115592	PP:ponA--group_5412	2:96;32:7;50:3
ponA	group_3419	PP	3	106	1.2115592	PP:ponA--group_3419	2:96;32:7;50:3
ponA	group_5411	PP	3	106	1.2115592	PP:ponA--group_5411	2:96;32:7;50:3
ponA	group_5991	PP	3	106	1.2115592	PP:ponA--group_5991	2:96;32:7;50:3
group_2568	group_4891	PP	5	124	1.6533333	PP:group_2568--group_4891	2:95;11:9;20:12;32:7;36:1
yjaB	group_2556	PP	3	160	1.9878863	PP:yjaB--group_2556	2:93;3:65;42:2
yjaB	group_2180	PP	4	155	1.9442421	PP:yjaB--group_2180	2:96;3:56;42:2;50:1
group_2556	mutX_1	PP	3	160	1.9878863	PP:group_2556--mutX_1	2:93;3:65;42:2
group_1257	group_3703	PP	4	153	1.9246074	PP:group_1257--group_3703	2:95;9:56;56:1;67:1
group_1922	group_2348	PP	25	211	6.2608633	PP:group_1922--group_2348	6:10;8:44;9:58;13:37;21:10;24:8;25:1;26:7;31:7;33:2;34:4;37:1;39:4;40:5;41:1;46:2;47:1;49:1;51:1;53:2;57:1;59:1;60:1;63:1;66:1
yxlF	group_5417	PP	13	215	3.4157245	PP:yxlF--group_5417	2:94;3:63;12:7;14:20;15:10;18:1;20:13;25:1;33:2;37:1;56:1;63:1;64:1
yxlF	group_1482	PP	12	212	3.331653	PP:yxlF--group_1482	2:94;3:63;12:7;14:19;15:10;18:1;20:13;25:1;33:1;37:1;56:1;63:1
group_5619	group_4876	PP	3	146	1.9276541	PP:group_5619--group_4876	1:1;2:89;9:56
group_5619	group_5414	PP	3	146	1.9276541	PP:group_5619--group_5414	2:89;9:56;26:1
group_5893	group_3703	PP	8	174	2.4193704	PP:group_5893--group_3703	1:1;2:95;9:58;11:8;16:3;22:1;32:7;36:1
group_3703	group_1258	PP	7	171	2.3420906	PP:group_3703--group_1258	2:96;9:56;11:9;32:7;36:1;56:1;67:1
group_3703	group_4078	PP	3	152	1.8996875	PP:group_3703--group_4078	2:95;9:56;67:1
group_3703	group_5992	PP	3	152	1.8996875	PP:group_3703--group_5992	2:95;9:56;67:1
group_3703	group_4876	PP	4	153	1.9246074	PP:group_3703--group_4876	1:1;2:95;9:56;67:1
group_3703	group_5414	PP	3	152	1.8996875	PP:group_3703--group_5414	2:95;9:56;67:1
group_3703	group_5993	PP	4	153	1.9246074	PP:group_3703--group_5993	2:95;4:1;9:56;67:1
group_1888	group_3921	PP	4	92	2.6938255	PP:group_1888--group_3921	8:40;11:7;13:38;24:7
malI	group_1366	PP	8	133	1.8772153	PP:malI--group_1366	2:95;5:1;7:1;11:9;20:16;32:7;36:1;50:3
group_4871	group_4891	PP	6	132	1.8430294	PP:group_4871--group_4891	2:95;11:9;20:17;32:7;36:1;50:3
group_5423	group_3714	PP	7	133	1.870862	PP:group_5423--group_3714	2:95;7:1;11:9;20:17;32:7;36:1;50:3
group_5423	group_1989	PP	7	133	1.870862	PP:group_5423--group_1989	2:95;7:1;11:9;20:17;32:7;36:1;50:3
group_5423	group_4891	PP	6	132	1.8430294	PP:group_5423--group_4891	2:95;11:9;20:17;32:7;36:1;50:3
group_4084	group_4891	PP	6	132	1.8430294	PP:group_4084--group_4891	2:95;11:9;20:17;32:7;36:1;50:3
group_6001	group_3714	PP	7	133	1.870862	PP:group_6001--group_3714	2:95;7:1;11:9;20:17;32:7;36:1;50:3
group_6001	group_1989	PP	7	133	1.870862	PP:group_6001--group_1989	2:95;7:1;11:9;20:17;32:7;36:1;50:3
group_6001	group_4891	PP	6	132	1.8430294	PP:group_6001--group_4891	2:95;11:9;20:17;32:7;36:1;50:3
group_2056	group_6274	PP	3	97	2.0195322	PP:group_2056--group_6274	8:43;9:53;55:1
group_2856	group_6481	PP	5	40	1.2307693	PP:group_2856--group_6481	4:1;13:36;17:1;19:1;45:1
group_1962	group_2704	PP	4	106	1.2855835	PP:group_1962--group_2704	2:93;6:9;23:3;25:1
group_5410	group_5361	PP	3	103	1.1690358	PP:group_5410--group_5361	2:95;8:1;32:7
group_4892	group_5361	PP	3	103	1.1690358	PP:group_4892--group_5361	2:95;8:1;32:7
group_5412	group_5361	PP	3	103	1.1690358	PP:group_5412--group_5361	2:95;8:1;32:7
group_5411	group_5361	PP	3	103	1.1690358	PP:group_5411--group_5361	2:95;8:1;32:7
group_5361	group_1656	PP	3	90	1.045701	PP:group_5361--group_1656	2:88;18:1;35:1
Int-Tn_2	group_1656	PP	3	90	1.045701	PP:Int-Tn_2--group_1656	2:88;18:1;35:1
group_5944	group_1656	PP	3	90	1.045701	PP:group_5944--group_1656	2:88;18:1;35:1
group_5945	group_1656	PP	3	90	1.045701	PP:group_5945--group_1656	2:88;18:1;35:1
group_5360	group_1656	PP	3	90	1.045701	PP:group_5360--group_1656	2:88;18:1;35:1
erm	group_1656	PP	3	89	1.046229	PP:erm--group_1656	2:87;18:1;35:1
group_4509	group_6133	PP	8	39	1.6622951	PP:group_4509--group_6133	13:30;15:1;16:1;26:3;33:1;34:1;39:1;63:1
lytB_3	group_4046	PP	5	70	1.5302936	PP:lytB_3--group_4046	1:6;9:56;33:1;40:5;53:2
group_5890	group_4046	PP	4	69	1.4873477	PP:group_5890--group_4046	1:6;9:56;40:5;53:2
group_2753	group_4266	PT	3	8	2.4615386	PT:group_2753--group_4266	1:3;2:4;9:1
glf_2	group_4266	PT	3	8	2.4615386	PT:glf_2--group_4266	1:3;2:4;9:1
group_3656	group_4441	PT	15	59	5.008633	PT:group_3656--group_4441	2:3;3:14;6:3;8:1;9:21;12:3;15:2;20:4;27:1;42:1;46:1;48:1;51:1;54:1;61:2
gpsB	group_1130	PT	8	21	5.5822783	PT:gpsB--group_1130	4:3;6:5;8:1;13:5;14:4;24:1;40:1;59:1
gpsB	group_2577	PT	16	37	8.398773	PT:gpsB--group_2577	1:4;3:1;5:1;7:1;8:10;10:1;11:2;14:3;16:1;24:3;29:1;32:3;36:1;50:2;54:2;55:1
ponA	group_1130	PT	8	21	5.5822783	PT:ponA--group_1130	4:3;6:5;8:1;13:5;14:4;24:1;40:1;59:1
group_2233	group_711	PT	6	18	2.7	PT:group_2233--group_711	7:1;9:10;14:4;21:1;42:1;45:1
group_2568	group_1130	PT	8	21	5.5822783	PT:group_2568--group_1130	4:3;6:5;8:1;13:5;14:4;24:1;40:1;59:1
group_2556	group_1130	PT	8	21	5.5822783	PT:group_2556--group_1130	4:3;6:5;8:1;13:5;14:4;24:1;40:1;59:1
group_2386	group_4266	PT	3	8	2.4615386	PT:group_2386--group_4266	1:3;2:4;9:1
wfgD	group_4266	PT	3	8	2.4615386	PT:wfgD--group_4266	1:3;2:4;9:1
group_2751	sorB	PT	14	68	3.4977307	PT:group_2751--sorB	9:1;13:34;16:3;17:2;21:10;22:1;24:1;27:3;31:5;49:1;50:3;53:2;62:1;63:1
group_2751	pnp	PT	3	96	1.2072308	PT:group_2751--pnp	2:87;11:8;36:1
group_3600	pheS	PT	5	103	1.1953803	PT:group_3600--pheS	2:94;11:6;36:1;51:1;56:1
group_2421	folD	PT	5	162	2.2146835	PT:group_2421--folD	1:6;2:93;9:56;40:5;53:2
pezA	cysS	PT	4	104	1.2406515	PT:pezA--cysS	2:93;11:8;33:2;36:1
ygaZ	group_4266	PT	3	8	2.4615386	PT:ygaZ--group_4266	1:3;2:4;9:1
pezT	cysS	PT	5	105	1.2644799	PT:pezT--cysS	2:93;11:8;33:2;36:1;63:1
group_5169	group_1130	PT	8	19	5.084507	PT:group_5169--group_1130	4:1;6:5;8:1;13:5;14:4;24:1;40:1;59:1
haeIIIM	mnmA	PT	4	118	1.5167756	PT:haeIIIM--mnmA	2:93;4:23;19:1;29:1
group_4236	fieF	PT	4	101	1.128554	PT:group_4236--fieF	2:95;11:3;50:2;52:1
group_4236	dapB	PT	4	91	1.1439425	PT:group_4236--dapB	2:85;11:3;36:1;50:2
celD	pyrF	PT	5	122	3.7396984	PT:celD--pyrF	8:44;13:38;14:20;15:10;21:10
group_2522	group_4408	PT	7	30	4.245283	PT:group_2522--group_4408	1:2;2:1;4:9;9:10;20:4;21:3;53:1
group_860	glf	PT	5	10	2.5	PT:group_860--glf	8:6;13:1;34:1;39:1;46:1
group_860	folD	PT	5	162	2.2146835	PT:group_860--folD	1:6;2:93;9:56;40:5;53:2
group_2416	glf	PT	5	10	2.5	PT:group_2416--glf	8:6;13:1;34:1;39:1;46:1
group_2416	folD	PT	5	162	2.2146835	PT:group_2416--folD	1:6;2:93;9:56;40:5;53:2
group_2348	purH	PT	3	64	1.2495424	PT:group_2348--purH	9:57;40:5;53:2
group_2348	topA	PT	9	126	1.6918159	PT:group_2348--topA	2:96;11:8;12:6;32:7;36:1;44:2;48:1;50:3;61:2
group_2348	amyS	PT	5	70	1.3920455	PT:group_2348--amyS	9:59;23:5;27:3;53:2;59:1
acpA_2	rlmI	PT	3	72	1.2186178	PT:acpA_2--rlmI	2:65;40:5;53:2
acpA_2	trpB	PT	4	105	1.215948	PT:acpA_2--trpB	2:95;23:5;34:1;40:4
group_4466	group_4266	PT	3	8	2.4615386	PT:group_4466--group_4266	1:3;2:4;9:1
group_4912	group_4266	PT	3	8	2.4615386	PT:group_4912--group_4266	1:3;2:4;9:1
group_5893	folD	PT	5	163	2.2209313	PT:group_5893--folD	1:6;2:93;9:57;40:5;53:2
group_1322	group_4266	PT	3	8	2.4615386	PT:group_1322--group_4266	1:3;2:4;9:1
group_4450	sorB	PT	14	68	3.4977307	PT:group_4450--sorB	9:1;13:34;16:3;17:2;21:10;22:1;24:1;27:3;31:5;49:1;50:3;53:2;62:1;63:1
group_2056	tcyN	PT	3	56	1.290535	PT:group_2056--tcyN	9:49;40:5;53:2
group_2856	group_4266	PT	3	8	2.4615386	PT:group_2856--group_4266	1:3;2:4;9:1
group_2872	group_4266	PT	3	8	2.4615386	PT:group_2872--group_4266	1:3;2:4;9:1
argH	group_4266	PT	3	8	2.4615386	PT:argH--group_4266	1:3;2:4;9:1
group_6020	group_4266	PT	3	8	2.4615386	PT:group_6020--group_4266	1:3;2:4;9:1
group_3921	group_4266	PT	3	8	2.4615386	PT:group_3921--group_4266	1:3;2:4;9:1
group_1172	group_4266	PT	3	8	2.4615386	PT:group_1172--group_4266	1:3;2:4;9:1
group_1186	group_4266	PT	3	8	2.4615386	PT:group_1186--group_4266	1:3;2:4;9:1
group_5527	group_4266	PT	3	8	2.4615386	PT:group_5527--group_4266	1:3;2:4;9:1
group_3103	group_4266	PT	3	8	2.4615386	PT:group_3103--group_4266	1:3;2:4;9:1
group_5452	group_4266	PT	3	8	2.4615386	PT:group_5452--group_4266	1:3;2:4;9:1
group_6043	group_4266	PT	3	8	2.4615386	PT:group_6043--group_4266	1:3;2:4;9:1
group_4105	group_4266	PT	3	8	2.4615386	PT:group_4105--group_4266	1:3;2:4;9:1
maa	group_4266	PT	3	8	2.4615386	PT:maa--group_4266	1:3;2:4;9:1
licC_3	group_4266	PT	3	8	2.4615386	PT:licC_3--group_4266	1:3;2:4;9:1
group_6045	group_4266	PT	3	8	2.4615386	PT:group_6045--group_4266	1:3;2:4;9:1
group_3157	group_4266	PT	3	8	2.4615386	PT:group_3157--group_4266	1:3;2:4;9:1
group_3144	group_4266	PT	3	8	2.4615386	PT:group_3144--group_4266	1:3;2:4;9:1
group_3469	group_4266	PT	3	8	2.4615386	PT:group_3469--group_4266	1:3;2:4;9:1
group_4136	group_4266	PT	3	8	2.4615386	PT:group_4136--group_4266	1:3;2:4;9:1
group_4951	group_4266	PT	3	8	2.4615386	PT:group_4951--group_4266	1:3;2:4;9:1
group_4952	group_4266	PT	3	8	2.4615386	PT:group_4952--group_4266	1:3;2:4;9:1
group_5505	group_4266	PT	3	8	2.4615386	PT:group_5505--group_4266	1:3;2:4;9:1
group_5506	group_4266	PT	3	8	2.4615386	PT:group_5506--group_4266	1:3;2:4;9:1
group_5508	group_4266	PT	3	8	2.4615386	PT:group_5508--group_4266	1:3;2:4;9:1
group_6135	group_4266	PT	3	8	2.4615386	PT:group_6135--group_4266	1:3;2:4;9:1
group_5507	group_4266	PT	3	8	2.4615386	PT:group_5507--group_4266	1:3;2:4;9:1
group_4501	group_4266	PT	3	8	2.4615386	PT:group_4501--group_4266	1:3;2:4;9:1
group_6133	group_4266	PT	3	8	2.4615386	PT:group_6133--group_4266	1:3;2:4;9:1
bca	group_4266	PT	3	8	2.4615386	PT:bca--group_4266	1:3;2:4;9:1
group_5627	group_4266	PT	3	8	2.4615386	PT:group_5627--group_4266	1:3;2:4;9:1
group_3475	group_4266	PT	3	8	2.4615386	PT:group_3475--group_4266	1:3;2:4;9:1
group_4953	group_4266	PT	3	8	2.4615386	PT:group_4953--group_4266	1:3;2:4;9:1
thrB_2	mutX_1	TP	36	97	16.89228	TP:thrB_2--mutX_1	1:2;4:3;5:1;6:3;7:1;8:14;9:8;10:1;11:8;13:10;14:1;15:2;16:2;18:1;19:1;20:3;21:4;23:2;24:4;26:1;27:3;30:3;31:1;32:3;33:1;34:1;35:1;40:3;46:2;49:1;50:1;52:1;55:1;61:1;62:1;68:1
group_1393	group_3656	TP	28	76	8.968945	TP:group_1393--group_3656	1:2;3:13;4:11;6:3;7:1;9:17;11:1;12:1;13:4;14:3;15:2;18:1;19:1;20:1;21:1;23:2;24:1;29:1;30:1;31:1;32:1;34:1;39:1;40:1;46:1;47:1;50:1;61:1
group_1393	group_5291	TP	27	75	8.748056	TP:group_1393--group_5291	1:2;3:13;4:11;6:3;7:1;9:17;11:1;12:1;13:4;14:3;15:2;18:1;19:1;21:1;23:2;24:1;29:1;30:1;31:1;32:1;34:1;39:1;40:1;46:1;47:1;50:1;61:1
group_1393	group_2605	TP	28	76	8.968945	TP:group_1393--group_2605	1:2;3:13;4:11;6:3;7:1;9:17;11:1;12:1;13:4;14:3;15:2;18:1;19:1;20:1;21:1;23:2;24:1;29:1;30:1;31:1;32:1;34:1;39:1;40:1;46:1;47:1;50:1;61:1
group_1393	gutB	TP	24	72	8.1	TP:group_1393--gutB	1:2;3:13;4:11;6:3;7:1;9:17;11:1;13:4;14:3;15:2;18:1;20:1;23:2;24:1;30:1;31:1;32:1;34:1;39:1;40:1;46:1;47:1;50:1;61:1
group_2386	group_4888	TP	34	66	9.766816	TP:group_2386--group_4888	1:2;6:4;9:19;10:1;11:1;12:1;14:2;16:1;18:1;20:2;21:1;23:1;24:1;25:1;26:1;28:1;29:1;30:1;31:2;32:3;33:2;34:2;35:1;36:1;38:3;40:1;42:1;44:1;46:1;50:2;51:1;54:1;58:1;62:1
group_2386	group_4882	TP	35	69	10.372549	TP:group_2386--group_4882	1:2;6:4;9:19;10:1;11:1;12:1;14:2;16:1;18:1;20:4;21:1;23:1;24:1;25:1;26:1;28:1;29:1;30:1;31:2;32:3;33:2;34:2;35:1;36:1;38:3;40:1;42:1;44:1;46:1;50:2;51:1;53:1;54:1;58:1;62:1
group_2386	group_3724	TP	37	69	10.463737	TP:group_2386--group_3724	1:1;2:1;6:4;9:19;10:1;11:1;12:1;14:2;15:1;16:1;18:1;20:4;21:1;23:1;24:1;25:1;26:1;28:1;29:1;30:1;31:1;32:3;33:2;34:2;35:1;36:1;38:3;40:1;42:1;44:1;46:1;50:2;51:1;53:1;54:1;58:1;62:1
group_4441	group_8256	TP	13	56	4.5581393	TP:group_4441--group_8256	2:2;3:14;6:3;8:1;9:21;12:3;15:2;20:4;42:1;46:1;48:1;51:1;61:2
group_4441	Int-Tn_1	TP	13	55	4.4160585	TP:group_4441--Int-Tn_1	3:14;6:3;8:1;9:21;12:3;15:2;20:4;27:1;42:1;46:1;48:1;51:1;61:2
group_4441	group_3705	TP	13	55	4.4160585	TP:group_4441--group_3705	3:14;6:3;8:1;9:21;12:3;15:2;20:4;27:1;42:1;46:1;48:1;51:1;61:2
group_4441	group_5408	TP	13	55	4.4160585	TP:group_4441--group_5408	3:14;6:3;8:1;9:21;12:3;15:2;20:4;27:1;42:1;46:1;48:1;51:1;61:2
group_4441	group_4837	TP	14	56	4.571429	TP:group_4441--group_4837	3:14;6:3;8:1;9:21;12:3;15:2;20:4;27:1;42:1;46:1;48:1;51:1;54:1;61:2
group_4441	group_5357	TP	14	56	4.571429	TP:group_4441--group_5357	3:14;6:3;8:1;9:21;12:3;15:2;20:4;27:1;42:1;46:1;48:1;51:1;54:1;61:2
group_4441	group_5358	TP	14	56	4.571429	TP:group_4441--group_5358	3:14;6:3;8:1;9:21;12:3;15:2;20:4;27:1;42:1;46:1;48:1;51:1;54:1;61:2
group_4441	group_5359	TP	14	56	4.571429	TP:group_4441--group_5359	3:14;6:3;8:1;9:21;12:3;15:2;20:4;27:1;42:1;46:1;48:1;51:1;54:1;61:2
group_4441	iap	TP	14	56	4.571429	TP:group_4441--iap	3:14;6:3;8:1;9:21;12:3;15:2;20:4;27:1;42:1;46:1;48:1;51:1;54:1;61:2
group_4441	group_4892	TP	13	55	4.4160585	TP:group_4441--group_4892	3:14;6:3;8:1;9:21;12:3;15:2;20:4;27:1;42:1;46:1;48:1;51:1;61:2
group_4441	group_5412	TP	13	55	4.4160585	TP:group_4441--group_5412	3:14;6:3;8:1;9:21;12:3;15:2;20:4;27:1;42:1;46:1;48:1;51:1;61:2
group_4441	group_5411	TP	13	55	4.4160585	TP:group_4441--group_5411	3:14;6:3;8:1;9:21;12:3;15:2;20:4;27:1;42:1;46:1;48:1;51:1;61:2
group_4441	group_5991	TP	13	55	4.4160585	TP:group_4441--group_5991	3:14;6:3;8:1;9:21;12:3;15:2;20:4;27:1;42:1;46:1;48:1;51:1;61:2
group_4441	group_3024	TP	14	56	4.571429	TP:group_4441--group_3024	3:14;6:3;8:1;9:21;12:3;15:2;20:4;27:1;42:1;46:1;48:1;51:1;54:1;61:2
group_4441	group_4895	TP	14	56	4.571429	TP:group_4441--group_4895	3:14;6:3;8:1;9:21;12:3;15:2;20:4;27:1;42:1;46:1;48:1;51:1;54:1;61:2
group_4441	erm	TP	14	56	4.571429	TP:group_4441--erm	3:14;6:3;8:1;9:21;12:3;15:2;20:4;27:1;42:1;46:1;48:1;51:1;54:1;61:2
group_4441	group_5422	TP	14	56	4.571429	TP:group_4441--group_5422	3:14;6:3;8:1;9:21;12:3;15:2;20:4;27:1;42:1;46:1;48:1;51:1;54:1;61:2
group_4441	tetM	TP	14	56	4.571429	TP:group_4441--tetM	3:14;6:3;8:1;9:21;12:3;15:2;20:4;27:1;42:1;46:1;48:1;51:1;54:1;61:2
group_2492	group_1349	TP	11	27	5.481203	TP:group_2492--group_1349	2:2;4:7;8:8;10:1;15:1;21:1;32:3;37:1;39:1;56:1;60:1
phnV_2	group_5361	TP	14	29	8.009523	TP:phnV_2--group_5361	4:1;9:7;14:5;21:2;26:1;28:1;29:1;30:3;31:1;37:1;40:3;50:1;52:1;61:1
phnV_2	Int-Tn_2	TP	14	29	8.009523	TP:phnV_2--Int-Tn_2	4:1;9:7;14:5;21:2;26:1;28:1;29:1;30:3;31:1;37:1;40:3;50:1;52:1;61:1
phnV_2	group_4888	TP	16	32	9.309091	TP:phnV_2--group_4888	1:2;4:1;9:7;14:5;21:2;26:1;28:1;29:1;30:3;31:1;37:1;40:3;50:1;52:1;61:1;62:1
phnV_2	group_5944	TP	14	29	8.009523	TP:phnV_2--group_5944	4:1;9:7;14:5;21:2;26:1;28:1;29:1;30:3;31:1;37:1;40:3;50:1;52:1;61:1
phnV_2	group_5945	TP	14	29	8.009523	TP:phnV_2--group_5945	4:1;9:7;14:5;21:2;26:1;28:1;29:1;30:3;31:1;37:1;40:3;50:1;52:1;61:1
phnV_2	group_5360	TP	14	29	8.009523	TP:phnV_2--group_5360	4:1;9:7;14:5;21:2;26:1;28:1;29:1;30:3;31:1;37:1;40:3;50:1;52:1;61:1
phnV_2	group_3024	TP	15	30	8.490566	TP:phnV_2--group_3024	1:1;4:1;9:7;14:5;21:2;26:1;28:1;29:1;30:3;31:1;37:1;40:3;50:1;52:1;61:1
phnV_2	erm	TP	15	30	8.490566	TP:phnV_2--erm	1:1;4:1;9:7;14:5;21:2;26:1;28:1;29:1;30:3;37:1;40:3;50:1;52:1;61:1;62:1
phnV_2	group_4882	TP	16	32	9.309091	TP:phnV_2--group_4882	1:2;4:1;9:7;14:5;21:2;26:1;28:1;29:1;30:3;31:1;37:1;40:3;50:1;52:1;61:1;62:1
phnV_2	group_5422	TP	15	30	8.490566	TP:phnV_2--group_5422	1:1;4:1;9:7;14:5;21:2;26:1;28:1;29:1;30:3;37:1;40:3;50:1;52:1;61:1;62:1
phnV_2	group_4448	TP	16	32	9.309091	TP:phnV_2--group_4448	1:2;2:1;4:1;9:7;14:5;21:2;26:1;28:1;29:1;30:3;31:1;40:3;50:1;52:1;61:1;62:1
phnV_2	tetM	TP	16	32	9.309091	TP:phnV_2--tetM	1:2;4:1;9:7;14:5;21:2;26:1;28:1;29:1;30:3;31:1;37:1;40:3;50:1;52:1;61:1;62:1
phnV_2	group_3724	TP	16	31	8.981308	TP:phnV_2--group_3724	1:1;4:1;9:7;14:5;21:2;26:1;28:1;29:1;30:3;31:1;37:1;40:3;50:1;52:1;61:1;62:1
phnV_2	group_624	TP	17	33	9.810811	TP:phnV_2--group_624	1:2;2:1;4:1;9:7;14:5;21:2;26:1;28:1;29:1;30:3;31:1;37:1;40:3;50:1;52:1;61:1;62:1
group_4408	group_1077	TP	6	28	4.0833335	TP:group_4408--group_1077	1:2;4:9;9:9;20:4;21:3;53:1
group_4408	group_4444	TP	7	28	4.0833335	TP:group_4408--group_4444	1:1;3:1;4:8;9:10;20:4;21:3;53:1
group_4408	group_2046	TP	7	30	4.245283	TP:group_4408--group_2046	1:2;3:1;4:9;9:10;20:4;21:3;53:1
group_4408	phnU	TP	7	30	4.245283	TP:group_4408--phnU	1:2;3:1;4:9;9:10;20:4;21:3;53:1
group_4408	Int-Tn_1	TP	7	30	4.245283	TP:group_4408--Int-Tn_1	1:2;3:1;4:9;9:10;20:4;21:3;53:1
group_4408	group_1962	TP	7	30	4.245283	TP:group_4408--group_1962	1:2;3:1;4:9;9:10;20:4;21:3;53:1
group_4408	group_3705	TP	7	30	4.245283	TP:group_4408--group_3705	1:2;3:1;4:9;9:10;20:4;21:3;53:1
group_4408	group_5408	TP	7	30	4.245283	TP:group_4408--group_5408	1:2;3:1;4:9;9:10;20:4;21:3;53:1
group_4408	group_5410	TP	7	30	4.245283	TP:group_4408--group_5410	1:2;3:1;4:9;9:10;20:4;21:3;53:1
group_4408	group_5409	TP	7	30	4.245283	TP:group_4408--group_5409	1:2;3:1;4:9;9:10;20:4;21:3;53:1
group_4408	group_2704	TP	7	30	4.245283	TP:group_4408--group_2704	1:2;3:1;4:9;9:10;20:4;21:3;53:1
group_4408	group_4892	TP	7	30	4.245283	TP:group_4408--group_4892	1:2;3:1;4:9;9:10;20:4;21:3;53:1
group_4408	group_5412	TP	7	30	4.245283	TP:group_4408--group_5412	1:2;3:1;4:9;9:10;20:4;21:3;53:1
group_4408	group_3419	TP	7	30	4.245283	TP:group_4408--group_3419	1:2;3:1;4:9;9:10;20:4;21:3;53:1
group_4408	group_5411	TP	7	30	4.245283	TP:group_4408--group_5411	1:2;3:1;4:9;9:10;20:4;21:3;53:1
group_4408	group_5991	TP	7	30	4.245283	TP:group_4408--group_5991	1:2;3:1;4:9;9:10;20:4;21:3;53:1
group_4408	group_5422	TP	6	29	3.985782	TP:group_4408--group_5422	1:2;3:1;4:9;9:10;20:4;21:3
group_4408	tetM	TP	7	30	4.245283	TP:group_4408--tetM	1:2;3:1;4:9;9:10;20:4;21:3;53:1
group_4408	group_3724	TP	7	30	4.245283	TP:group_4408--group_3724	1:2;3:1;4:9;9:10;20:4;21:3;53:1
group_4408	galT_2	TP	7	30	4.245283	TP:group_4408--galT_2	1:2;3:1;4:9;9:10;20:4;21:3;53:1
group_1130	group_3703	TP	8	20	5.4054055	TP:group_1130--group_3703	4:2;6:5;8:1;13:5;14:4;24:1;40:1;59:1
group_1130	group_1077	TP	8	20	5.714286	TP:group_1130--group_1077	4:3;6:5;8:1;13:4;14:4;24:1;40:1;59:1
group_1130	pbpX_1	TP	8	21	5.5822783	TP:group_1130--pbpX_1	4:3;6:5;8:1;13:5;14:4;24:1;40:1;59:1
group_1130	gutB	TP	8	21	5.5822783	TP:group_1130--gutB	4:3;6:5;8:1;13:5;14:4;24:1;40:1;59:1
group_1130	group_1119	TP	8	21	5.5822783	TP:group_1130--group_1119	4:3;6:5;8:1;13:5;14:4;24:1;40:1;59:1
group_1130	group_4837	TP	8	21	5.5822783	TP:group_1130--group_4837	4:3;6:5;8:1;13:5;14:4;24:1;40:1;59:1
group_1130	group_5355	TP	8	21	5.5822783	TP:group_1130--group_5355	4:3;6:5;8:1;13:5;14:4;24:1;40:1;59:1
group_1130	group_5357	TP	8	21	5.5822783	TP:group_1130--group_5357	4:3;6:5;8:1;13:5;14:4;24:1;40:1;59:1
group_1130	group_4581	TP	8	21	5.5822783	TP:group_1130--group_4581	4:3;6:5;8:1;13:5;14:4;24:1;40:1;59:1
group_1130	ftsK_1	TP	8	21	5.5822783	TP:group_1130--ftsK_1	4:3;6:5;8:1;13:5;14:4;24:1;40:1;59:1
group_1130	group_5358	TP	8	21	5.5822783	TP:group_1130--group_5358	4:3;6:5;8:1;13:5;14:4;24:1;40:1;59:1
group_1130	group_5359	TP	8	21	5.5822783	TP:group_1130--group_5359	4:3;6:5;8:1;13:5;14:4;24:1;40:1;59:1
group_1130	group_5416	TP	8	20	5.4054055	TP:group_1130--group_5416	4:2;6:5;8:1;13:5;14:4;24:1;40:1;59:1
group_1130	group_5942	TP	8	21	5.5822783	TP:group_1130--group_5942	4:3;6:5;8:1;13:5;14:4;24:1;40:1;59:1
group_1130	iap	TP	8	21	5.5822783	TP:group_1130--iap	4:3;6:5;8:1;13:5;14:4;24:1;40:1;59:1
group_1130	group_5361	TP	8	21	5.5822783	TP:group_1130--group_5361	4:3;6:5;8:1;13:5;14:4;24:1;40:1;59:1
group_1130	Int-Tn_2	TP	8	21	5.5822783	TP:group_1130--Int-Tn_2	4:3;6:5;8:1;13:5;14:4;24:1;40:1;59:1
group_1130	group_4888	TP	8	21	5.5822783	TP:group_1130--group_4888	4:3;6:5;8:1;13:5;14:4;24:1;40:1;59:1
group_1130	group_5944	TP	8	21	5.5822783	TP:group_1130--group_5944	4:3;6:5;8:1;13:5;14:4;24:1;40:1;59:1
group_1130	group_5945	TP	8	21	5.5822783	TP:group_1130--group_5945	4:3;6:5;8:1;13:5;14:4;24:1;40:1;59:1
group_1130	group_5360	TP	8	21	5.5822783	TP:group_1130--group_5360	4:3;6:5;8:1;13:5;14:4;24:1;40:1;59:1
group_1130	group_3024	TP	8	21	5.5822783	TP:group_1130--group_3024	4:3;6:5;8:1;13:5;14:4;24:1;40:1;59:1
group_1130	group_4895	TP	8	21	5.5822783	TP:group_1130--group_4895	4:3;6:5;8:1;13:5;14:4;24:1;40:1;59:1
group_1130	erm	TP	8	21	5.5822783	TP:group_1130--erm	4:3;6:5;8:1;13:5;14:4;24:1;40:1;59:1
group_1130	group_4882	TP	8	21	5.5822783	TP:group_1130--group_4882	4:3;6:5;8:1;13:5;14:4;24:1;40:1;59:1
group_1130	group_5422	TP	8	21	5.5822783	TP:group_1130--group_5422	4:3;6:5;8:1;13:5;14:4;24:1;40:1;59:1
group_1130	group_4894	TP	8	21	5.5822783	TP:group_1130--group_4894	4:3;6:5;8:1;13:5;14:4;24:1;40:1;59:1
group_1130	tetM	TP	8	21	5.5822783	TP:group_1130--tetM	4:3;6:5;8:1;13:5;14:4;24:1;40:1;59:1
group_1130	group_3724	TP	8	21	5.5822783	TP:group_1130--group_3724	4:3;6:5;8:1;13:5;14:4;24:1;40:1;59:1
group_1130	group_1754	TP	8	21	5.5822783	TP:group_1130--group_1754	4:3;6:5;8:1;13:5;14:4;24:1;40:1;59:1
group_1130	galT_2	TP	8	21	5.5822783	TP:group_1130--galT_2	4:3;6:5;8:1;13:5;14:4;24:1;40:1;59:1
group_1130	group_1976	TP	8	21	5.5822783	TP:group_1130--group_1976	4:3;6:5;8:1;13:5;14:4;24:1;40:1;59:1
group_1130	group_4451	TP	8	21	5.5822783	TP:group_1130--group_4451	4:3;6:5;8:1;13:5;14:4;24:1;40:1;59:1
group_1130	group_1359	TP	8	21	5.5822783	TP:group_1130--group_1359	4:3;6:5;8:1;13:5;14:4;24:1;40:1;59:1
group_1130	group_1656	TP	8	21	5.5822783	TP:group_1130--group_1656	4:3;6:5;8:1;13:5;14:4;24:1;40:1;59:1
group_1130	group_624	TP	8	21	5.5822783	TP:group_1130--group_624	4:3;6:5;8:1;13:5;14:4;24:1;40:1;59:1
group_2577	pbpX_1	TP	16	36	8.307693	TP:group_2577--pbpX_1	1:3;3:1;5:1;7:1;8:10;10:1;11:2;14:3;16:1;24:3;29:1;32:3;36:1;50:2;54:2;55:1
group_2577	group_2704	TP	16	37	8.398773	TP:group_2577--group_2704	1:4;3:1;5:1;7:1;8:10;10:1;11:2;14:3;16:1;24:3;29:1;32:3;36:1;50:2;54:2;55:1
group_2577	group_4888	TP	16	37	8.398773	TP:group_2577--group_4888	1:4;3:1;5:1;7:1;8:10;10:1;11:2;14:3;16:1;24:3;29:1;32:3;36:1;50:2;54:2;55:1
group_2577	group_4895	TP	17	38	8.804878	TP:group_2577--group_4895	1:4;2:1;3:1;5:1;7:1;8:10;10:1;11:2;14:3;16:1;24:3;29:1;32:3;36:1;50:2;54:2;55:1
group_2577	erm	TP	17	38	8.804878	TP:group_2577--erm	1:4;2:1;3:1;5:1;7:1;8:10;10:1;11:2;14:3;16:1;24:3;29:1;32:3;36:1;50:2;54:2;55:1
group_2577	group_4882	TP	16	37	8.398773	TP:group_2577--group_4882	1:4;3:1;5:1;7:1;8:10;10:1;11:2;14:3;16:1;24:3;29:1;32:3;36:1;50:2;54:2;55:1
group_2577	group_5422	TP	17	38	8.804878	TP:group_2577--group_5422	1:4;2:1;3:1;5:1;7:1;8:10;10:1;11:2;14:3;16:1;24:3;29:1;32:3;36:1;50:2;54:2;55:1
group_2577	group_3724	TP	17	38	8.804878	TP:group_2577--group_3724	1:4;2:1;3:1;5:1;7:1;8:10;10:1;11:2;14:3;16:1;24:3;29:1;32:3;36:1;50:2;54:2;55:1
group_2577	group_4451	TP	16	37	8.398773	TP:group_2577--group_4451	1:4;3:1;5:1;7:1;8:10;10:1;11:2;14:3;16:1;24:3;29:1;32:3;36:1;50:2;54:2;55:1
group_2577	group_624	TP	16	37	8.398773	TP:group_2577--group_624	1:4;3:1;5:1;7:1;8:10;10:1;11:2;14:3;16:1;24:3;29:1;32:3;36:1;50:2;54:2;55:1
group_711	group_5093	TP	6	19	2.7984495	TP:group_711--group_5093	7:1;9:10;14:5;21:1;42:1;45:1
group_711	group_4444	TP	6	19	2.7984495	TP:group_711--group_4444	7:1;9:10;14:5;21:1;42:1;45:1
group_711	group_4891	TP	6	19	2.7984495	TP:group_711--group_4891	7:1;9:10;14:5;21:1;42:1;45:1
group_711	group_5990	TP	6	19	2.7984495	TP:group_711--group_5990	7:1;9:10;14:5;21:1;42:1;45:1
group_711	Int-Tn_1	TP	6	19	2.7984495	TP:group_711--Int-Tn_1	7:1;9:10;14:5;21:1;42:1;45:1
group_711	group_3705	TP	6	19	2.7984495	TP:group_711--group_3705	7:1;9:10;14:5;21:1;42:1;45:1
group_711	group_5408	TP	6	19	2.7984495	TP:group_711--group_5408	7:1;9:10;14:5;21:1;42:1;45:1
group_711	group_4892	TP	6	19	2.7984495	TP:group_711--group_4892	7:1;9:10;14:5;21:1;42:1;45:1
group_711	group_5412	TP	6	19	2.7984495	TP:group_711--group_5412	7:1;9:10;14:5;21:1;42:1;45:1
group_711	group_3419	TP	6	19	2.7984495	TP:group_711--group_3419	7:1;9:10;14:5;21:1;42:1;45:1
group_711	group_5411	TP	6	19	2.7984495	TP:group_711--group_5411	7:1;9:10;14:5;21:1;42:1;45:1
group_711	group_5991	TP	6	19	2.7984495	TP:group_711--group_5991	7:1;9:10;14:5;21:1;42:1;45:1
group_711	group_4888	TP	6	19	2.7984495	TP:group_711--group_4888	7:1;9:10;14:5;21:1;42:1;45:1
group_711	sarA_2	TP	6	19	2.7984495	TP:group_711--sarA_2	7:1;9:10;14:5;21:1;42:1;45:1
group_711	group_4882	TP	6	19	2.7984495	TP:group_711--group_4882	7:1;9:10;14:5;21:1;42:1;45:1
group_711	group_5418	TP	6	19	2.7984495	TP:group_711--group_5418	7:1;9:10;14:5;21:1;42:1;45:1
group_711	group_5996	TP	6	19	2.7984495	TP:group_711--group_5996	7:1;9:10;14:5;21:1;42:1;45:1
group_711	group_5997	TP	6	19	2.7984495	TP:group_711--group_5997	7:1;9:10;14:5;21:1;42:1;45:1
group_711	group_624	TP	7	20	3.0769231	TP:group_711--group_624	2:1;7:1;9:10;14:5;21:1;42:1;45:1
group_1314	group_1962	TP	14	23	10.372549	TP:group_1314--group_1962	2:1;4:3;7:1;8:1;11:2;14:4;21:1;26:1;30:1;32:3;34:2;36:1;46:1;68:1
group_1314	group_4888	TP	13	22	9.68	TP:group_1314--group_4888	4:3;7:1;8:1;11:2;14:4;21:1;26:1;30:1;32:3;34:2;36:1;46:1;68:1
group_1314	group_4882	TP	13	22	9.68	TP:group_1314--group_4882	4:3;7:1;8:1;11:2;14:4;21:1;26:1;30:1;32:3;34:2;36:1;46:1;68:1
group_1314	group_624	TP	14	24	10.666667	TP:group_1314--group_624	2:2;4:3;7:1;8:1;11:2;14:4;21:1;26:1;30:1;32:3;34:2;36:1;46:1;68:1
group_1296	group_1077	TP	8	19	4.05618	TP:group_1296--group_1077	8:1;13:8;14:4;31:2;32:1;36:1;52:1;58:1
group_1296	group_5414	TP	8	19	4.05618	TP:group_1296--group_5414	8:1;13:8;14:4;31:2;32:1;36:1;52:1;58:1
group_1296	group_5993	TP	8	19	4.05618	TP:group_1296--group_5993	8:1;13:8;14:4;31:2;32:1;36:1;52:1;58:1
group_1296	group_5996	TP	8	19	4.05618	TP:group_1296--group_5996	8:1;13:8;14:4;31:2;32:1;36:1;52:1;58:1
group_1296	group_5997	TP	8	19	4.05618	TP:group_1296--group_5997	8:1;13:8;14:4;31:2;32:1;36:1;52:1;58:1
glf	group_1186	TP	4	9	2.0769231	TP:glf--group_1186	8:6;34:1;39:1;46:1
glf	group_3475	TP	5	10	2.5	TP:glf--group_3475	8:6;13:1;34:1;39:1;46:1
glf	group_437	TP	5	11	2.8139534	TP:glf--group_437	8:6;13:2;34:1;39:1;46:1
group_4266	group_3153	TP	3	8	2.4615386	TP:group_4266--group_3153	1:3;2:4;9:1
group_4266	group_5503	TP	3	8	2.4615386	TP:group_4266--group_5503	1:3;2:4;9:1
group_4266	group_6036	TP	3	8	2.4615386	TP:group_4266--group_6036	1:3;2:4;9:1
group_4266	group_6134	TP	3	8	2.4615386	TP:group_4266--group_6134	1:3;2:4;9:1
group_4266	group_6148	TP	3	8	2.4615386	TP:group_4266--group_6148	1:3;2:4;9:1
group_4266	group_5626	TP	3	8	2.4615386	TP:group_4266--group_5626	1:3;2:4;9:1
group_4266	group_6468	TP	3	8	2.4615386	TP:group_4266--group_6468	1:3;2:4;9:1
group_4266	group_6480	TP	3	8	2.4615386	TP:group_4266--group_6480	1:3;2:4;9:1
group_4266	group_6132	TP	3	8	2.4615386	TP:group_4266--group_6132	1:3;2:4;9:1
group_4266	group_4531	TP	3	8	2.4615386	TP:group_4266--group_4531	1:3;2:4;9:1
group_4266	group_5501	TP	3	8	2.4615386	TP:group_4266--group_5501	1:3;2:4;9:1
group_4266	group_5502	TP	3	8	2.4615386	TP:group_4266--group_5502	1:3;2:4;9:1
group_4266	group_6467	TP	3	8	2.4615386	TP:group_4266--group_6467	1:3;2:4;9:1
group_4266	group_6478	TP	3	8	2.4615386	TP:group_4266--group_6478	1:3;2:4;9:1
group_4266	group_6479	TP	3	8	2.4615386	TP:group_4266--group_6479	1:3;2:4;9:1
group_4266	group_6481	TP	3	8	2.4615386	TP:group_4266--group_6481	1:3;2:4;9:1
group_4266	group_6482	TP	3	8	2.4615386	TP:group_4266--group_6482	1:3;2:4;9:1
group_4266	group_6477	TP	3	8	2.4615386	TP:group_4266--group_6477	1:3;2:4;9:1
group_4266	group_6476	TP	3	8	2.4615386	TP:group_4266--group_6476	1:3;2:4;9:1
group_4266	group_2868	TP	3	8	2.4615386	TP:group_4266--group_2868	1:3;2:4;9:1
group_4266	group_3051	TP	3	8	2.4615386	TP:group_4266--group_3051	1:3;2:4;9:1
group_4266	group_437	TP	3	8	2.4615386	TP:group_4266--group_437	1:3;2:4;9:1
gyrB	aguA	TT	3	7	2.5789473	TT:gyrB--aguA	7:1;16:3;27:3
