HC_level	n_clusters	largest_cluster_size	median_cluster_size	singleton_count	singleton_fraction	NMI_to_previous	ARI_to_previous	silhouette	mean_within_distance	mean_between_distance
0	518	4	1.0	508	0.951310861423221	NA	NA	0.04868913857677903	0.0	238.05443185651637
1	483	14	1.0	467	0.8745318352059925	0.9866509929697883	0.21078098514684654	0.07180110504487641	1.5743589743589743	238.34038391173408
2	448	31	1.0	422	0.7902621722846442	0.9832286121145306	0.4648248749176863	0.09473197924531661	3.1588785046728973	239.08025750164114
3	410	46	1.0	380	0.7116104868913857	0.9788866293901576	0.6407652395283703	0.1253807730114099	4.152029520295203	240.26407531428248
4	374	52	1.0	343	0.6423220973782772	0.9789808358873001	0.8265581781248081	0.1647870995548831	4.77348643006263	241.19906691833754
5	339	55	1.0	300	0.5617977528089888	0.9793320783313485	0.8675092307909893	0.19982267571396417	5.541549578482537	242.15766700042911
6	315	58	1.0	272	0.5093632958801498	0.9877421016585295	0.9410414062836762	0.24044579981868813	5.888451912763675	242.66968906346315
7	297	59	1.0	254	0.4756554307116105	0.9899111721677244	0.9612033466638866	0.2812133876949141	6.234923790589795	243.0378554557659
8	278	62	1.0	234	0.43820224719101125	0.9841444089076034	0.8970151880942029	0.3028493251844029	7.486325480639047	244.15762743655225
9	264	74	1.0	222	0.4157303370786517	0.9838098374006754	0.8723289230325622	0.30437882069019584	9.154073448712538	245.8979378221017
10	250	76	1.0	208	0.3895131086142322	0.9907052779657718	0.9692510057367077	0.3181175308181935	9.498011137629277	246.3854446653992
11	237	79	1.0	194	0.36329588014981273	0.9907871158230346	0.9673150489129833	0.34404614004780304	10.009337068160598	246.93105084844768
12	223	86	1.0	180	0.33707865168539325	0.986229701248223	0.9305456116076984	0.3568787719520535	11.191993464052288	248.2087215748471
13	214	87	1.0	171	0.3202247191011236	0.9933263943448045	0.9844311667255727	0.4024750062989519	11.401427438540841	248.52141082011087
14	206	87	1.0	162	0.30337078651685395	0.9957650666236272	0.9969383643001571	0.41129841277781926	11.436297697887102	248.58430965881928
15	199	88	1.0	153	0.28651685393258425	0.99611254886302	0.991566063503301	0.4180179282018621	11.639255236617533	248.75446395713425
16	195	89	1.0	150	0.2808988764044944	0.9958703549868461	0.9892179807030942	0.4307103114412958	11.883264933880529	248.97672619573865
17	190	90	1.0	145	0.27153558052434457	0.995871888622336	0.9897376707061772	0.44902156006628513	12.176777463109255	249.18950310467397
18	188	90	1.0	143	0.26779026217228463	0.99825752816641	0.9953270209071291	0.45453708114182073	12.278327670261486	249.28934942674596
19	182	92	1.0	137	0.2565543071161049	0.9943497756399475	0.9825207951889198	0.47142647916067704	12.779794226921977	249.66452595094336
20	178	92	1.0	132	0.24719101123595505	0.9977676584464606	0.9984242155151419	0.47924544801490615	12.814930901837869	249.69947225260918
21	169	92	1.0	122	0.22846441947565543	0.9937243863374877	0.9918922167017417	0.5024257029744239	13.026374859708193	249.87932654253862
22	165	92	1.0	118	0.2209737827715356	0.9967197978584923	0.993977557650989	0.5077229863130065	13.23106796116505	250.0121612719373
23	160	92	1.0	113	0.21161048689138576	0.9962289429494539	0.995344420051043	0.5119796048197003	13.359087159747045	250.11748631856454
24	151	92	1.0	104	0.1947565543071161	0.98912047758559	0.9747254976462173	0.5080716162115446	14.497706722578954	250.6805539055539
25	148	92	1.0	101	0.1891385767790262	0.9972590910779284	0.9955864374573453	0.5155527756116566	14.678232618583495	250.78252213704167
26	147	92	1.0	100	0.18726591760299627	0.9990244292440034	0.9986278507054592	0.5185404313261597	14.718211276733635	250.81531397664122
27	142	92	1.0	94	0.1760299625468165	0.9966439351742232	0.9950199848486725	0.5270097270797137	14.91255778120185	250.93218260074485
28	139	92	1.0	92	0.17228464419475656	0.992953213899264	0.9806432571827568	0.5104870538224188	15.707353305273582	251.39425476596665
29	134	92	1.0	88	0.1647940074906367	0.9940401312577358	0.9892754110896479	0.5139966870729462	16.368919082858184	251.64364352418175
30	132	92	1.0	86	0.16104868913857678	0.9977311900668642	0.9957663662638732	0.5397909944207374	16.562281863040077	251.7475336189012
31	128	92	1.0	84	0.15730337078651685	0.9936303450547325	0.9837486566425941	0.5584846377075662	17.333138788373994	252.15184232563703
32	125	93	1.0	81	0.15168539325842698	0.9968447990445052	0.9920449020431218	0.5699846666628141	17.69123735050598	252.3552445458968
33	122	93	1.0	81	0.15168539325842698	0.9957473788303031	0.9959116584161001	0.5568964051036148	17.85724067100308	252.4620810495103
34	117	93	1.0	77	0.1441947565543071	0.9931820927848208	0.9900551437359889	0.557179559728573	18.505152329749105	252.708928424162
35	114	94	1.0	75	0.1404494382022472	0.9962494118735837	0.9930514761313217	0.5697609418512217	18.83117744610282	252.89241817117644
36	108	94	1.0	68	0.12734082397003746	0.9954967088307388	0.996879875003337	0.5913967789204764	18.97296109034953	252.97585821203637
37	104	94	1.0	65	0.12172284644194757	0.9948338836121472	0.9953805549498131	0.5927549227411927	19.29018197668083	253.09284630522632
38	101	94	1.0	62	0.11610486891385768	0.9975175404235427	0.9984877636261165	0.6193986281263756	19.401716831468	253.13080355801304
39	98	94	1.0	61	0.11423220973782772	0.9888527655377517	0.9719494218118239	0.6399880542650879	21.15951742627346	253.87468800193042
40	97	94	1.0	61	0.11423220973782772	0.9895298713497397	0.9594247872055962	0.6202328292400732	24.986899980875883	254.91248587442075
41	96	94	1.0	59	0.1104868913857678	0.9996072556250514	0.9999483998807592	0.6229521015198757	24.988431016349555	254.914108242575
42	96	94	1.0	59	0.1104868913857678	1.0	1.0	0.6229521015198757	24.988431016349555	254.914108242575
43	92	94	1.0	55	0.10299625468164794	0.9967235818315388	0.99829974055063	0.6278197261365634	25.059378574151733	254.96602159021083
44	91	94	1.0	53	0.09925093632958802	0.9996043617846415	0.9999485538201794	0.6288753159300778	25.06118364624035	254.96762202430625
45	91	94	1.0	53	0.09925093632958802	1.0	1.0	0.6288753159300778	25.06118364624035	254.96762202430625
46	91	94	1.0	53	0.09925093632958802	1.0	1.0	0.6288753159300778	25.06118364624035	254.96762202430625
47	90	94	1.0	52	0.09737827715355805	0.9985506704220309	0.9970238230774623	0.68264504739255	25.33143777840963	255.04718427443837
48	89	94	1.0	50	0.09363295880149813	0.999602898626751	0.9999488185797302	0.6856071987911831	25.33358605003791	255.04875568272377
49	87	94	1.0	47	0.08801498127340825	0.9990546459245049	0.9998464825074063	0.6877558523043202	25.340502131691142	255.05343210176386
50	86	94	1.0	45	0.08426966292134831	0.9996018305870307	0.9999488364216553	0.688648950224458	25.342838196286472	255.0549884254867
51	86	94	1.0	45	0.08426966292134831	1.0	1.0	0.688648950224458	25.342838196286472	255.0549884254867
52	85	95	1.0	44	0.08239700374531835	0.9984031600828689	0.9952104498504193	0.695833166606418	25.636338028169014	255.19525144120126
53	82	95	1.5	41	0.07677902621722846	0.9972211586461553	0.9982771640026133	0.7052479397501954	25.737177087233245	255.2463628282951
54	81	95	2.0	40	0.0749063670411985	0.9988478473771881	0.9990394310664529	0.7135711785655591	25.799215173315893	255.27445140113062
55	80	95	1.5	40	0.0749063670411985	0.99869130024253	0.9993941316001714	0.7196956642132356	25.84003733084461	255.2920529499377
56	79	95	2.0	39	0.07303370786516854	0.9993443630734349	0.9998486302749172	0.7203108903900519	25.850345213659264	255.2964443397445
57	78	95	2.0	38	0.07116104868913857	0.9994427317481226	0.9998991084691887	0.7228402270741519	25.856996268656715	255.29938977589651
58	78	95	2.0	38	0.07116104868913857	1.0	1.0	0.7228402270741519	25.856996268656715	255.29938977589651
59	78	95	2.0	38	0.07116104868913857	1.0	1.0	0.7228402270741519	25.856996268656715	255.29938977589651
60	77	95	2.0	37	0.06928838951310862	0.9992100036913195	0.9997478467989293	0.7257024666792156	25.875990675990675	255.3065599683857
61	74	95	2.0	34	0.06367041198501873	0.9969573879610051	0.9963308208718891	0.7555328273034164	26.156880903871087	255.41084911757773
62	73	95	2.0	32	0.0599250936329588	0.9995919262377189	0.9999498953528086	0.7566278171995322	26.160200018520232	255.41231978830828
63	72	95	2.0	32	0.0599250936329588	0.9976873004112607	0.9964036232804913	0.7674838883271734	26.564437494250758	255.5044659160073
64	72	95	2.0	32	0.0599250936329588	1.0	1.0	0.7674838883271734	26.564437494250758	255.5044659160073
65	72	95	2.0	32	0.0599250936329588	1.0	1.0	0.7674838883271734	26.564437494250758	255.5044659160073
66	70	95	2.0	31	0.05805243445692884	0.9975590344065857	0.9989054611184196	0.7702275416601929	26.67896814468007	255.53329833051788
67	69	96	2.0	30	0.056179775280898875	0.998344557885046	0.9952967682938126	0.7954277214518761	27.07717510010921	255.66553459789984
68	69	96	2.0	30	0.056179775280898875	1.0	1.0	0.7954277214518761	27.07717510010921	255.66553459789984
69	68	96	2.0	30	0.056179775280898875	0.998749265355581	0.999507089602249	0.7917112880806162	27.120021822149482	255.67935391012315
70	68	96	2.0	30	0.056179775280898875	1.0	1.0	0.7917112880806162	27.120021822149482	255.67935391012315
71	68	96	2.0	30	0.056179775280898875	1.0	1.0	0.7917112880806162	27.120021822149482	255.67935391012315
72	68	96	2.0	30	0.056179775280898875	1.0	1.0	0.7917112880806162	27.120021822149482	255.67935391012315
73	68	96	2.0	30	0.056179775280898875	1.0	1.0	0.7917112880806162	27.120021822149482	255.67935391012315
74	68	96	2.0	30	0.056179775280898875	1.0	1.0	0.7917112880806162	27.120021822149482	255.67935391012315
75	67	96	2.0	30	0.056179775280898875	0.9985723857731444	0.9993106149243084	0.7884854005315233	27.21785325099891	255.69551938704788
76	67	96	2.0	30	0.056179775280898875	1.0	1.0	0.7884854005315233	27.21785325099891	255.69551938704788
77	66	96	2.0	29	0.054307116104868915	0.9990241758495807	0.9995572477206596	0.79429096853278	27.275111151438164	255.70637519993906
78	66	96	2.0	29	0.054307116104868915	1.0	1.0	0.79429096853278	27.275111151438164	255.70637519993906
79	66	96	2.0	29	0.054307116104868915	1.0	1.0	0.79429096853278	27.275111151438164	255.70637519993906
80	66	96	2.0	29	0.054307116104868915	1.0	1.0	0.79429096853278	27.275111151438164	255.70637519993906
81	66	96	2.0	29	0.054307116104868915	1.0	1.0	0.79429096853278	27.275111151438164	255.70637519993906
82	66	96	2.0	29	0.054307116104868915	1.0	1.0	0.79429096853278	27.275111151438164	255.70637519993906
83	66	96	2.0	29	0.054307116104868915	1.0	1.0	0.79429096853278	27.275111151438164	255.70637519993906
84	66	96	2.0	29	0.054307116104868915	1.0	1.0	0.79429096853278	27.275111151438164	255.70637519993906
85	66	96	2.0	29	0.054307116104868915	1.0	1.0	0.79429096853278	27.275111151438164	255.70637519993906
86	65	96	2.0	27	0.05056179775280899	0.9995832863408028	0.999950825746551	0.7959223322374279	27.280439121756487	255.7076678168011
87	65	96	2.0	27	0.05056179775280899	1.0	1.0	0.7959223322374279	27.280439121756487	255.7076678168011
88	65	96	2.0	27	0.05056179775280899	1.0	1.0	0.7959223322374279	27.280439121756487	255.7076678168011
89	65	96	2.0	27	0.05056179775280899	1.0	1.0	0.7959223322374279	27.280439121756487	255.7076678168011
90	65	96	2.0	27	0.05056179775280899	1.0	1.0	0.7959223322374279	27.280439121756487	255.7076678168011
91	65	96	2.0	27	0.05056179775280899	1.0	1.0	0.7959223322374279	27.280439121756487	255.7076678168011
92	65	96	2.0	27	0.05056179775280899	1.0	1.0	0.7959223322374279	27.280439121756487	255.7076678168011
93	65	96	2.0	27	0.05056179775280899	1.0	1.0	0.7959223322374279	27.280439121756487	255.7076678168011
94	65	96	2.0	27	0.05056179775280899	1.0	1.0	0.7959223322374279	27.280439121756487	255.7076678168011
95	65	96	2.0	27	0.05056179775280899	1.0	1.0	0.7959223322374279	27.280439121756487	255.7076678168011
96	65	96	2.0	27	0.05056179775280899	1.0	1.0	0.7959223322374279	27.280439121756487	255.7076678168011
97	65	96	2.0	27	0.05056179775280899	1.0	1.0	0.7959223322374279	27.280439121756487	255.7076678168011
98	64	96	2.0	26	0.04868913857677903	0.9989912693727281	0.9995084821524147	0.7984019376895883	27.348531544597535	255.71934582073294
99	64	96	2.0	26	0.04868913857677903	1.0	1.0	0.7984019376895883	27.348531544597535	255.71934582073294
100	64	96	2.0	26	0.04868913857677903	1.0	1.0	0.7984019376895883	27.348531544597535	255.71934582073294
101	64	96	2.0	26	0.04868913857677903	1.0	1.0	0.7984019376895883	27.348531544597535	255.71934582073294
102	64	96	2.0	26	0.04868913857677903	1.0	1.0	0.7984019376895883	27.348531544597535	255.71934582073294
103	64	96	2.0	26	0.04868913857677903	1.0	1.0	0.7984019376895883	27.348531544597535	255.71934582073294
104	64	96	2.0	26	0.04868913857677903	1.0	1.0	0.7984019376895883	27.348531544597535	255.71934582073294
105	63	96	2.0	25	0.04681647940074907	0.9994242701322216	0.9999017453981279	0.7978932757124166	27.363603407649084	255.72155823183041
106	63	96	2.0	25	0.04681647940074907	1.0	1.0	0.7978932757124166	27.363603407649084	255.72155823183041
107	62	96	2.0	24	0.0449438202247191	0.999089874862957	0.9996562373172362	0.8000999656403991	27.42179150439272	255.728841319418
108	62	96	2.0	24	0.0449438202247191	1.0	1.0	0.8000999656403991	27.42179150439272	255.728841319418
109	62	96	2.0	24	0.0449438202247191	1.0	1.0	0.8000999656403991	27.42179150439272	255.728841319418
110	62	96	2.0	24	0.0449438202247191	1.0	1.0	0.8000999656403991	27.42179150439272	255.728841319418
111	62	96	2.0	24	0.0449438202247191	1.0	1.0	0.8000999656403991	27.42179150439272	255.728841319418
112	61	96	2.0	23	0.04307116104868914	0.9990165524945251	0.999558312609544	0.8003554074463395	27.501900452488687	255.7377515027312
113	61	96	2.0	23	0.04307116104868914	1.0	1.0	0.8003554074463395	27.501900452488687	255.7377515027312
114	61	96	2.0	23	0.04307116104868914	1.0	1.0	0.8003554074463395	27.501900452488687	255.7377515027312
115	61	96	2.0	23	0.04307116104868914	1.0	1.0	0.8003554074463395	27.501900452488687	255.7377515027312
116	61	96	2.0	23	0.04307116104868914	1.0	1.0	0.8003554074463395	27.501900452488687	255.7377515027312
117	61	96	2.0	23	0.04307116104868914	1.0	1.0	0.8003554074463395	27.501900452488687	255.7377515027312
118	61	96	2.0	23	0.04307116104868914	1.0	1.0	0.8003554074463395	27.501900452488687	255.7377515027312
119	61	96	2.0	23	0.04307116104868914	1.0	1.0	0.8003554074463395	27.501900452488687	255.7377515027312
120	61	96	2.0	23	0.04307116104868914	1.0	1.0	0.8003554074463395	27.501900452488687	255.7377515027312
121	61	96	2.0	23	0.04307116104868914	1.0	1.0	0.8003554074463395	27.501900452488687	255.7377515027312
122	60	96	2.0	23	0.04307116104868914	0.9978688692694792	0.9985300851830877	0.7971024245178548	27.801083032490975	255.76466688511098
123	60	96	2.0	23	0.04307116104868914	1.0	1.0	0.7971024245178548	27.801083032490975	255.76466688511098
124	60	96	2.0	23	0.04307116104868914	1.0	1.0	0.7971024245178548	27.801083032490975	255.76466688511098
125	60	96	2.0	23	0.04307116104868914	1.0	1.0	0.7971024245178548	27.801083032490975	255.76466688511098
126	60	96	2.0	23	0.04307116104868914	1.0	1.0	0.7971024245178548	27.801083032490975	255.76466688511098
127	59	96	2.0	22	0.04119850187265917	0.9992385255390671	0.999804286627977	0.797543824772091	27.838145073980513	255.76848514406333
128	59	96	2.0	22	0.04119850187265917	1.0	1.0	0.797543824772091	27.838145073980513	255.76848514406333
129	59	96	2.0	22	0.04119850187265917	1.0	1.0	0.797543824772091	27.838145073980513	255.76848514406333
130	59	96	2.0	22	0.04119850187265917	1.0	1.0	0.797543824772091	27.838145073980513	255.76848514406333
131	59	96	2.0	22	0.04119850187265917	1.0	1.0	0.797543824772091	27.838145073980513	255.76848514406333
132	59	96	2.0	22	0.04119850187265917	1.0	1.0	0.797543824772091	27.838145073980513	255.76848514406333
133	59	96	2.0	22	0.04119850187265917	1.0	1.0	0.797543824772091	27.838145073980513	255.76848514406333
134	59	96	2.0	22	0.04119850187265917	1.0	1.0	0.797543824772091	27.838145073980513	255.76848514406333
135	59	96	2.0	22	0.04119850187265917	1.0	1.0	0.797543824772091	27.838145073980513	255.76848514406333
136	59	96	2.0	22	0.04119850187265917	1.0	1.0	0.797543824772091	27.838145073980513	255.76848514406333
137	59	96	2.0	22	0.04119850187265917	1.0	1.0	0.797543824772091	27.838145073980513	255.76848514406333
138	58	96	2.0	21	0.03932584269662921	0.9992373640835203	0.9998043512808021	0.7965649665269494	27.879599567099568	255.77193022564643
139	58	96	2.0	21	0.03932584269662921	1.0	1.0	0.7965649665269494	27.879599567099568	255.77193022564643
140	58	96	2.0	21	0.03932584269662921	1.0	1.0	0.7965649665269494	27.879599567099568	255.77193022564643
141	58	96	2.0	21	0.03932584269662921	1.0	1.0	0.7965649665269494	27.879599567099568	255.77193022564643
142	57	96	2.0	21	0.03932584269662921	0.9960343717309941	0.9955663828520264	0.7887484822833958	28.93389390822077	255.84019918860386
143	56	96	2.0	20	0.03745318352059925	0.9993079150861054	0.9998543988565427	0.7896134979319434	28.96637453049544	255.84262062549092
144	55	96	2.0	20	0.03745318352059925	0.9987088991686829	0.9995149208139988	0.786347950136122	29.072730521801287	255.8508454152335
145	54	96	2.5	20	0.03745318352059925	0.9991433891158218	0.9998060793052451	0.784271982428227	29.11557699178278	255.8541051748465
146	54	96	2.5	20	0.03745318352059925	1.0	1.0	0.784271982428227	29.11557699178278	255.8541051748465
147	54	96	2.5	20	0.03745318352059925	1.0	1.0	0.784271982428227	29.11557699178278	255.8541051748465
148	51	96	4.0	19	0.035580524344569285	0.9965643924711977	0.9986926909037491	0.7786030842711998	29.435266862692686	255.87343616501892
149	51	96	4.0	19	0.035580524344569285	1.0	1.0	0.7786030842711998	29.435266862692686	255.87343616501892
150	51	96	4.0	19	0.035580524344569285	1.0	1.0	0.7786030842711998	29.435266862692686	255.87343616501892
151	50	96	3.5	19	0.035580524344569285	0.9978371908308691	0.9987920901849582	0.7764228591145451	29.732841394025606	255.89109054424208
152	50	96	3.5	19	0.035580524344569285	1.0	1.0	0.7764228591145451	29.732841394025606	255.89109054424208
153	49	96	3.0	19	0.035580524344569285	0.9922594386340617	0.9819373507804784	0.7641930123656827	34.958462332301345	256.08374463396154
154	49	96	3.0	19	0.035580524344569285	1.0	1.0	0.7641930123656827	34.958462332301345	256.08374463396154
155	49	96	3.0	19	0.035580524344569285	1.0	1.0	0.7641930123656827	34.958462332301345	256.08374463396154
156	49	96	3.0	19	0.035580524344569285	1.0	1.0	0.7641930123656827	34.958462332301345	256.08374463396154
157	49	96	3.0	19	0.035580524344569285	1.0	1.0	0.7641930123656827	34.958462332301345	256.08374463396154
158	49	96	3.0	19	0.035580524344569285	1.0	1.0	0.7641930123656827	34.958462332301345	256.08374463396154
159	48	96	4.0	19	0.035580524344569285	0.999118698350315	0.9998127265112758	0.7623103696031466	35.00386863823934	256.08647142999257
160	48	96	4.0	19	0.035580524344569285	1.0	1.0	0.7623103696031466	35.00386863823934	256.08647142999257
161	48	96	4.0	19	0.035580524344569285	1.0	1.0	0.7623103696031466	35.00386863823934	256.08647142999257
162	48	96	4.0	19	0.035580524344569285	1.0	1.0	0.7623103696031466	35.00386863823934	256.08647142999257
163	48	96	4.0	19	0.035580524344569285	1.0	1.0	0.7623103696031466	35.00386863823934	256.08647142999257
164	47	96	4.0	18	0.033707865168539325	0.9989327667719065	0.9995320728462428	0.764014876276198	35.12875794537021	256.0922636585571
165	46	96	4.0	16	0.0299625468164794	0.9995578226621274	0.999953227420442	0.7651808693788812	35.13991239371296	256.0929607861144
166	46	96	4.0	16	0.0299625468164794	1.0	1.0	0.7651808693788812	35.13991239371296	256.0929607861144
167	46	96	4.0	16	0.0299625468164794	1.0	1.0	0.7651808693788812	35.13991239371296	256.0929607861144
168	46	96	4.0	16	0.0299625468164794	1.0	1.0	0.7651808693788812	35.13991239371296	256.0929607861144
169	46	96	4.0	16	0.0299625468164794	1.0	1.0	0.7651808693788812	35.13991239371296	256.0929607861144
170	46	96	4.0	16	0.0299625468164794	1.0	1.0	0.7651808693788812	35.13991239371296	256.0929607861144
171	46	96	4.0	16	0.0299625468164794	1.0	1.0	0.7651808693788812	35.13991239371296	256.0929607861144
172	46	96	4.0	16	0.0299625468164794	1.0	1.0	0.7651808693788812	35.13991239371296	256.0929607861144
173	44	96	4.0	16	0.0299625468164794	0.9893136036698335	0.9773782814670666	0.753366048699709	41.5218358602505	256.3347801037065
174	44	96	4.0	16	0.0299625468164794	1.0	1.0	0.753366048699709	41.5218358602505	256.3347801037065
175	44	96	4.0	16	0.0299625468164794	1.0	1.0	0.753366048699709	41.5218358602505	256.3347801037065
176	44	96	4.0	16	0.0299625468164794	1.0	1.0	0.753366048699709	41.5218358602505	256.3347801037065
177	44	96	4.0	16	0.0299625468164794	1.0	1.0	0.753366048699709	41.5218358602505	256.3347801037065
178	44	96	4.0	16	0.0299625468164794	1.0	1.0	0.753366048699709	41.5218358602505	256.3347801037065
179	44	96	4.0	16	0.0299625468164794	1.0	1.0	0.753366048699709	41.5218358602505	256.3347801037065
180	44	96	4.0	16	0.0299625468164794	1.0	1.0	0.753366048699709	41.5218358602505	256.3347801037065
181	44	96	4.0	16	0.0299625468164794	1.0	1.0	0.753366048699709	41.5218358602505	256.3347801037065
182	44	96	4.0	16	0.0299625468164794	1.0	1.0	0.753366048699709	41.5218358602505	256.3347801037065
183	43	96	4.0	16	0.0299625468164794	0.9932217828228388	0.9824238970634682	0.7503758309043415	46.49577082668369	256.5099438275838
184	43	96	4.0	16	0.0299625468164794	1.0	1.0	0.7503758309043415	46.49577082668369	256.5099438275838
185	43	96	4.0	16	0.0299625468164794	1.0	1.0	0.7503758309043415	46.49577082668369	256.5099438275838
186	43	96	4.0	16	0.0299625468164794	1.0	1.0	0.7503758309043415	46.49577082668369	256.5099438275838
187	43	96	4.0	16	0.0299625468164794	1.0	1.0	0.7503758309043415	46.49577082668369	256.5099438275838
188	43	96	4.0	16	0.0299625468164794	1.0	1.0	0.7503758309043415	46.49577082668369	256.5099438275838
189	43	96	4.0	16	0.0299625468164794	1.0	1.0	0.7503758309043415	46.49577082668369	256.5099438275838
190	43	96	4.0	16	0.0299625468164794	1.0	1.0	0.7503758309043415	46.49577082668369	256.5099438275838
191	43	96	4.0	16	0.0299625468164794	1.0	1.0	0.7503758309043415	46.49577082668369	256.5099438275838
192	43	96	4.0	16	0.0299625468164794	1.0	1.0	0.7503758309043415	46.49577082668369	256.5099438275838
193	43	96	4.0	16	0.0299625468164794	1.0	1.0	0.7503758309043415	46.49577082668369	256.5099438275838
194	43	96	4.0	16	0.0299625468164794	1.0	1.0	0.7503758309043415	46.49577082668369	256.5099438275838
195	43	96	4.0	16	0.0299625468164794	1.0	1.0	0.7503758309043415	46.49577082668369	256.5099438275838
196	43	96	4.0	16	0.0299625468164794	1.0	1.0	0.7503758309043415	46.49577082668369	256.5099438275838
197	43	96	4.0	16	0.0299625468164794	1.0	1.0	0.7503758309043415	46.49577082668369	256.5099438275838
198	43	96	4.0	16	0.0299625468164794	1.0	1.0	0.7503758309043415	46.49577082668369	256.5099438275838
199	43	96	4.0	16	0.0299625468164794	1.0	1.0	0.7503758309043415	46.49577082668369	256.5099438275838
200	43	96	4.0	16	0.0299625468164794	1.0	1.0	0.7503758309043415	46.49577082668369	256.5099438275838
201	43	96	4.0	16	0.0299625468164794	1.0	1.0	0.7503758309043415	46.49577082668369	256.5099438275838
202	43	96	4.0	16	0.0299625468164794	1.0	1.0	0.7503758309043415	46.49577082668369	256.5099438275838
203	43	96	4.0	16	0.0299625468164794	1.0	1.0	0.7503758309043415	46.49577082668369	256.5099438275838
204	43	96	4.0	16	0.0299625468164794	1.0	1.0	0.7503758309043415	46.49577082668369	256.5099438275838
205	43	96	4.0	16	0.0299625468164794	1.0	1.0	0.7503758309043415	46.49577082668369	256.5099438275838
206	43	96	4.0	16	0.0299625468164794	1.0	1.0	0.7503758309043415	46.49577082668369	256.5099438275838
207	43	96	4.0	16	0.0299625468164794	1.0	1.0	0.7503758309043415	46.49577082668369	256.5099438275838
208	42	96	4.0	15	0.028089887640449437	0.9990504444057005	0.9997375533700817	0.7502356435458352	46.577843356197164	256.5117243186179
209	42	96	4.0	15	0.028089887640449437	1.0	1.0	0.7502356435458352	46.577843356197164	256.5117243186179
210	41	96	5.0	14	0.026217228464419477	0.9991709567303743	0.9998250986034568	0.7502792021036842	46.63123903683623	256.513034700121
211	41	96	5.0	14	0.026217228464419477	1.0	1.0	0.7502792021036842	46.63123903683623	256.513034700121
212	39	96	5.0	13	0.024344569288389514	0.9920891038076348	0.9852726621480933	0.7360091946378393	51.43452611969262	256.58789442779
213	39	96	5.0	13	0.024344569288389514	1.0	1.0	0.7360091946378393	51.43452611969262	256.58789442779
214	39	96	5.0	13	0.024344569288389514	1.0	1.0	0.7360091946378393	51.43452611969262	256.58789442779
215	39	96	5.0	13	0.024344569288389514	1.0	1.0	0.7360091946378393	51.43452611969262	256.58789442779
216	39	96	5.0	13	0.024344569288389514	1.0	1.0	0.7360091946378393	51.43452611969262	256.58789442779
217	39	96	5.0	13	0.024344569288389514	1.0	1.0	0.7360091946378393	51.43452611969262	256.58789442779
218	39	96	5.0	13	0.024344569288389514	1.0	1.0	0.7360091946378393	51.43452611969262	256.58789442779
219	37	120	4.0	13	0.024344569288389514	0.9678274799773285	0.8807806346161932	0.6672399135177777	87.42336817072407	257.06353892917076
220	37	120	4.0	13	0.024344569288389514	1.0	1.0	0.6672399135177777	87.42336817072407	257.06353892917076
221	37	120	4.0	13	0.024344569288389514	1.0	1.0	0.6672399135177777	87.42336817072407	257.06353892917076
222	37	120	4.0	13	0.024344569288389514	1.0	1.0	0.6672399135177777	87.42336817072407	257.06353892917076
223	36	120	4.5	11	0.020599250936329586	0.9995016371849071	0.9999647520684991	0.6674779074299894	87.43185231539424	257.06380856638515
224	36	120	4.5	11	0.020599250936329586	1.0	1.0	0.6674779074299894	87.43185231539424	257.06380856638515
225	36	120	4.5	11	0.020599250936329586	1.0	1.0	0.6674779074299894	87.43185231539424	257.06380856638515
226	32	127	3.5	11	0.020599250936329586	0.9619995792884727	0.904715862099227	0.5934938707930361	112.10095772263082	257.2982611091304
227	30	127	4.0	9	0.016853932584269662	0.9936926645139434	0.9930493537084185	0.5877953746013977	113.6874738603095	257.321830122663
228	30	127	4.0	9	0.016853932584269662	1.0	1.0	0.5877953746013977	113.6874738603095	257.321830122663
229	28	127	2.5	9	0.016853932584269662	0.9736065306465876	0.9594159430164556	0.5247307459672994	122.96675279091308	257.3923381336311
230	28	127	2.5	9	0.016853932584269662	1.0	1.0	0.5247307459672994	122.96675279091308	257.3923381336311
231	24	233	3.0	8	0.0149812734082397	0.9085038204129395	0.6834357162868193	0.40838734436219165	176.20160064255185	258.0709632387157
232	22	233	2.5	8	0.0149812734082397	0.9875545387421816	0.9962081476505116	0.3984693219360092	176.6252246085394	258.08514685314685
233	19	405	2.0	8	0.0149812734082397	0.7022904060379289	0.36837956186835424	0.2586317391182629	223.34095229043908	259.26448783005077
234	19	405	2.0	8	0.0149812734082397	1.0	1.0	0.2586317391182629	223.34095229043908	259.26448783005077
235	18	405	2.5	7	0.013108614232209739	0.9981960806619846	0.9999709186327926	0.25917919152111574	223.34139561405593	259.2650817951938
236	17	405	3.0	6	0.011235955056179775	0.9974349873138497	0.9999272952276294	0.2580228885421687	223.3423494054619	259.2667905312414
237	15	428	2.0	6	0.011235955056179775	0.896590373822953	0.8601871861404075	0.22154482232956793	226.48565595673273	260.1428424917441
238	14	431	2.0	6	0.011235955056179775	0.9786058335566572	0.9798424049187693	0.21761801448865314	226.90139389721853	260.2226084391919
239	13	496	2.0	6	0.011235955056179775	0.6921688773764589	0.48067397026353964	0.10696780343241792	234.21964560423908	261.9906445975121
240	11	499	2.0	5	0.009363295880149813	0.9509750163706358	0.9541631836247424	0.10527221284772782	234.50658238638647	262.3078935649076
241	9	505	2.0	4	0.00749063670411985	0.9013293013942565	0.8971215958864329	0.10247436834641929	235.1044634303394	262.7915803541597
242	7	508	6.0	3	0.0056179775280898875	0.9327568227309335	0.940706743374656	0.10530275724773866	235.36770834141686	263.3923259964307
243	6	509	6.0	2	0.003745318352059925	0.9736372542529619	0.9787824207198036	0.10889332071891132	235.45335507957734	263.63624420401857
244	6	509	6.0	2	0.003745318352059925	1.0	1.0	0.10889332071891132	235.45335507957734	263.63624420401857
245	6	509	6.0	2	0.003745318352059925	1.0	1.0	0.10889332071891132	235.45335507957734	263.63624420401857
246	4	526	3.5	2	0.003745318352059925	0.5242023141211014	0.4681392623400994	0.08504261341121577	237.21892244188572	264.090973702914
247	3	527	6.0	1	0.0018726591760299626	0.9170505213667616	0.9316599967875201	0.08832061689641364	237.311197841519	264.45466847090665
248	1	534	534.0	0	0.0	0.0	0.0	0.0	238.01595800746253	NA
249	1	534	534.0	0	0.0	1.0	1.0	0.0	238.01595800746253	NA
250	1	534	534.0	0	0.0	1.0	1.0	0.0	238.01595800746253	NA
251	1	534	534.0	0	0.0	1.0	1.0	0.0	238.01595800746253	NA
252	1	534	534.0	0	0.0	1.0	1.0	0.0	238.01595800746253	NA
253	1	534	534.0	0	0.0	1.0	1.0	0.0	238.01595800746253	NA
254	1	534	534.0	0	0.0	1.0	1.0	0.0	238.01595800746253	NA
255	1	534	534.0	0	0.0	1.0	1.0	0.0	238.01595800746253	NA
256	1	534	534.0	0	0.0	1.0	1.0	0.0	238.01595800746253	NA
257	1	534	534.0	0	0.0	1.0	1.0	0.0	238.01595800746253	NA
258	1	534	534.0	0	0.0	1.0	1.0	0.0	238.01595800746253	NA
259	1	534	534.0	0	0.0	1.0	1.0	0.0	238.01595800746253	NA
260	1	534	534.0	0	0.0	1.0	1.0	0.0	238.01595800746253	NA
261	1	534	534.0	0	0.0	1.0	1.0	0.0	238.01595800746253	NA
262	1	534	534.0	0	0.0	1.0	1.0	0.0	238.01595800746253	NA
263	1	534	534.0	0	0.0	1.0	1.0	0.0	238.01595800746253	NA
264	1	534	534.0	0	0.0	1.0	1.0	0.0	238.01595800746253	NA
265	1	534	534.0	0	0.0	1.0	1.0	0.0	238.01595800746253	NA
266	1	534	534.0	0	0.0	1.0	1.0	0.0	238.01595800746253	NA
267	1	534	534.0	0	0.0	1.0	1.0	0.0	238.01595800746253	NA
268	1	534	534.0	0	0.0	1.0	1.0	0.0	238.01595800746253	NA
269	1	534	534.0	0	0.0	1.0	1.0	0.0	238.01595800746253	NA
270	1	534	534.0	0	0.0	1.0	1.0	0.0	238.01595800746253	NA
271	1	534	534.0	0	0.0	1.0	1.0	0.0	238.01595800746253	NA
272	1	534	534.0	0	0.0	1.0	1.0	0.0	238.01595800746253	NA
273	1	534	534.0	0	0.0	1.0	1.0	0.0	238.01595800746253	NA
274	1	534	534.0	0	0.0	1.0	1.0	0.0	238.01595800746253	NA
275	1	534	534.0	0	0.0	1.0	1.0	0.0	238.01595800746253	NA
276	1	534	534.0	0	0.0	1.0	1.0	0.0	238.01595800746253	NA
277	1	534	534.0	0	0.0	1.0	1.0	0.0	238.01595800746253	NA
278	1	534	534.0	0	0.0	1.0	1.0	0.0	238.01595800746253	NA
279	1	534	534.0	0	0.0	1.0	1.0	0.0	238.01595800746253	NA
