display_channel	bin	N	Neff_mean	Neff_median	order_log10_mean	Neff_Q95	log10_lower	log10_upper
PP	0	2266	3.8432151691006644	3.0047638416290283	0.3018496900569847	9.736341953277588	0.3010299956639812	0.31366621124592164
PP	1	99	4.844647630296572	4.1022725105285645	0.31881873118184856	10.33469362258911	0.31366621124592164	0.3263024268278621
PP	2	63	4.174880699505882	3.5714285373687744	0.33221793036331737	9.723936748504636	0.3263024268278621	0.33893864240980254
PP	3	37	4.516391148438325	3.7735848426818848	0.3445175472914685	9.828304862976072	0.33893864240980254	0.351574857991743
PP	4	38	4.00514490980851	2.9970232248306274	0.3573110193617642	7.968589425086974	0.351574857991743	0.36421107357368343
PP	5	30	3.585111129283905	2.818089246749878	0.36992761759604836	7.508886384963986	0.36421107357368343	0.3768472891556239
PP	6	25	4.648679208755493	3.9619181156158447	0.38375468992765205	10.590587425231927	0.3768472891556239	0.3894835047375643
PP	7	33	4.09088222547011	3.753246784210205	0.3958137501442809	9.389969253540038	0.3894835047375643	0.40211972031950477
PP	8	34	4.3392603292184715	3.4257171154022217	0.4090513287467526	9.033951568603511	0.40211972031950477	0.4147559359014452
PP	9	42	3.860059122244517	3.489686965942383	0.4212671273612451	7.169216418266296	0.4147559359014452	0.4273921514833856
PP	10	30	4.6862969676653545	4.206451416015625	0.43401059095829614	12.034174871444694	0.4273921514833856	0.4400283670653261
PP	11	68	3.7203887297826657	3.0	0.446580779326895	8.05815405845642	0.4400283670653261	0.4526645826472665
PP	12	105	3.452310872077942	3.0727272033691406	0.46053923244665396	7.620696544647217	0.4526645826472665	0.465300798229207
PP	13	1485	3.6746723482504438	2.855477809906006	0.47503871845318885	9.66100616455078	0.465300798229207	0.4779370138111474
PP	14	239	4.029572187108474	3.124324321746826	0.48284524730682965	9.931333160400388	0.4779370138111474	0.4905732293930879
PP	15	111	4.073741588506612	3.1676647663116455	0.496313828306012	9.776442527770996	0.4905732293930879	0.5032094449750283
PP	16	75	3.9800696643193563	2.8711581230163574	0.5086048542790322	9.169774055480955	0.5032094449750283	0.5158456605569688
PP	17	61	4.011662938555733	3.7014925479888916	0.5217543491304663	8.0	0.5158456605569688	0.5284818761389092
PP	18	59	4.27818163370682	3.687809705734253	0.5348556247706868	8.259896564483629	0.5284818761389092	0.5411180917208497
PP	19	70	4.126113753659385	3.472870349884033	0.5478133712392613	9.539622879028318	0.5411180917208497	0.5537543073027901
PP	20	86	3.6862692929977596	3.0083101987838745	0.5602409099856898	8.160447478294373	0.5537543073027901	0.5663905228847306
PP	21	92	3.704033367011858	2.7786312103271484	0.5734154389751814	8.61812891960144	0.5663905228847306	0.579026738466671
PP	22	264	3.709141517227346	2.746192455291748	0.5865469149825621	10.719138288497923	0.579026738466671	0.5916629540486114
PP	23	1256	3.6045724669839165	2.812802791595459	0.5993593848574548	9.389561891555786	0.5916629540486114	0.6042991696305519
PP	24	201	3.856903856073446	2.9432432651519775	0.6097708282809047	9.250764846801758	0.6042991696305519	0.6169353852124924
PP	25	106	3.9023887357621825	3.107487678527832	0.6229499342104466	8.977063179016113	0.6169353852124924	0.6295716007944328
PP	26	97	3.987728544117249	3.1491003036499023	0.6365165747661482	8.816157341003413	0.6295716007944328	0.6422078163763731
PP	27	113	4.369511976706243	3.809417486190796	0.6479653905629335	9.600111389160155	0.6422078163763731	0.6548440319583136
PP	28	105	3.925618881270999	3.2798635959625244	0.6612611651689954	9.739390945434568	0.6548440319583136	0.6674802475402541
PP	29	181	3.5470788301025307	3.0	0.6745069180733937	8.926298141479492	0.6674802475402541	0.6801164631221945
PP	30	513	3.8582215504339565	2.909090995788574	0.6876533974888209	10.79664649963379	0.6801164631221945	0.6927526787041349
PP	31	966	3.3010174459305364	2.4525753259658813	0.6977807949255662	8.444285869598389	0.6927526787041349	0.7053888942860754
PP	32	190	4.038089976812664	3.2696417570114136	0.7115717817155058	10.465497589111324	0.7053888942860754	0.7180251098680159
PP	33	149	3.9467837322478325	3.382795810699463	0.7240864722965595	9.007379150390623	0.7180251098680159	0.7306613254499563
PP	34	145	4.501864052640981	3.840425491333008	0.736445692006089	9.737402153015132	0.7306613254499563	0.7432975410318967
PP	35	196	3.7321242312995757	2.877805471420288	0.7503112103534495	8.594631433486938	0.7432975410318967	0.7559337566138372
PP	36	384	3.9363496356333294	3.064084053039551	0.7629969702784561	10.956243228912346	0.7559337566138372	0.7685699721957777
PP	37	991	3.674604155220971	2.7888386249542236	0.7750820574613927	9.352397441864014	0.7685699721957777	0.7812061877777181
PP	38	248	3.8743346559424556	3.1225632429122925	0.7869415768819888	9.043010711669922	0.7812061877777181	0.7938424033596585
PP	39	187	3.7091935764659536	2.933894634246826	0.8006962092854524	9.643534660339355	0.7938424033596585	0.8064786189415989
PP	40	195	3.880037839596088	3.1563234329223633	0.8126909592862712	8.890643692016601	0.8064786189415989	0.8191148345235395
PP	41	366	3.6755446540853365	2.759142756462097	0.8258222542663748	10.037439346313477	0.8191148345235395	0.8317510501054799
PP	42	822	3.32654720834862	2.648938775062561	0.8388962299871232	8.752749490737909	0.8317510501054799	0.8443872656874203
PP	43	580	3.5764838520822853	2.888365149497986	0.8480164373074127	9.043010711669922	0.8443872656874203	0.8570234812693607
PP	44	265	3.6336912982868697	3.036983013153076	0.8636930131696815	8.384363937377929	0.8570234812693607	0.8696596968513013
PP	45	288	3.5988430662287607	3.0	0.8768069349688027	8.917796707153316	0.8696596968513013	0.8822959124332417
PP	46	494	3.657578868904577	2.777777671813965	0.8893220363050633	9.69514670372009	0.8822959124332417	0.8949321280151821
PP	47	931	3.1905531036866597	2.4285714626312256	0.9006505255814352	8.321317195892334	0.8949321280151821	0.9075683435971225
PP	48	353	3.7026584752896015	2.888667583465576	0.9136287568831973	9.133143234252929	0.9075683435971225	0.9202045591790631
PP	49	333	3.789310001396202	2.962085247039795	0.9266102993717015	9.984673500061033	0.9202045591790631	0.9328407747610035
PP	50	524	3.5948742923845773	2.6666667461395264	0.9394903667093026	9.53153133392334	0.9328407747610035	0.9454769903429439
PP	51	907	3.279752955152812	2.542328119277954	0.9514853837783187	8.556670951843259	0.9454769903429439	0.9581132059248842
PP	52	426	3.6665042913016017	2.9848484992980957	0.9643729709002011	8.91936206817627	0.9581132059248842	0.9707494215068249
PP	53	457	3.751571971165012	2.8549976348876953	0.9774084335202275	10.222367858886718	0.9707494215068249	0.9833856370887653
PP	54	699	3.331921510259822	2.7100372314453125	0.990483339900396	9.032523918151856	0.9833856370887653	0.9960218526707056
PP	55	825	3.4055232484412916	2.612903118133545	1.001164809916372	8.60217266082763	0.9960218526707056	1.008658068252646
PP	56	460	3.831416873569074	2.9454545974731445	1.0152222503758157	9.82513351440429	1.008658068252646	1.0212942838345866
PP	57	643	3.4120705327943175	2.6666667461395264	1.0283264245357815	8.747507572174072	1.0212942838345866	1.033930499416527
PP	58	919	3.290967931814889	2.48888897895813	1.0395152431151775	8.525261306762692	1.033930499416527	1.0465667149984674
PP	59	545	3.6822803276394485	2.9220778942108154	1.0528692652894711	9.0	1.0465667149984674	1.0592029305804078
PP	60	669	3.423483475084975	2.672727346420288	1.0657439861166544	8.735746192932131	1.0592029305804078	1.0718391461623484
PP	61	960	3.1904682483524085	2.417999267578125	1.0771826303645342	8.16734390258789	1.0718391461623484	1.0844753617442888
PP	62	613	3.7892585985034364	3.033613443374634	1.0909256713448903	9.375120925903321	1.0844753617442888	1.0971115773262292
PP	63	870	3.2373220412210486	2.425881266593933	1.104164249301579	8.024073553085326	1.0971115773262292	1.1097477929081696
PP	64	910	3.35270078758617	2.5628254413604736	1.1155200976732274	8.456881713867183	1.1097477929081696	1.12238400849011
PP	65	746	3.3513293528365065	2.6289379596710205	1.1291341535599206	8.765495538711548	1.12238400849011	1.1350202240720506
PP	66	1126	3.3397582948313724	2.4914275407791138	1.1416299138479578	9.032258033752441	1.1350202240720506	1.147656439653991
PP	67	765	3.6809583787045446	2.8515007495880127	1.1540605118007206	9.645405387878393	1.147656439653991	1.1602926552359314
PP	68	1012	3.3379379247017056	2.5714285373687744	1.1671863342930464	8.415319252014154	1.1602926552359314	1.1729288708178718
PP	69	936	3.504456727168499	2.6497068405151367	1.178566372278868	9.572390079498291	1.1729288708178718	1.1855650863998124
PP	70	1033	3.259890244175596	2.5766098499298096	1.1920667836644836	8.657128334045405	1.1855650863998124	1.1982013019817528
PP	71	1079	3.5077425474585815	2.666013240814209	1.204158946168673	9.376949501037595	1.1982013019817528	1.2108375175636932
PP	72	1002	3.3639100042883747	2.5744681358337402	1.2174102887955114	8.890826082229609	1.2108375175636932	1.2234737331456336
PP	73	1216	3.4194871514643492	2.6474722623825073	1.229756495581008	8.810177564620972	1.2234737331456336	1.2361099487275742
PP	74	1038	3.4523455131949716	2.699976325035095	1.2429025097344182	8.818357086181638	1.2361099487275742	1.2487461643095146
PP	75	1297	3.4006297022173197	2.580629587173462	1.2548357250148716	9.043010711669922	1.2487461643095146	1.261382379891455
PP	76	1115	3.4295156917229894	2.723970890045166	1.2680674140855839	9.043010711669922	1.261382379891455	1.2740185954733954
PP	77	1318	3.2816233091361604	2.4596093893051147	1.2798899811393971	8.819431734085068	1.2740185954733954	1.286654811055336
PP	78	1318	3.3370354223504592	2.650012493133545	1.293207974628425	8.52347822189331	1.286654811055336	1.2992910266372764
PP	79	1324	3.3508942689060084	2.6666667461395264	1.3054173239923923	8.412738418579092	1.2992910266372764	1.3119272422192167
PP	80	1476	3.4128646794050366	2.6435071229934692	1.318421481368462	9.295516014099121	1.3119272422192167	1.3245634578011574
PP	81	1356	3.269138860755262	2.533373475074768	1.3311698384701	8.059451818466187	1.3245634578011574	1.3371996733830978
PP	82	1453	3.4606887957020946	2.6906211376190186	1.3433471788038862	8.858376884460448	1.3371996733830978	1.3498358889650381
PP	83	1569	3.3241015722829115	2.652054786682129	1.3563375205763222	8.596016311645505	1.3498358889650381	1.3624721045469785
PP	84	1506	3.2911982776159308	2.576059341430664	1.3690335647118852	8.446937322616577	1.3624721045469785	1.3751083201289191
PP	85	1553	3.341777180059449	2.5789473056793213	1.3813041558011523	8.99325828552246	1.3751083201289191	1.3877445357108595
PP	86	1593	3.3594372220108215	2.6666667461395264	1.3941192591532066	8.296969413757324	1.3877445357108595	1.4003807512928
PP	87	1688	3.4985159334695735	2.8002777099609375	1.4067218684211182	8.733096551895137	1.4003807512928	1.4130169668747403
PP	88	1727	3.371550638066873	2.614898204803467	1.419284174133913	8.694165897369382	1.4130169668747403	1.425653182456681
PP	89	1883	3.2300323247909546	2.53125	1.4319051689258877	8.52317905426025	1.425653182456681	1.4382893980386213
PP	90	1912	3.327035554033942	2.6666667461395264	1.444751077166383	8.194080734252928	1.4382893980386213	1.4509256136205617
PP	91	1854	3.417605945336137	2.652411937713623	1.4574086322927575	8.862552261352533	1.4509256136205617	1.463561829202502
PP	92	1861	3.334093883113154	2.612903118133545	1.4699797010921993	8.333333015441895	1.463561829202502	1.4761980447844427
PP	93	2076	3.3454067424542644	2.582822799682617	1.4824616587752308	8.324384689331055	1.4761980447844427	1.488834260366383
PP	94	2125	3.321672854984508	2.650298833847046	1.495138671906275	8.328647232055664	1.488834260366383	1.5014704759483235
PP	95	2275	3.3594311800631846	2.6666667461395264	1.5077785308168372	8.119913673400877	1.5014704759483235	1.514106691530264
PP	96	2316	3.15855128514952	2.4964596033096313	1.520496383306356	7.535377740859985	1.514106691530264	1.5267429071122043
PP	97	2384	3.2434340939425783	2.528090000152588	1.5330421330607444	7.891607427597044	1.5267429071122043	1.539379122694145
PP	98	2529	3.2280633800724554	2.492307662963867	1.5456000153618195	7.98140316009521	1.539379122694145	1.5520153382760853
PP	99	2688	3.289800944427649	2.548383116722107	1.5583182307380326	8.047618865966797	1.5520153382760853	1.5646515538580257
PP	100	2712	3.2621144553025565	2.5598068237304688	1.5709353655862135	7.957097220420837	1.5646515538580257	1.577287769439966
PP	101	2941	3.2938596089248633	2.6036036014556885	1.5836595639615783	8.167139053344727	1.577287769439966	1.5899239850219067
PP	102	3001	3.2242392845369903	2.53228497505188	1.5963414599384138	7.7414631843566895	1.5899239850219067	1.602560200603847
PP	103	3015	3.2089891943765516	2.507326126098633	1.608959293457569	7.961950445175167	1.602560200603847	1.6151964161857875
PP	104	3087	3.2666224932492955	2.5789473056793213	1.6216014917247357	8.0	1.6151964161857875	1.6278326317677279
PP	105	3214	3.298559873572921	2.6129465103149414	1.6342576254165224	7.9529949426651	1.6278326317677279	1.6404688473496685
PP	106	3143	3.261930617184689	2.5130434036254883	1.6465968192035203	8.135851001739493	1.6404688473496685	1.6531050629316089
PP	107	3490	3.2375404384211346	2.5255749225616455	1.6592661505340156	8.025277853012083	1.6531050629316089	1.6657412785135493
PP	108	3452	3.2262088766587014	2.588996648788452	1.672203798098858	7.9510977268218905	1.6657412785135493	1.6783774940954896
PP	109	3633	3.2875198964209	2.539232015609741	1.6848296513356058	8.052525138854978	1.6783774940954896	1.6910137096774303
PP	110	3787	3.2773461078067614	2.5714285373687744	1.697320233895794	8.156338405609125	1.6910137096774303	1.7036499252593706
PP	111	4115	3.3086637197404123	2.5714285373687744	1.7099927675820652	8.204102516174313	1.7036499252593706	1.716286140841311
PP	112	4095	3.251851745577522	2.584176540374756	1.722685174298559	7.900539064407345	1.716286140841311	1.7289223564232514
PP	113	4481	3.242936334421634	2.5414235591888428	1.7351743957697485	8.0	1.7289223564232514	1.741558572005192
PP	114	4430	3.2525280143014466	2.5227659940719604	1.7478037769285675	8.066666603088379	1.741558572005192	1.7541947875871324
PP	115	4764	3.2864973666936184	2.5789473056793213	1.760554607763425	8.329818677902209	1.7541947875871324	1.7668310031690728
PP	116	4792	3.299274079812588	2.5896835327148438	1.7732450630470376	8.055710554122921	1.7668310031690728	1.7794672187510132
PP	117	4845	3.2589244240700768	2.549133062362671	1.785718434609857	8.16352233886719	1.7794672187510132	1.7921034343329538
PP	118	5032	3.2562458703267745	2.5489028692245483	1.798390014965813	8.23962526321411	1.7921034343329538	1.8047396499148942
PP	119	5351	3.2663422498808155	2.5789473056793213	1.8110467985488263	8.0	1.8047396499148942	1.8173758654968346
PP	120	5199	3.227493346941244	2.5459837913513184	1.823723020759645	8.0	1.8173758654968346	1.830012081078775
PP	121	5451	3.146624619403994	2.4166667461395264	1.836404679779204	7.629949331283569	1.830012081078775	1.8426482966607156
PP	122	5565	3.211617850421895	2.469144105911255	1.8490786263533794	8.043408584594728	1.8426482966607156	1.855284512242656
PP	123	5718	3.222432208107084	2.4518598318099976	1.8614105945131727	8.062442445755003	1.855284512242656	1.8679207278245964
PP	124	5751	3.193727800999905	2.4775800704956055	1.8742082791286716	8.0	1.8679207278245964	1.8805569434065368
PP	125	6084	3.1743636454781914	2.4941567182540894	1.8868864715513902	7.823141717910756	1.8805569434065368	1.8931931589884774
PP	126	6233	3.206020548200982	2.4856202602386475	1.899580030758484	8.0	1.8931931589884774	1.9058293745704178
PP	127	6278	3.190853128694508	2.516901731491089	1.9122248952208247	7.719595742225645	1.9058293745704178	1.9184655901523582
PP	128	6256	3.2517460726601692	2.5744681358337402	1.9247107222093878	8.081482648849487	1.9184655901523582	1.9311018057342986
PP	129	6557	3.25055993350519	2.5341830253601074	1.9373903757598827	8.10188121795654	1.9311018057342986	1.943738021316239
PP	130	6583	3.250458502849148	2.5585997104644775	1.950131791051323	8.0	1.943738021316239	1.9563742368981796
PP	131	6572	3.2521885743753547	2.5693812370300293	1.9627622746511144	8.066666603088379	1.9563742368981796	1.96901045248012
PP	132	6761	3.193326497479949	2.554309844970703	1.9752732765491483	7.65625	1.96901045248012	1.9816466680620604
PP	133	6715	3.1904723437437794	2.5714285373687744	1.987954931369158	7.7155961990356445	1.9816466680620604	1.9942828836440007
PP	134	6943	3.241199044712198	2.4881210327148438	2.000718507093583	8.0	1.9942828836440007	2.006919099225941
PP	135	7097	3.1543281354987487	2.466472864151001	2.0133154110636053	7.584244251251216	2.006919099225941	2.0195553148078815
PP	136	6916	3.2094682582787106	2.5684802532196045	2.0258981009926122	8.0	2.0195553148078815	2.032191530389822
PP	137	7175	3.1342204577416077	2.479217529296875	2.0384924467818193	7.687174415588378	2.032191530389822	2.0448277459717623
PP	138	6960	3.150411623202521	2.480563521385193	2.0511282036978304	7.648535943031295	2.0448277459717623	2.057463961553703
PP	139	6861	3.158179330610357	2.4880828857421875	2.063691734496988	7.820024013519287	2.057463961553703	2.0701001771356435
PP	140	6849	3.219121436425971	2.5545055866241455	2.076390517150632	8.0	2.0701001771356435	2.082736392717584
PP	141	7040	3.240408563901755	2.6223281621932983	2.0889455231325327	8.000123167037962	2.082736392717584	2.0953726082995243
PP	142	7138	3.2404477279137485	2.5862069129943848	2.1016589683714284	7.908229613304136	2.0953726082995243	2.1080088238814647
PP	143	7368	3.2245006731809416	2.5714285373687744	2.114408016202411	7.908534002304074	2.1080088238814647	2.120645039463405
PP	144	6933	3.2056007807378246	2.461538553237915	2.1269973173659658	8.0	2.120645039463405	2.1332812550453455
PP	145	6974	3.2296990755296964	2.454545497894287	2.1395980515433326	8.066666603088379	2.1332812550453455	2.145917470627286
PP	146	6731	3.228963019642074	2.4820284843444824	2.1521700362581555	8.066666603088379	2.145917470627286	2.1585536862092267
PP	147	6865	3.174945555181288	2.3809523582458496	2.164976818260884	7.981750011444086	2.1585536862092267	2.171189901791167
PP	148	6921	3.165137657969695	2.461538553237915	2.177469771521337	7.877236366271973	2.171189901791167	2.1838261173731075
PP	149	7173	3.1886390827032174	2.454545497894287	2.1901656085106858	7.902439117431641	2.1838261173731075	2.196462332955048
PP	150	7224	3.2075702917668245	2.5505348443984985	2.2028409478413633	7.871181344985961	2.196462332955048	2.2090985485369883
PP	151	7093	3.2315083028364966	2.561264753341675	2.2154556717391993	8.0	2.2090985485369883	2.2217347641189287
PP	152	6975	3.247830647960786	2.5559332370758057	2.2280854732802973	8.013146972656244	2.2217347641189287	2.234370979700869
PP	153	7024	3.2416743716407472	2.5789473056793213	2.2407647000358053	7.999107933044431	2.234370979700869	2.2470071952828095
PP	154	6972	3.2180603474498275	2.5316184759140015	2.2532995548684855	8.060363483428954	2.2470071952828095	2.2596434108647503
PP	155	6489	3.1749622893270972	2.5582330226898193	2.265974290943839	7.728356075286863	2.2596434108647503	2.2722796264466907
PP	156	6528	3.1853183868578543	2.5714285373687744	2.278709651484883	7.942074942588806	2.2722796264466907	2.284915842028631
PP	157	6321	3.233924022167473	2.5128204822540283	2.291218416699424	8.26530647277832	2.284915842028631	2.2975520576105715
PP	158	6219	3.277530117037979	2.5744681358337402	2.303771757879189	8.169200325012193	2.2975520576105715	2.310188273192512
PP	159	6011	3.2458509722995075	2.470588207244873	2.3165858167280855	8.066666603088379	2.310188273192512	2.3228244887744522
PP	160	5684	3.3127712191493472	2.5714285373687744	2.3291339493063212	8.647058486938477	2.3228244887744522	2.3354607043563926
PP	161	5348	3.281194298879906	2.5356557369232178	2.3418182487470065	8.417270135879512	2.3354607043563926	2.3480969199383335
PP	162	5472	3.2878002351182594	2.5078045129776	2.3544292832158122	8.43469877243042	2.3480969199383335	2.360733135520274
PP	163	5249	3.307348240078188	2.4956822395324707	2.3669159800836552	8.634341430664058	2.360733135520274	2.3733693511022143
PP	164	4910	3.131949196303692	2.322580575942993	2.3795557451516984	8.0	2.3733693511022143	2.3860055666841546
PP	165	4959	3.0181742200064887	2.2830188274383545	2.392386821241947	7.407407283782959	2.3860055666841546	2.398641782266095
PP	166	4560	3.0567323101455703	2.3060498237609863	2.404868214125026	7.5735417366027855	2.398641782266095	2.4112779978480354
PP	167	4514	3.13435839085543	2.4195539951324463	2.4176480107102694	7.8463241577148315	2.4112779978480354	2.423914213429976
PP	168	4297	3.2201000740008214	2.524475574493408	2.4300414335416987	8.333333015441895	2.423914213429976	2.436550429011916
PP	169	3783	3.2830818909802137	2.4398341178894043	2.442797953442417	8.900054550170895	2.436550429011916	2.449186644593857
PP	170	3808	3.072417617094617	2.3480288982391357	2.4554728814987827	7.70836606025695	2.449186644593857	2.4618228601757974
PP	171	3496	3.1334045265441084	2.3333332538604736	2.4680208090757327	8.0	2.4618228601757974	2.474459075757738
PP	172	3223	3.077515890130041	2.3333332538604736	2.48082751136254	7.753413343429562	2.474459075757738	2.487095291339678
PP	173	3200	3.094593876078725	2.2727272510528564	2.493412174322014	7.891911029815674	2.487095291339678	2.4997315069216186
PP	174	3061	3.24479924779591	2.55035138130188	2.5060841524815456	8.496465682983398	2.4997315069216186	2.512367722503559
PP	175	2726	3.261154353706083	2.5144745111465454	2.5185680807538438	9.009999990463257	2.512367722503559	2.5250039380854994
PP	176	2369	3.2201912753337445	2.3047618865966797	2.5310305326699654	9.243618583679185	2.5250039380854994	2.53764015366744
PP	177	2052	3.3596052521037314	2.3783985376358032	2.543885143161116	9.346242284774775	2.53764015366744	2.5502763692493806
PP	178	1882	3.421999466279868	2.6666667461395264	2.556449693091498	8.496152687072735	2.5502763692493806	2.562912584831321
PP	179	1704	3.0002899283954236	2.1624406576156616	2.569249262806626	7.390924715995788	2.562912584831321	2.5755488004132614
PP	180	1623	3.0397977569701125	2.006263017654419	2.581755426131102	8.306523704528807	2.5755488004132614	2.588185015995202
PP	181	1213	3.2215198271547774	2.2546916007995605	2.594409006186842	8.610173034667968	2.588185015995202	2.600821231577142
PP	182	1171	2.94181983650087	2.0461626052856445	2.6070270394985036	7.651448011398315	2.600821231577142	2.6134574471590826
PP	183	947	2.9740339450876463	2.16641902923584	2.6192697255542243	7.123613977432241	2.6134574471590826	2.626093662741023
PP	184	784	3.0184321956975118	2.228142261505127	2.6325359807089015	7.384696388244626	2.626093662741023	2.6387298783229634
PP	185	825	2.9629936066540803	2.072382926940918	2.6452116661679717	8.50817356109619	2.6387298783229634	2.651366093904904
PP	186	744	2.898916806424818	2.1551750898361206	2.6574365779595253	7.111866831779481	2.651366093904904	2.6640023094868446
PP	187	724	2.840539079838695	2.1959275007247925	2.6705344515706226	7.334940052032472	2.6640023094868446	2.676638525068785
PP	188	665	2.798731157295686	2.305898427963257	2.6828450703577933	6.347602081298827	2.676638525068785	2.6892747406507254
PP	189	464	3.1593151154189276	2.5789473056793213	2.6951278606990114	7.117647171020508	2.6892747406507254	2.7019109562326658
PP	190	366	2.854858341112814	2.455881953239441	2.708226837370251	6.564322590827942	2.7019109562326658	2.714547171814606
PP	191	349	2.3782133666697067	1.9876797199249268	2.721348138858773	5.551907062530517	2.714547171814606	2.7271833873965465
PP	192	417	2.2807952159886167	1.872340440750122	2.733076682032257	5.0	2.7271833873965465	2.739819602978487
PP	193	358	2.2163648841767336	1.808007538318634	2.7457518249569945	5.0	2.739819602978487	2.7524558185604273
PP	194	339	2.3272801859188923	1.7891770601272583	2.7582364053508863	5.0	2.7524558185604273	2.765092034142368
PP	195	263	2.081729335023423	1.7375565767288208	2.771782094609195	5.0	2.765092034142368	2.7777282497243085
PP	196	231	2.0356340583784758	1.6622951030731201	2.783595103221366	4.892576217651367	2.7777282497243085	2.790364465306249
PP	197	163	1.7849863862698794	1.3056057691574097	2.796552244302509	3.2933821916580204	2.790364465306249	2.8030006808881893
PP	198	62	1.7782205324019156	1.2802741527557373	2.8103639724215497	3.7528143405914305	2.8030006808881893	2.8156368964701297
PP	199	44	1.7539488456465981	1.3370206356048584	2.8205683950825082	3.6649746894836426	2.8156368964701297	2.82827311205207
P↔T	0	1	1.0	1.0	0.2041199826559248	1.0	0.2041199826559248	0.2172549973527499
P↔T	3	1	1.0	1.0	0.25527250510330607	1.0	0.2435250267464001	0.2566600414432252
P↔T	7	1461	1.9822849474240458	1.0	0.30177264318039854	5.785714149475098	0.2960650855337005	0.3092001002305256
P↔T	8	113	2.270402540147832	1.0	0.3147760196722789	6.542506217956543	0.3092001002305256	0.3223351149273507
P↔T	9	56	2.5861650151865825	1.3974562883377075	0.32920503231490217	8.318181991577148	0.3223351149273507	0.3354701296241758
P↔T	10	34	2.759508027749903	1.0	0.3411670108083331	8.614999914169308	0.3354701296241758	0.34860514432100087
P↔T	11	25	1.6692062664031981	1.0	0.3547784822649151	4.592295503616331	0.34860514432100087	0.36174015901782597
P↔T	12	13	1.2512609500151415	1.0	0.3688728418328049	2.0629370212554927	0.36174015901782597	0.37487517371465107
P↔T	13	25	2.07481014251709	1.0	0.3815184485548486	6.029090976715082	0.37487517371465107	0.38801018841147616
P↔T	14	26	2.2304668609912577	1.0	0.3942118312887449	5.400000095367432	0.38801018841147616	0.40114520310830126
P↔T	15	29	1.8560194434790775	1.3739837408065796	0.4072266405381061	4.605041885375973	0.40114520310830126	0.41428021780512636
P↔T	16	37	1.3274841566343565	1.0	0.42052370830901087	3.114285707473752	0.41428021780512636	0.42741523250195146
P↔T	17	24	1.4412574420372646	1.0	0.43355012020607236	3.2934783577918973	0.42741523250195146	0.44055024719877656
P↔T	18	61	2.089348198937588	1.0	0.44698439555729447	6.400000095367432	0.44055024719877656	0.45368526189560165
P↔T	19	93	1.8876555670974076	1.0	0.4621006763539881	5.133333396911619	0.45368526189560165	0.46682027659242675
P↔T	20	1052	1.9660098144763323	1.0	0.47524281116215283	6.0	0.46682027659242675	0.47995529128925185
P↔T	21	175	1.9801868397848947	1.0	0.4853816131269233	5.64146342277526	0.47995529128925185	0.49309030598607695
P↔T	22	92	1.887306809425354	1.0	0.5006242907861695	5.315909099578863	0.49309030598607695	0.506225320682902
P↔T	23	60	1.3637284835179646	1.0	0.5128374434250754	2.1734147429466226	0.506225320682902	0.5193603353797271
P↔T	24	51	1.816937201163348	1.0	0.5266625253991161	5.629629611968994	0.5193603353797271	0.5324953500765522
P↔T	25	65	1.540217062143179	1.0	0.5395740018111541	4.6857142925262405	0.5324953500765522	0.5456303647733773
P↔T	26	80	1.8891744375228883	1.0	0.5530818181898132	5.097766971588133	0.5456303647733773	0.5587653794702024
P↔T	27	77	2.0249745520678433	1.0	0.5646805057891093	6.237786769866944	0.5587653794702024	0.5719003941670275
P↔T	28	123	1.8871850240521315	1.0	0.5800044977754548	4.7205883026123026	0.5719003941670275	0.5850354088638526
P↔T	29	443	1.9544945374030291	1.0	0.5932407702245213	6.2076922416686955	0.5850354088638526	0.5981704235606777
P↔T	30	761	1.8539685490253563	1.0	0.6019693400754069	5.44444465637207	0.5981704235606777	0.6113054382575028
P↔T	31	130	1.9746808950717634	1.0	0.6176207705884462	6.976205492019653	0.6113054382575028	0.6244404529543279
P↔T	32	80	1.7093171924352646	1.0	0.6313970973445311	5.006060600280762	0.6244404529543279	0.637575467651153
P↔T	33	118	1.7742748816134566	1.0	0.6440410785279101	4.818792486190782	0.637575467651153	0.6507104823479781
P↔T	34	115	1.9242339973864349	1.0	0.6581899316687033	5.59034481048584	0.6507104823479781	0.6638454970448032
P↔T	35	144	1.784597887761063	1.0	0.6715234698471773	4.2808217644691435	0.6638454970448032	0.6769805117416283
P↔T	36	344	2.1022953470779018	1.0	0.6849389636457192	6.0	0.6769805117416283	0.6901155264384534
P↔T	37	906	1.8865182368171136	1.0	0.6964799820134212	5.44444465637207	0.6901155264384534	0.7032505411352785
P↔T	38	195	1.927229260175656	1.0	0.7095218679498698	5.135483884811394	0.7032505411352785	0.7163855558321036
P↔T	39	158	1.7136794970005373	1.0	0.7231228920901591	4.908724641799927	0.7163855558321036	0.7295205705289287
P↔T	40	151	1.8627282791579796	1.0	0.7356327732506945	6.0	0.7295205705289287	0.7426555852257538
P↔T	41	187	1.98665020682595	1.0	0.7498457759761542	5.8485399723052955	0.7426555852257538	0.7557905999225789
P↔T	42	369	1.8560788369760282	1.0	0.7632279679340854	5.513333320617665	0.7557905999225789	0.768925614619404
P↔T	43	829	1.8533960050207858	1.0	0.775424331507404	5.426666831970211	0.768925614619404	0.7820606293162291
P↔T	44	263	1.8409390095975462	1.0	0.7883343101775864	5.30000014305114	0.7820606293162291	0.7951956440130542
P↔T	45	204	1.777012455112794	1.0	0.8028908511317194	5.103030204772948	0.7951956440130542	0.8083306587098793
P↔T	46	228	2.051021981657597	1.0	0.8151842743373844	7.323761177062976	0.8083306587098793	0.8214656734067044
P↔T	47	402	1.9798457592874024	1.0	0.8288938310263664	5.743809485435482	0.8214656734067044	0.8346006881035295
P↔T	48	984	1.8925041742925721	1.0	0.8415102915013688	5.445238256454468	0.8346006881035295	0.8477357028003546
P↔T	49	346	1.8575509180223322	1.0	0.8539964153684788	5.118420958518982	0.8477357028003546	0.8608707174971797
P↔T	50	305	1.7521589818547985	1.0	0.8675547750812594	4.319298362731934	0.8608707174971797	0.8740057321940048
P↔T	51	404	1.913762365827466	1.0	0.8812901190773994	5.402571368217458	0.8740057321940048	0.8871407468908299
P↔T	52	777	1.861231138807466	1.0	0.8947018469755366	5.44444465637207	0.8871407468908299	0.900275761587655
P↔T	53	734	1.803183376464272	1.0	0.9052353818681393	5.081159400939947	0.900275761587655	0.9134107762844801
P↔T	54	440	1.8080190127546136	1.0	0.919883428447865	5.240930342674248	0.9134107762844801	0.9265457909813052
P↔T	55	493	1.9584154550734205	1.0	0.9334700505772621	5.55555534362793	0.9265457909813052	0.9396808056781303
P↔T	56	846	1.8683448934104143	1.0	0.9470450631807243	5.0	0.9396808056781303	0.9528158203749554
P↔T	57	738	1.8506739137941584	1.0	0.9582815257873601	5.3346155166625975	0.9528158203749554	0.9659508350717805
P↔T	58	573	1.8531242900285838	1.0	0.9727621515188241	5.215612316131591	0.9659508350717805	0.9790858497686056
P↔T	59	762	1.8319390078229227	1.0	0.9861685031765566	5.0839322090148915	0.9790858497686056	0.9922208644654307
P↔T	60	1092	1.7901554784495315	1.0	0.9982579513486368	5.44444465637207	0.9922208644654307	1.0053558791622557
P↔T	61	726	1.808718314840774	1.0	1.011820452839706	5.0	1.0053558791622557	1.0184908938590809
P↔T	62	806	1.9333911382826623	1.0	1.025592600609318	5.5337313413619995	1.0184908938590809	1.031625908555906
P↔T	63	1273	1.7781021211059282	1.0	1.0381120856679587	5.1116882324218675	1.031625908555906	1.044760923252731
P↔T	64	877	1.7543424079736254	1.0	1.0516390380502616	4.767862129211425	1.044760923252731	1.057895937949556
P↔T	65	1066	1.792899679511394	1.0	1.0646936791149741	5.0415380001068115	1.057895937949556	1.0710309526463813
P↔T	66	1445	1.805121012954976	1.0	1.0770364061104192	5.44444465637207	1.0710309526463813	1.0841659673432065
P↔T	67	1169	1.7508494783610336	1.0	1.0909422901972168	4.771997833251952	1.0841659673432065	1.0973009820400315
P↔T	68	1425	1.735347783858316	1.0	1.1043119755003878	4.980000019073482	1.0973009820400315	1.1104359967368564
P↔T	69	1589	1.6968189671476206	1.0	1.1166376125710853	4.740740776062012	1.1104359967368564	1.1235710114336817
P↔T	70	1539	1.7341287389368574	1.0	1.1304337214724065	4.804000186920162	1.1235710114336817	1.1367060261305069
P↔T	71	1877	1.6995336118377011	1.0	1.1432615772803907	4.5714287757873535	1.1367060261305069	1.1498410408273319
P↔T	72	1612	1.7465978278859378	1.0	1.1563835473143604	4.829686903953552	1.1498410408273319	1.1629760555241568
P↔T	73	2115	1.688095590014266	1.0	1.1700331890222617	4.747926092147826	1.1629760555241568	1.176111070220982
P↔T	74	1854	1.6609541544250686	1.0	1.1830319481776148	4.5714287757873535	1.176111070220982	1.1892460849178073
P↔T	75	2127	1.6768026283552908	1.0	1.1960176501607773	4.5	1.1892460849178073	1.2023810996146322
P↔T	76	2126	1.6760099004824434	1.0	1.2087955112178588	4.764705657958984	1.2023810996146322	1.2155161143114575
P↔T	77	2213	1.701383803529649	1.0	1.2222759251178212	4.9393336296081545	1.2155161143114575	1.2286511290082824
P↔T	78	2274	1.6789767626302747	1.0	1.234973706909894	4.5	1.2286511290082824	1.2417861437051074
P↔T	79	2296	1.7341783785030818	1.0	1.2483675547672746	4.925000071525574	1.2417861437051074	1.2549211584019326
P↔T	80	2379	1.7116273812457963	1.0	1.2611007911048349	4.542367362976071	1.2549211584019326	1.2680561730987578
P↔T	81	2642	1.7241991914464703	1.0	1.2746364594721686	5.0	1.2680561730987578	1.2811911877955828
P↔T	82	2522	1.7158740550917733	1.0	1.287815319225812	4.664814662933343	1.2811911877955828	1.2943262024924078
P↔T	83	2725	1.7536304006226566	1.0	1.3008417503760965	5.0	1.2943262024924078	1.307461217189233
P↔T	84	2711	1.687629967938926	1.0	1.3140529048523533	4.505868434906006	1.307461217189233	1.3205962318860582
P↔T	85	2808	1.7180427157471323	1.0	1.327011731005422	5.0	1.3205962318860582	1.3337312465828832
P↔T	86	2945	1.6885285505414616	1.0	1.3404479339417317	4.764705657958984	1.3337312465828832	1.3468662612797082
P↔T	87	3004	1.696602526263454	1.0	1.3536657576741613	4.764084315299987	1.3468662612797082	1.3600012759765334
P↔T	88	3126	1.7356101346183723	1.0	1.3666719356208628	4.900000095367432	1.3600012759765334	1.3731362906733586
P↔T	89	3210	1.7355928548771273	1.0	1.3796968608834088	4.8618761539459125	1.3731362906733586	1.3862713053701836
P↔T	90	3259	1.7182171768701746	1.0	1.392943809873904	4.764705657958984	1.3862713053701836	1.3994063200670086
P↔T	91	3335	1.735017294004403	1.0	1.4060728047751798	4.930000066757175	1.3994063200670086	1.4125413347638338
P↔T	92	3539	1.7248401702477725	1.0	1.4190328499868912	4.787233829498291	1.4125413347638338	1.425676349460659
P↔T	93	3714	1.7425907321944312	1.0	1.4322128782921368	4.92307710647583	1.425676349460659	1.438811364157484
P↔T	94	3884	1.7352473254859386	1.0	1.44529117936277	4.950259327888486	1.438811364157484	1.451946378854309
P↔T	95	3963	1.7759281849578388	1.0	1.458572280213095	5.126112508773802	1.451946378854309	1.4650813935511342
P↔T	96	4022	1.8053059021315725	1.0	1.4717532379006124	5.333333492279053	1.4650813935511342	1.4782164082479594
P↔T	97	4162	1.7819360316172064	1.0	1.4846433795107328	5.121212005615234	1.4782164082479594	1.4913514229447844
P↔T	98	4651	1.746424684214915	1.0	1.497781484464546	5.0	1.4913514229447844	1.5044864376416094
P↔T	99	4821	1.7487646916723183	1.0	1.511082562344603	4.92307710647583	1.5044864376416094	1.5176214523384346
P↔T	100	5039	1.7858121779069562	1.0	1.5241556901306768	5.23538937568663	1.5176214523384346	1.5307564670352598
P↔T	101	5092	1.7245102549104923	1.0	1.5372198179274237	5.0	1.5307564670352598	1.5438914817320848
P↔T	102	5610	1.7841137295950755	1.0	1.5503570077990485	5.424444603919991	1.5438914817320848	1.5570264964289098
P↔T	103	5768	1.7445482228690146	1.0	1.56363247478623	5.066702532768248	1.5570264964289098	1.570161511125735
P↔T	104	5938	1.7567901057842084	1.0	1.5768843618867379	5.0	1.570161511125735	1.5832965258225602
P↔T	105	6384	1.7480253988041317	1.0	1.589788741916759	5.070175647735596	1.5832965258225602	1.5964315405193852
P↔T	106	6712	1.7480666715212174	1.0	1.602913999590399	5.157894611358643	1.5964315405193852	1.6095665552162102
P↔T	107	6781	1.783266420526818	1.0	1.6162318144214458	5.26086950302124	1.6095665552162102	1.6227015699130354
P↔T	108	7487	1.7544984251471727	1.0	1.6294333674208838	5.113939285278316	1.6227015699130354	1.6358365846098606
P↔T	109	7384	1.7731706196379688	1.0	1.6424863811976118	5.231884002685547	1.6358365846098606	1.6489715993066856
P↔T	110	7973	1.742734834478922	1.0	1.6555416637630072	5.0	1.6489715993066856	1.6621066140035106
P↔T	111	8143	1.7670770832321998	1.0	1.6687698518165952	5.121212005615234	1.6621066140035106	1.6752416287003358
P↔T	112	8212	1.7763677889610927	1.0	1.6818434658734878	5.157894611358643	1.6752416287003358	1.688376643397161
P↔T	113	8900	1.7652973769220073	1.0	1.694921863458902	5.0986890077590825	1.688376643397161	1.701511658093986
P↔T	114	9131	1.7764569891072248	1.0	1.7081261848964535	5.142857074737549	1.701511658093986	1.714646672790811
P↔T	115	9603	1.780627407146769	1.0	1.7213729411034802	5.231362247467039	1.714646672790811	1.7277816874876362
P↔T	116	10159	1.7604918574967692	1.0	1.734402242489713	5.088056278228772	1.7277816874876362	1.7409167021844614
P↔T	117	10313	1.782504003644163	1.0	1.7474811335934053	5.26086950302124	1.7409167021844614	1.7540517168812864
P↔T	118	11035	1.7929236047344614	1.0	1.7606936885364566	5.142857074737549	1.7540517168812864	1.7671867315781113
P↔T	119	11217	1.773036798415278	1.0	1.7738184803742347	5.161967945098873	1.7671867315781113	1.7803217462749366
P↔T	120	11330	1.7710571040438006	1.0	1.7868980182151222	5.26086950302124	1.7803217462749366	1.7934567609717618
P↔T	121	12338	1.7808445367903547	1.0	1.8001179046113849	5.26086950302124	1.7934567609717618	1.8065917756685868
P↔T	122	12671	1.7640497816003176	1.0	1.8133174871978148	5.180104494094849	1.8065917756685868	1.8197267903654117
P↔T	123	12614	1.8010133427183999	1.0	1.8264330110753078	5.25454568862915	1.8197267903654117	1.832861805062237
P↔T	124	13360	1.7606185751760792	1.0	1.8394373883432158	5.0	1.832861805062237	1.8459968197590622
P↔T	125	14063	1.7639719410064014	1.0	1.8526325085431725	5.0	1.8459968197590622	1.8591318344558871
P↔T	126	14274	1.7660692625892953	1.0	1.8657702162967835	5.084506988525391	1.8591318344558871	1.8722668491527121
P↔T	127	14722	1.7749715901120755	1.0	1.8789301345917848	5.333333492279053	1.8722668491527121	1.8854018638495373
P↔T	128	15396	1.769565952771916	1.0	1.8919520105392076	5.292690873146057	1.8854018638495373	1.8985368785463625
P↔T	129	15739	1.7789790162259116	1.0	1.905106684516144	5.26086950302124	1.8985368785463625	1.9116718932431875
P↔T	130	15945	1.7545638700008541	1.0	1.9181918664198006	5.121212005615234	1.9116718932431875	1.9248069079400125
P↔T	131	16226	1.8033329230575603	1.0	1.9314597940250549	5.442029118537903	1.9248069079400125	1.9379419226368377
P↔T	132	16491	1.7805810911082476	1.0	1.9445883277250762	5.22580623626709	1.9379419226368377	1.951076937333663
P↔T	133	16719	1.762622873116726	1.0	1.9576381521902946	5.136615896224965	1.951076937333663	1.964211952030488
P↔T	134	16917	1.7973563933179417	1.0	1.9707890369561099	5.333333492279053	1.964211952030488	1.977346966727313
P↔T	135	16986	1.8036493959113031	1.0	1.9839531293831631	5.30846905708313	1.977346966727313	1.9904819814241381
P↔T	136	17101	1.806371504051296	1.0	1.9970436174402493	5.400000095367432	1.9904819814241381	2.0036169961209636
P↔T	137	17607	1.7738451344018875	1.0	2.010232591142126	5.041666507720947	2.0036169961209636	2.0167520108177883
P↔T	138	17942	1.7996992428171743	1.0	2.0232909637680594	5.310766386985789	2.0167520108177883	2.029887025514613
P↔T	139	18344	1.793957371042121	1.0	2.0364360676230877	5.333333492279053	2.029887025514613	2.0430220402114383
P↔T	140	18065	1.7765889019046237	1.0	2.049598806865546	5.232558250427246	2.0430220402114383	2.0561570549082635
P↔T	141	18014	1.7948387480078574	1.0	2.0626791524211834	5.333333492279053	2.0561570549082635	2.0692920696050887
P↔T	142	18181	1.8044241354558723	1.0	2.075900147661622	5.405405521392822	2.0692920696050887	2.082427084301914
P↔T	143	18128	1.8018726339236573	1.0	2.089026151151252	5.400000095367432	2.082427084301914	2.095562098998739
P↔T	144	18390	1.816472314796479	1.0	2.1021696463935946	5.42843828201293	2.095562098998739	2.1086971136955643
P↔T	145	18405	1.8014155383733135	1.0	2.1152893046128063	5.333333492279053	2.1086971136955643	2.121832128392389
P↔T	146	17887	1.803369324336732	1.0	2.128337546686453	5.333333492279053	2.121832128392389	2.134967143089214
P↔T	147	18131	1.8106780502630617	1.0	2.141538373939074	5.400000095367432	2.134967143089214	2.148102157786039
P↔T	148	17624	1.842426439976346	1.0	2.1546737423683697	5.44444465637207	2.148102157786039	2.1612371724828643
P↔T	149	18234	1.8450757545821823	1.0	2.167855062985976	5.44444465637207	2.1612371724828643	2.1743721871796895
P↔T	150	18327	1.8351021224207318	1.0	2.180900478455555	5.401869297027588	2.1743721871796895	2.1875072018765147
P↔T	151	18376	1.825828799805176	1.0	2.193969206805495	5.44444465637207	2.1875072018765147	2.20064221657334
P↔T	152	18733	1.841368417849831	1.0	2.207209709959812	5.54159421920776	2.20064221657334	2.213777231270165
P↔T	153	18722	1.8240242178923247	1.0	2.220298689413156	5.454115462303163	2.213777231270165	2.2269122459669903
P↔T	154	18015	1.8516442143913776	1.0	2.2333441685455884	5.582278251647949	2.2269122459669903	2.2400472606638147
P↔T	155	18260	1.8470378414237094	1.0	2.2465879182180664	5.538461685180664	2.2400472606638147	2.25318227536064
P↔T	156	17651	1.87652034734803	1.0	2.2596233621135857	5.568420886993408	2.25318227536064	2.266317290057465
P↔T	157	17419	1.8672670979431107	1.0	2.272885757979179	5.472362041473389	2.266317290057465	2.2794523047542903
P↔T	158	17093	1.870046175147612	1.0	2.285853650049946	5.55555534362793	2.2794523047542903	2.2925873194511155
P↔T	159	16146	1.8426474396748036	1.0	2.299114732425703	5.44444465637207	2.2925873194511155	2.3057223341479407
P↔T	160	15356	1.8603871921351502	1.0	2.3122648019532073	5.448009490966797	2.3057223341479407	2.318857348844766
P↔T	161	14953	1.8541512875973736	1.0	2.32541039464878	5.44444465637207	2.318857348844766	2.331992363541591
P↔T	162	14220	1.8563262752675138	1.0	2.3385111528704785	5.451612949371338	2.331992363541591	2.3451273782384154
P↔T	163	14043	1.8601868568148903	1.0	2.3516282863923457	5.450989484786985	2.3451273782384154	2.3582623929352406
P↔T	164	13219	1.8855704890950309	1.0	2.3647458361099067	5.761904716491699	2.3582623929352406	2.371397407632066
P↔T	165	12418	1.9032631265807984	1.0	2.3778283883718254	5.689376497268674	2.371397407632066	2.384532422328891
P↔T	166	12247	1.9401841025805293	1.0	2.3910477309365428	5.8275861740112305	2.384532422328891	2.3976674370257163
P↔T	167	11745	1.990375276848122	1.0	2.4041966790202363	6.246153831481919	2.3976674370257163	2.4108024517225415
P↔T	168	11213	1.9016865377792715	1.0	2.4173628171513393	5.772191429138181	2.4108024517225415	2.4239374664193667
P↔T	169	10858	1.9433712373563303	1.0	2.4302788712274697	6.050054121017456	2.4239374664193667	2.437072481116192
P↔T	170	10049	1.945771443024122	1.0	2.443567638214325	6.122457695007326	2.437072481116192	2.4502074958130162
P↔T	171	9367	1.891907156881864	1.0	2.456700699348454	5.582278251647949	2.4502074958130162	2.4633425105098414
P↔T	172	8361	1.8442579112316972	1.0	2.469784887694152	5.622073650360107	2.4633425105098414	2.4764775252066666
P↔T	173	7947	1.8558135772630435	1.0	2.4828720211534154	5.578121042251585	2.4764775252066666	2.489612539903492
P↔T	174	7250	1.870894259156852	1.0	2.4962184421735407	5.75856847763061	2.489612539903492	2.502747554600317
P↔T	175	6982	1.8838952545346588	1.0	2.509291731679427	5.812149190902706	2.502747554600317	2.5158825692971423
P↔T	176	6375	1.8860996431836894	1.0	2.5225837990034226	5.764705657958984	2.5158825692971423	2.5290175839939675
P↔T	177	5489	1.7581783054434856	1.0	2.5353198890441284	5.235597515106198	2.5290175839939675	2.5421525986907927
P↔T	178	4959	1.783242859747122	1.0	2.5487326157465477	5.400000095367432	2.5421525986907927	2.555287613387617
P↔T	179	4414	1.7697273588418205	1.0	2.5615667640298905	5.400000095367432	2.555287613387617	2.568422628084442
P↔T	180	3704	1.6938711680294884	1.0	2.5747717336212395	4.731997346878046	2.568422628084442	2.5815576427812674
P↔T	181	3179	1.7409974420621883	1.0	2.587585231544345	4.857504558563232	2.5815576427812674	2.5946926574780926
P↔T	182	2602	1.8513765757492557	1.0	2.6010656078235246	5.633061885833739	2.5946926574780926	2.607827672174918
P↔T	183	2293	1.7611900785319732	1.0	2.6141230326440454	5.119999885559082	2.607827672174918	2.620962686871743
P↔T	184	1652	1.645061123457717	1.0	2.627551356713497	4.890874481201169	2.620962686871743	2.6340977015685683
P↔T	185	1730	1.6089150949020605	1.0	2.6407941806854716	4.5	2.6340977015685683	2.6472327162653935
P↔T	186	1631	1.626921664637923	1.0	2.653623665718016	4.828571319580078	2.6472327162653935	2.660367730962218
P↔T	187	1288	1.5416553611896053	1.0	2.6668358143098962	4.454545497894287	2.660367730962218	2.673502745659043
P↔T	188	1328	1.538009616535112	1.0	2.6800549508893163	3.733333408832536	2.673502745659043	2.686637760355868
P↔T	189	1014	1.4499290223422605	1.0	2.6929076188111583	3.4190485000610322	2.686637760355868	2.6997727750526934
P↔T	190	799	1.472930645465254	1.0	2.7063402969337806	3.5714285373687744	2.6997727750526934	2.7129077897495186
P↔T	191	749	1.3569326929161163	1.0	2.7195098550511485	2.777777671813965	2.7129077897495186	2.726042804446344
P↔T	192	634	1.4280466954414777	1.0	2.731842573147765	3.6666667461395264	2.726042804446344	2.739177819143169
P↔T	193	553	1.5117740247391878	1.0	2.745781603243224	3.705882406234739	2.739177819143169	2.7523128338399943
P↔T	194	560	1.3119227036833763	1.0	2.759107260378747	2.7426198363304106	2.7523128338399943	2.7654478485368186
P↔T	195	648	1.3847602811860449	1.0	2.7721127146388134	3.0	2.7654478485368186	2.778582863233644
P↔T	196	502	1.319578211858453	1.0	2.7847138868012533	2.8073603034019468	2.778582863233644	2.791717877930469
P↔T	197	341	1.207410580251923	1.0	2.798150636162544	2.2727272510528564	2.791717877930469	2.804852892627294
P↔T	198	251	1.203556848237239	1.0	2.8111208704627817	2.0615384578704834	2.804852892627294	2.8179879073241194
P↔T	199	60	1.287731699148814	1.0	2.8226192387152955	3.013333332538604	2.8179879073241194	2.8311229220209446
TT	0	329	1.6179496328881446	1.0	0.3025745085717092	4.54285726547241	0.3010299956639812	0.3569211241698519
TT	1	3	1.0	1.0	0.3970140602477545	1.0	0.3569211241698519	0.41281225267572264
TT	2	12	1.6774606605370839	1.0	0.4545354526456126	4.9749999046325675	0.41281225267572264	0.4687033811815933
TT	3	231	1.7164899822953459	1.0	0.47717258588042194	5.082878112792969	0.4687033811815933	0.524594509687464
TT	4	13	2.2301149368286133	1.0	0.553385727309097	6.993845939636228	0.524594509687464	0.5804856381933348
TT	5	214	1.6658355794220328	1.0	0.6008275749013221	5.1166667222976665	0.5804856381933348	0.6363767666992055
TT	6	39	2.119479381121122	1.0	0.6790088360614602	7.275447654724124	0.6363767666992055	0.6922678952050761
TT	7	156	1.5682907769313226	1.0	0.7043727319398929	4.1724138259887695	0.6922678952050761	0.7481590237109468
TT	8	194	1.6535075589553596	1.0	0.7767283131270925	5.711110973358152	0.7481590237109468	0.8040501522168175
TT	9	157	1.2992091201672888	1.0	0.8397126359767577	2.3439668655395427	0.8040501522168175	0.8599412807226883
TT	10	149	1.3763230054970557	1.0	0.8959171902898968	3.3186794757842986	0.8599412807226883	0.915832409228559
TT	11	151	1.5435336086134248	1.0	0.9494460053965461	3.951612949371338	0.915832409228559	0.9717235377344298
TT	12	144	1.6619245244397058	1.0	1.0001834940314869	5.3581818819046	0.9717235377344298	1.0276146662403003
TT	13	220	1.2810759690674869	1.0	1.056317231455149	2.6656676650047304	1.0276146662403003	1.083505794746171
TT	14	204	1.3232660463043289	1.0	1.1126312392978945	2.653508830070495	1.083505794746171	1.1393969232520418
TT	15	231	1.3314137928413623	1.0	1.1669636432291688	2.5458978414535522	1.1393969232520418	1.1952880517579125
TT	16	232	1.2213015088747288	1.0	1.2224580472404858	2.0	1.1952880517579125	1.2511791802637833
TT	17	299	1.460792242085256	1.0	1.278535622667091	4.094721317291259	1.2511791802637833	1.307070308769654
TT	18	292	1.4807738869974059	1.0	1.3363415464994446	4.5	1.307070308769654	1.3629614372755245
TT	19	345	1.4875322324642237	1.0	1.3922569916507963	4.918367385864262	1.3629614372755245	1.4188525657813953
TT	20	408	1.7468025056170482	1.0	1.447843420519164	6.249287700653076	1.4188525657813953	1.474743694287266
TT	21	438	1.577738303844243	1.0	1.5031391185521599	4.591836929321289	1.474743694287266	1.5306348227931368
TT	22	456	1.471728845646507	1.0	1.5577093143520773	3.6615383625030518	1.5306348227931368	1.5865259512990075
TT	23	471	1.5029905194183317	1.0	1.6144534046512669	4.535714387893677	1.5865259512990075	1.6424170798048783
TT	24	619	1.3932887758692556	1.0	1.6717898604164632	3.5217392444610596	1.6424170798048783	1.6983082083107488
TT	25	763	1.402301804422551	1.0	1.7267086214678067	3.5999999046325684	1.6983082083107488	1.7541993368166195
TT	26	970	1.402835235276173	1.0	1.7828108954097763	3.9686046361923184	1.7541993368166195	1.8100904653224903
TT	27	1089	1.323701066309646	1.0	1.8385289594833807	3.3809523582458323	1.8100904653224903	1.865981593828361
TT	28	1312	1.318404447287321	1.0	1.8954772405497955	3.2666666507720947	1.865981593828361	1.9218727223342318
TT	29	1666	1.294480121293131	1.0	1.9523169656833856	2.7892720103263855	1.9218727223342318	1.9777638508401023
TT	30	2151	1.1791337784474976	1.0	2.0077392391302364	2.0	1.9777638508401023	2.033654979345973
TT	31	2556	1.3016701660152519	1.0	2.062549865197586	2.777777671813965	2.033654979345973	2.089546107851844
TT	32	2708	1.2597491952481967	1.0	2.117354060538273	2.660360443592073	2.089546107851844	2.1454372363577145
TT	33	3329	1.2442260696996115	1.0	2.1729785600343523	2.424671220779412	2.1454372363577145	2.2013283648635853
TT	34	3888	1.216401298626215	1.0	2.231183553521517	2.173806548118583	2.2013283648635853	2.2572194933694556
TT	35	5035	1.1913859145762076	1.0	2.2837027299488484	2.0	2.2572194933694556	2.313110621875327
TT	36	3638	1.2096009303934958	1.0	2.339728898866929	2.2727272510528564	2.313110621875327	2.3690017503811975
TT	37	2690	1.2681405355052877	1.0	2.3939215492430628	2.777777671813965	2.3690017503811975	2.424892878887068
TT	38	3053	1.1951174846915311	1.0	2.452839214012028	2.0	2.424892878887068	2.4807840073929386
TT	39	2085	1.212270920568233	1.0	2.5067220452528614	2.2750179767608643	2.4807840073929386	2.5366751358988093
TT	40	1235	1.139334635985525	1.0	2.5594251815001545	1.8412264943122856	2.5366751358988093	2.59256626440468
TT	41	246	1.1169475491453962	1.0	2.622487131295233	1.7176470160484314	2.59256626440468	2.648457392910551
TT	42	564	1.0474931409595707	1.0	2.676759960512835	1.4648329734802255	2.648457392910551	2.7043485214164216
TT	43	109	1.0844935769334845	1.0	2.71410890550557	1.5882352590560913	2.7043485214164216	2.7602396499222923
TT	44	2	1.8888888359069824	1.8888888359069824	2.7914112033223777	2.6888887882232666	2.7602396499222923	2.816130778428163
