channel	bin	log10_lower	log10_upper	N	distance_median	median_MIraw	mean_MIraw	Q25	Q75	Q95	Q99	Q99_9
PP	0	0.3010299956639812	0.31366621124592164	2266.0	1.0	0.08138626559563623	0.1478759871318136	0.0121696594316049	0.23829321512852167	0.5124481607062477	0.631316892917911	0.6681542074864046
PP	1	0.31366621124592164	0.3263024268278621	99.0	1.082191780821918	0.03865887762419854	0.10443640215010369	0.006094526194467877	0.15484374748242752	0.4528348441850135	0.5420532607313472	0.602714224422055
PP	2	0.3263024268278621	0.33893864240980254	63.0	1.146341463414634	0.03604219233641286	0.08320883773190597	0.004956909098153276	0.1130811052983971	0.29972458902491966	0.47279910671558734	0.6342126648881893
PP	3	0.33893864240980254	0.351574857991743	37.0	1.2	0.01921497608360704	0.0659153549060772	0.004099295705722949	0.0641966629190104	0.3569942384183863	0.3622139522696126	0.3630438500334787
PP	4	0.351574857991743	0.36421107357368343	38.0	1.2829200770341838	0.03236920971934478	0.054964607369553574	0.007025577963988286	0.08014422326061818	0.14904615915906438	0.3064951775953911	0.3088527486648899
PP	5	0.36421107357368343	0.3768472891556238	30.0	1.345554834523037	0.022257180478760595	0.05799980787640734	0.011544338344056264	0.07779544105275335	0.22011422639027173	0.28105216122329507	0.2994794238785804
PP	6	0.3768472891556238	0.38948350473756427	25.0	1.4232558139534883	0.017276979556650265	0.028587019311028587	0.0009772065480876694	0.03938047783068564	0.10020641538734767	0.10868570808733305	0.1100057486442821
PP	7	0.38948350473756427	0.4021197203195047	33.0	1.4935064935064934	0.011615431305384737	0.0630147714831482	0.0043500842603340275	0.0650725468573934	0.1912869937155468	0.5122254673094042	0.6463081540363298
PP	8	0.4021197203195047	0.41475593590144516	34.0	1.5661563696008747	0.042514766385857036	0.09370405229653309	0.015871439007508432	0.13371105143476544	0.2715775178820053	0.4911536331422701	0.5546193046357442
PP	9	0.41475593590144516	0.4273921514833856	42.0	1.6401515151515151	0.03364912413029417	0.07103716399143246	0.00568603585987853	0.10715388272155725	0.2943151773854802	0.43371422920227143	0.4590910463965826
PP	10	0.4273921514833856	0.44002836706532605	30.0	1.7142857142857142	0.02867498732542412	0.09699881687144882	0.004021822153662275	0.0943103127692516	0.43528723095139865	0.4595613222793265	0.46269525532483674
PP	11	0.44002836706532605	0.4526645826472665	68.0	1.7955840455840457	0.011713743739279563	0.05103240158357658	0.0027731093681364945	0.07895758757567972	0.2290992384378958	0.2566765914482114	0.26227687307324454
PP	12	0.4526645826472665	0.46530079822920695	105.0	1.8888888888888888	0.06010096854314546	0.11484951481098543	0.007172665285302474	0.16445011814723842	0.4137220590624062	0.5542808074412893	0.6073960180190991
PP	13	0.46530079822920695	0.4779370138111474	1485.0	2.0	0.06735883084473374	0.13566106878467776	0.009837844682618158	0.21305023936441345	0.4857072774403386	0.6249572117946857	0.6627953527012798
PP	14	0.4779370138111474	0.4905732293930878	239.0	2.037037037037037	0.057192311736881496	0.12407636018864719	0.005325734853444378	0.18710145080584584	0.4348262997683426	0.5947325782140344	0.6116513491547376
PP	15	0.4905732293930878	0.5032094449750283	111.0	2.1363636363636362	0.04378301199226133	0.09333166494418665	0.0065499315883632125	0.1295920490326856	0.3406918494267248	0.5768285247137394	0.6071639368382112
PP	16	0.5032094449750283	0.5158456605569687	75.0	2.2222222222222223	0.01637617024564624	0.05896221300336585	0.0036001759900270054	0.060610260186570154	0.27564793185003555	0.36984815467805043	0.403745662999947
PP	17	0.5158456605569687	0.5284818761389092	61.0	2.3333333333333335	0.02331979746271593	0.07031820449558104	0.004211947679885692	0.08806870899963812	0.3128329957342699	0.44381358772641416	0.4641246117651716
PP	18	0.5284818761389092	0.5411180917208496	59.0	2.4285714285714284	0.01987478667981237	0.057303828669765286	0.0026269093062873767	0.06620573993006217	0.21053669160477673	0.4341360801094872	0.5796983790242493
PP	19	0.5411180917208496	0.55375430730279	70.0	2.5329756450446106	0.028646729735500687	0.06747810846876393	0.004677124950857734	0.08455508760233692	0.26134469397884685	0.4558904583577614	0.5686624702605243
PP	20	0.55375430730279	0.5663905228847305	86.0	2.6363636363636362	0.021454098982339298	0.06948689901912905	0.0034390224461262634	0.06143869180655913	0.3303572273358221	0.46370567310629884	0.4761577791006502
PP	21	0.5663905228847305	0.579026738466671	92.0	2.7486559139784945	0.046204083858692874	0.09737431834393526	0.006699102587945286	0.1578487414510234	0.33150806222755963	0.3962462635348256	0.46196953763591164
PP	22	0.579026738466671	0.5916629540486114	264.0	2.86351217088922	0.03558528044328218	0.09203640981065574	0.007214742513524271	0.11998086483628516	0.35755337096505746	0.6337723641447783	0.6523103314807417
PP	23	0.5916629540486114	0.6042991696305517	1256.0	2.9836065573770494	0.059062917136490464	0.12564940177753633	0.010962505632035009	0.197119966746756	0.4564289888528172	0.612154916478691	0.6523103314807417
PP	24	0.6042991696305517	0.6169353852124922	201.0	3.066666666666667	0.05201990068536108	0.10961954669832276	0.009848605847398724	0.15185054827733577	0.4122937613586227	0.6179386658854067	0.6351555877840879
PP	25	0.6169353852124922	0.6295716007944328	106.0	3.2	0.03220530129225464	0.08335742811193791	0.005622076202407197	0.139459559993474	0.3122871685873285	0.4049671948313668	0.4919170128739689
PP	26	0.6295716007944328	0.6422078163763731	97.0	3.3333333333333335	0.026851394695049678	0.07815388929607557	0.006042874927253013	0.09687309396506391	0.3159468065048298	0.3958336842012862	0.5119930542023476
PP	27	0.6422078163763731	0.6548440319583135	113.0	3.4444444444444446	0.021893146751781646	0.07172645082336726	0.002598107121611683	0.09656247989047852	0.3091854265173666	0.49796821231446203	0.5907431648720303
PP	28	0.6548440319583135	0.6674802475402539	105.0	3.5813953488372094	0.018544515677591102	0.07723582407680084	0.003630227089572703	0.11453325308122307	0.31803331672675345	0.46076397266380764	0.4772627807950751
PP	29	0.6674802475402539	0.6801164631221944	181.0	3.730769230769231	0.02975362817874664	0.08591821585556006	0.00398001157150015	0.13823675237042476	0.28668350844300283	0.4854203170829934	0.6084495076812001
PP	30	0.6801164631221944	0.6927526787041349	513.0	3.875	0.037372174828125604	0.10863930674286026	0.006327602023130528	0.16225587751988804	0.43738514299636194	0.6421655129988194	0.6585251177421333
PP	31	0.6927526787041349	0.7053888942860753	966.0	3.9930429522081066	0.04225178476914308	0.10961526714173173	0.006087095677627469	0.17717850624613182	0.4230461588976818	0.5743754050770661	0.6337220710776296
PP	32	0.7053888942860753	0.7180251098680157	190.0	4.15	0.032131964517409364	0.08093695180190102	0.0042892940004556675	0.10358923573967739	0.31341716866971076	0.5176688902362497	0.5931257007205942
PP	33	0.7180251098680157	0.7306613254499562	149.0	4.293333333333333	0.025583968711396947	0.08098883271067786	0.004637006336629873	0.10026939610369656	0.3841657517603242	0.502365227356054	0.5200723826142443
PP	34	0.7306613254499562	0.7432975410318967	145.0	4.446428571428571	0.034549896717132676	0.08537600614869686	0.003123640687951238	0.1266192513462182	0.3348017267233222	0.4845721214767566	0.5853133567496299
PP	35	0.7432975410318967	0.7559337566138371	196.0	4.6298833079655	0.03766700756533885	0.09020423569635226	0.007089352851085717	0.13322403440109473	0.36267273512458137	0.4723602476060008	0.5627020575488594
PP	36	0.7559337566138371	0.7685699721957775	384.0	4.8	0.04178964145549882	0.11050966938499547	0.005791509309745475	0.1640436410213811	0.435995382489425	0.6500985405434865	0.6601679608317227
PP	37	0.7685699721957775	0.7812061877777179	991.0	4.962962962962963	0.05838726581213667	0.1233425327885927	0.00974770844587618	0.1899915766612118	0.45577424971172353	0.5728709692013529	0.6524699009194509
PP	38	0.7812061877777179	0.7938424033596584	248.0	5.11572606214331	0.035357285558927136	0.08417099559244753	0.005678921793177532	0.11844192739089847	0.3540963022147852	0.5103176924584517	0.6019386419856635
PP	39	0.7938424033596584	0.8064786189415989	187.0	5.333333333333333	0.015552230938731712	0.07064160996609382	0.002828159168026338	0.06314301370780226	0.3370615864379095	0.4988416150856903	0.6123302214664892
PP	40	0.8064786189415989	0.8191148345235393	195.0	5.5	0.027320009452861338	0.07279930047475194	0.006010602538910403	0.11761022444966018	0.2768085991169146	0.41262735417835184	0.4614380125332502
PP	41	0.8191148345235393	0.8317510501054797	366.0	5.7	0.022375709283569228	0.08329061254218931	0.0035241599133738226	0.0953600671861277	0.3560696139658262	0.6397553136324479	0.6650455492294949
PP	42	0.8317510501054797	0.8443872656874201	822.0	5.907775693141547	0.03389051968704141	0.09585242506774973	0.004591834510449744	0.14868918878809434	0.38221032997921145	0.5173177720210398	0.6267873302532709
PP	43	0.8443872656874201	0.8570234812693607	580.0	6.010242474916389	0.018809796206660664	0.06970111205118364	0.003548168359329421	0.08408198207091726	0.31298829365431274	0.4794427081694648	0.5727036041774128
PP	44	0.8570234812693607	0.8696596968513011	265.0	6.311688311688312	0.016629253867481607	0.060776993695275526	0.0031405579017442613	0.0668168480080744	0.2985636102427746	0.41988487073593167	0.50870913546931
PP	45	0.8696596968513011	0.8822959124332415	288.0	6.532291666666667	0.020338113996003597	0.05997011743566559	0.0029787052095211733	0.08889442831144272	0.24234584284176566	0.358044938368655	0.4178019475350266
PP	46	0.8822959124332415	0.8949321280151818	494.0	6.75	0.02118727860500892	0.08394573111911635	0.0033842463113063653	0.10910075494353726	0.39036755827369174	0.6297000083507391	0.6587670868793596
PP	47	0.8949321280151818	0.9075683435971225	931.0	6.958333333333333	0.021681977461046137	0.07406912392123219	0.003061613692188151	0.10662792729066323	0.30877865797177084	0.44813215111601834	0.5212131361378542
PP	48	0.9075683435971225	0.9202045591790629	353.0	7.2	0.014639972830688401	0.057675125452450834	0.0028940696714504647	0.07137488201290992	0.2731005232263747	0.36836556915590335	0.45710924273114056
PP	49	0.9202045591790629	0.9328407747610032	333.0	7.444444444444445	0.015477875552543204	0.054525485233541504	0.002750438554182552	0.07940654250559684	0.22826485236311073	0.37938508348221855	0.4335822575956082
PP	50	0.9328407747610032	0.9454769903429436	524.0	7.708867521367521	0.01799625324118035	0.07386229618858806	0.003197769143438444	0.09736447772782919	0.3273921505672686	0.6158799726723082	0.6650455492294949
PP	51	0.9454769903429436	0.9581132059248842	907.0	7.944444444444445	0.01669571668302895	0.06864685057626069	0.0026768718198975135	0.09761184019483657	0.31821245243477025	0.42960542082105974	0.559324306333479
PP	52	0.9581132059248842	0.9707494215068246	426.0	8.201769911504424	0.014870605096952419	0.05716696414781625	0.0029970353996730892	0.07136431894080464	0.27618075508499107	0.4246055371353715	0.5368635408752609
PP	53	0.9707494215068246	0.983385637088765	457.0	8.5	0.011319100852667935	0.05194380968528239	0.0014592451190762051	0.055500917590709783	0.2260736405707707	0.585412587363868	0.6423005162398322
PP	54	0.983385637088765	0.9960218526707054	699.0	8.797619047619047	0.01529522675712503	0.06553372587621227	0.002252206730303247	0.09824544656865125	0.28524151176945656	0.41459237154151063	0.5641392194319106
PP	55	0.9960218526707054	1.0086580682526458	825.0	9.0	0.014264097880707257	0.04915267290344696	0.0027070904475823042	0.05125048592163344	0.22437772421005392	0.4083483655942093	0.5227370644695469
PP	56	1.0086580682526458	1.0212942838345864	460.0	9.354502688172044	0.012754698130387574	0.05463505167813637	0.0023619503517600593	0.05796263711641319	0.2312769700790641	0.440536321615584	0.5477563666075941
PP	57	1.0212942838345864	1.0339304994165268	643.0	9.666666666666666	0.014652031243473985	0.05909657655675683	0.0019254919011428423	0.06883779479599014	0.25618311779060104	0.5184582857127242	0.6457973580153471
PP	58	1.0339304994165268	1.0465667149984672	919.0	9.954545454545455	0.012815498123861655	0.05137008437229415	0.00199019924902334	0.05777175787211578	0.23198164407377977	0.3702271431008927	0.4566060298227141
PP	59	1.0465667149984672	1.0592029305804076	545.0	10.285714285714286	0.012599376047586666	0.05012643417418964	0.002062448815242703	0.05194928698130893	0.2383674578801787	0.4465296043034231	0.6248801035279423
PP	60	1.0592029305804076	1.0718391461623482	669.0	10.631067961165048	0.010773697642425617	0.05223157412741087	0.0013910669267701813	0.05767133281155389	0.23214536576393224	0.46209964739470144	0.6097647398944943
PP	61	1.0718391461623482	1.0844753617442886	960.0	10.941176470588236	0.011922910405627974	0.04555102224513175	0.001993279314615421	0.05690760509778562	0.20538325326567056	0.345871999691091	0.40461753730646793
PP	62	1.0844753617442886	1.097111577326229	613.0	11.333333333333334	0.01139480175771922	0.046487793885878835	0.0019617736720196222	0.04503705997633592	0.21416869286852908	0.4717863614090828	0.6454305637777881
PP	63	1.097111577326229	1.1097477929081694	870.0	11.714285714285714	0.01265661129394785	0.04935772051697087	0.002484480166540179	0.0589925838182314	0.21720253917265164	0.3463107979417354	0.5162963281415467
PP	64	1.1097477929081694	1.1223840084901098	910.0	12.008294408572606	0.00937451141456283	0.03875391489364827	0.001988206935794431	0.0433610696174205	0.17232564107783171	0.3244016000679727	0.5170614913430391
PP	65	1.1223840084901098	1.1350202240720504	746.0	12.466666666666667	0.012431796610429353	0.05009982307378461	0.0018973838098228185	0.05523509240466227	0.21371542905348684	0.4608167722391908	0.6089876075536621
PP	66	1.1350202240720504	1.1476564396539908	1126.0	12.857142857142858	0.009730089646367051	0.04144170901106097	0.0015980799887099308	0.04868091759011868	0.18757469951131894	0.3376699496107802	0.3854328067761134
PP	67	1.1476564396539908	1.1602926552359312	765.0	13.255369928400954	0.011199868265387845	0.04430283711307826	0.002097746921457616	0.04593790217412098	0.19798857308776596	0.368144324721815	0.6163355410043516
PP	68	1.1602926552359312	1.1729288708178716	1012.0	13.705882352941176	0.011654961201202598	0.043856831141436	0.0020818974124187798	0.051281455965554015	0.19163632670931563	0.3424389456070118	0.45865303833092447
PP	69	1.1729288708178716	1.1855650863998122	936.0	14.064309346567411	0.011757033073982837	0.04179928288378648	0.0019957106972659693	0.04363729142363687	0.1776159627643874	0.3674588888529133	0.5889794064875663
PP	70	1.1855650863998122	1.1982013019817526	1033.0	14.571428571428571	0.011398627729609395	0.04003948500758214	0.0019664780650372245	0.04778483671225447	0.17656379723776322	0.3101934176029112	0.4294145089452588
PP	71	1.1982013019817526	1.210837517563693	1079.0	15.0	0.009613305341795615	0.03645095360416939	0.0018082991838461165	0.03763357542729866	0.16265916954325232	0.314212930683921	0.47537096615545893
PP	72	1.210837517563693	1.2234737331456333	1002.0	15.5	0.010113635320671898	0.03893385015279454	0.0016718896394003252	0.043150764488193674	0.17201459246214293	0.31793116800629356	0.4622840918979423
PP	73	1.2234737331456333	1.236109948727574	1216.0	15.985184372256365	0.01025713102330789	0.03639367887675421	0.001631028142356532	0.0405740921816376	0.1630746548919306	0.28863760726984994	0.4091103206409456
PP	74	1.236109948727574	1.2487461643095144	1038.0	16.5	0.008845447673030526	0.03716822747483813	0.0017802985725972064	0.03998560637684877	0.17437530657332434	0.3346345698108784	0.4679850510287045
PP	75	1.2487461643095144	1.2613823798914547	1297.0	17.0	0.00893976112232466	0.03177155968834843	0.0016256146931705835	0.03625121747831725	0.13939775365855664	0.2711636499890806	0.35027657260586775
PP	76	1.2613823798914547	1.2740185954733951	1115.0	17.555555555555557	0.008580940866928032	0.03508135426505994	0.0014171249161946198	0.037644900696905376	0.16407519598709824	0.32611755809878334	0.4373807914560165
PP	77	1.2740185954733951	1.2866548110553355	1318.0	18.020998589811388	0.009546320423237416	0.03215246067679135	0.0017573089687781926	0.038998727260049194	0.13477249283808507	0.23705765791990202	0.35234210646550795
PP	78	1.2866548110553355	1.2992910266372761	1318.0	18.644536271809	0.00904269465581135	0.03391156500525393	0.0015484520425411619	0.03888801710397209	0.15000450485557512	0.27403480931761826	0.3835963434450831
PP	79	1.2992910266372761	1.3119272422192165	1324.0	19.2	0.007977561607892283	0.030682336481520984	0.0014314041952361387	0.03648507804127791	0.1342183587382541	0.23637947511779228	0.45989913810100475
PP	80	1.3119272422192165	1.324563457801157	1476.0	19.823529411764707	0.009157973819159103	0.03149176214444907	0.0017282502882210035	0.03814230786077669	0.13707698991528344	0.25479888528223504	0.4036940662159525
PP	81	1.324563457801157	1.3371996733830975	1356.0	20.43512506012506	0.007786698126631823	0.03001565264325575	0.0014688159472423465	0.0357391085949064	0.13346081846444133	0.2426383155788962	0.42473734812253594
PP	82	1.3371996733830975	1.349835888965038	1453.0	21.020833333333332	0.007276466549751714	0.027880285315841354	0.0015723148003506174	0.029827630195032553	0.13066712301453048	0.27691512648143	0.4586323828750342
PP	83	1.349835888965038	1.3624721045469783	1569.0	21.714285714285715	0.007712470494049965	0.028238481333545208	0.0016326664926143491	0.03120765077397366	0.13338698229112897	0.22712310553868403	0.3495970455227149
PP	84	1.3624721045469783	1.3751083201289187	1506.0	22.4	0.008291105634383063	0.02903250242532872	0.0015652098849202193	0.03298206822998787	0.13253962731508406	0.22572975863860717	0.42893913248005094
PP	85	1.3751083201289187	1.387744535710859	1553.0	23.045454545454547	0.007939169573461654	0.02943321215333869	0.001446129194626496	0.03678800647541904	0.13760207766774785	0.2355050347717994	0.4366729651150672
PP	86	1.387744535710859	1.4003807512927997	1593.0	23.8	0.0070596946240328445	0.026754431402790844	0.0015387079203312698	0.029208317069036437	0.13094895264794765	0.21101525484230507	0.3381239043193504
PP	87	1.4003807512927997	1.41301696687474	1688.0	24.5	0.007023109821298499	0.026796576310041783	0.0014299267756810305	0.02925256879941393	0.12647384326035038	0.2172185074406145	0.3350766352484956
PP	88	1.41301696687474	1.4256531824566805	1727.0	25.25	0.006674524656154035	0.025780388409821643	0.0012375155405098493	0.02822752817495689	0.12331659782774597	0.2163641986706626	0.3338882984339595
PP	89	1.4256531824566805	1.4382893980386209	1883.0	26.0	0.006338296166709393	0.024404268800514415	0.001306542732690416	0.02571747286787208	0.11817104469754514	0.2275649106093808	0.31887052543713795
PP	90	1.4382893980386209	1.4509256136205615	1912.0	26.838819188191884	0.006674305390709508	0.025194339182308834	0.00126604708021355	0.027675340605045843	0.12470502214539202	0.216854927475193	0.28104221790090195
PP	91	1.4509256136205615	1.4635618292025019	1854.0	27.666666666666668	0.006325853329025348	0.024519386787785594	0.0013881909593251246	0.026576265421751066	0.11960618152386368	0.21554537500508075	0.2921466774523846
PP	92	1.4635618292025019	1.4761980447844423	1861.0	28.503703703703703	0.006302427772710641	0.022639619637344264	0.001372177439577093	0.024868777280308438	0.10669566468055	0.2003968026089909	0.3024815088294924
PP	93	1.4761980447844423	1.4888342603663827	2076.0	29.375	0.0059167819912795344	0.0225059707323224	0.0012973176926352283	0.024036516706554663	0.10491090305707407	0.2058731547188625	0.35828922870935614
PP	94	1.4888342603663827	1.5014704759483233	2125.0	30.270833333333332	0.005775028978137516	0.021270565815357658	0.0012165855406180487	0.02329711727568612	0.09537235066243323	0.20518431039649454	0.27857219737438255
PP	95	1.5014704759483233	1.5141066915302637	2275.0	31.181818181818183	0.005538408126952193	0.02089336640332612	0.0011228700155180849	0.022960495150425517	0.09484783234699957	0.19436394709880914	0.2907771233226867
PP	96	1.5141066915302637	1.526742907112204	2316.0	32.13819628647215	0.006262179705340567	0.02074284634127619	0.001318529116008846	0.024134652076499036	0.08991051757070907	0.16770209182476695	0.24282756125768348
PP	97	1.526742907112204	1.5393791226941445	2384.0	33.125	0.006567125006617672	0.021668727273512357	0.0013243719024639846	0.023442485380843665	0.10018118888175667	0.1916397277587569	0.27444590998993973
PP	98	1.5393791226941445	1.5520153382760848	2529.0	34.123711340206185	0.006258624220370761	0.02232673485655014	0.0012866647203198898	0.02359722681390318	0.10691246563153795	0.1901110542441289	0.28877472844028723
PP	99	1.5520153382760848	1.5646515538580255	2688.0	35.166666666666664	0.006060140163455647	0.020924663409794937	0.0012713826783285584	0.023831846798822418	0.09713201003014564	0.18239041544844253	0.23819930424584237
PP	100	1.5646515538580255	1.5772877694399658	2712.0	36.22222222222222	0.005825733360230255	0.020055538439231496	0.0012109199629409574	0.023399717316877667	0.09025914777697222	0.17791503238936485	0.23531183403555933
PP	101	1.5772877694399658	1.5899239850219062	2941.0	37.345794392523366	0.0059072190696139	0.02048694570973447	0.0012415001950775069	0.022100828338903263	0.09362006170387319	0.1813368570349488	0.2678663091716968
PP	102	1.5899239850219062	1.6025602006038466	3001.0	38.470588235294116	0.0057712572934160815	0.021215160340947725	0.0012092914322938252	0.024337369322361017	0.0984932987290724	0.18507835253096813	0.2721761355898587
PP	103	1.6025602006038466	1.6151964161857872	3015.0	39.63636363636363	0.005327605971973147	0.02081436877201121	0.001179369259448626	0.023502953186310703	0.09523694371913159	0.18492284961968944	0.2766257081082586
PP	104	1.6151964161857872	1.6278326317677276	3087.0	40.833333333333336	0.005152666331500957	0.018838190544541392	0.0009944873791483558	0.02181190638824419	0.08621464999400252	0.1579166577233605	0.31234414862385096
PP	105	1.6278326317677276	1.640468847349668	3214.0	42.083333333333336	0.004604853572916817	0.018747393770521488	0.0010322405847162368	0.02015284198271793	0.08696719623740717	0.17516274278110347	0.2517105871120749
PP	106	1.640468847349668	1.6531050629316084	3143.0	43.333333333333336	0.005248714311093876	0.018641140897828725	0.0010869790811247502	0.020258651710060076	0.08397341647291079	0.171673473592248	0.26592904066412354
PP	107	1.6531050629316084	1.6657412785135488	3490.0	44.64570147679325	0.004933125954431444	0.018237963733977874	0.0010668733742798162	0.019456684605051885	0.08444460438359784	0.17893419530770518	0.2346661469685884
PP	108	1.6657412785135488	1.6783774940954894	3452.0	46.0	0.005100618371418232	0.017984171247966616	0.0010244160567118642	0.01887360591855638	0.08354527901370616	0.1907953385699126	0.25934002836758424
PP	109	1.6783774940954894	1.6910137096774298	3633.0	47.4	0.004506102819486253	0.01831241296535446	0.0009640463165788184	0.019032973797116107	0.08386571459862842	0.19168911567205585	0.2772034218704573
PP	110	1.6910137096774298	1.7036499252593702	3787.0	48.81818181818182	0.004755970277974078	0.017438578275327025	0.0009743878870022787	0.019081178667001215	0.07980269895130161	0.16511189475170804	0.22863203233778726
PP	111	1.7036499252593702	1.7162861408413106	4115.0	50.27272727272727	0.004840693268225341	0.018220011924461613	0.0010390284758669713	0.019806297008423047	0.08227540053023023	0.18257667556306872	0.27522444198307816
PP	112	1.7162861408413106	1.7289223564232512	4095.0	51.8	0.0047277363154114155	0.01752206445185162	0.0009821015893646272	0.018808242990786143	0.0774980588563095	0.1616340210365595	0.25499954255100293
PP	113	1.7289223564232512	1.7415585720051916	4481.0	53.333333333333336	0.004874724448693432	0.017636085164149294	0.0010881406985315248	0.01898622565600039	0.0813746063748727	0.1610754525431704	0.27995753664519746
PP	114	1.7415585720051916	1.754194787587132	4430.0	55.0	0.0048707544509066746	0.017967776530406075	0.0010780271615464926	0.018923763626834254	0.08388703680780522	0.16338338307013026	0.23691036073763888
PP	115	1.754194787587132	1.7668310031690724	4764.0	56.625	0.004589470569281051	0.017517946519869487	0.0009788789021558078	0.018734333003986164	0.0786246834765852	0.18000833504611846	0.2578329163913837
PP	116	1.7668310031690724	1.779467218751013	4792.0	58.333333333333336	0.004597050588439936	0.017454763878064515	0.001040311872001647	0.01774281227298866	0.08494251143913445	0.16418313018136568	0.2385371002933225
PP	117	1.779467218751013	1.7921034343329534	4845.0	60.027272727272724	0.004531535322350722	0.01735208280600221	0.0009743195151581947	0.01783670641366459	0.08281772613056415	0.15386230158619865	0.25359316987555686
PP	118	1.7921034343329534	1.8047396499148938	5032.0	61.857142857142854	0.004939355227753205	0.018123586808961662	0.0010491232371187588	0.019759086223450604	0.08497000090468089	0.1542736589052418	0.24473475211958706
PP	119	1.8047396499148938	1.8173758654968342	5351.0	63.72727272727273	0.004807541949162713	0.01775053194302354	0.0010111372472939376	0.018720547014054147	0.08031013093772828	0.15829308367613715	0.2894223531617752
PP	120	1.8173758654968342	1.8300120810787746	5199.0	65.63636363636364	0.005094805930385991	0.017583449276325245	0.0010040390031312223	0.019119893717310363	0.07823192864161735	0.15261927437662484	0.265992662730285
PP	121	1.8300120810787746	1.8426482966607152	5451.0	67.625	0.005363002376003677	0.01919253363316706	0.001047428674728987	0.021389353280102837	0.08636611697155608	0.1695028481589953	0.2720403611952977
PP	122	1.8426482966607152	1.8552845122426556	5565.0	69.64814814814815	0.004681510120612201	0.01787029814250458	0.0009640463165788184	0.019510778559845954	0.08009735203520425	0.15930835240814906	0.2745365386787682
PP	123	1.8552845122426556	1.867920727824596	5718.0	71.66666666666667	0.004848801983300962	0.017150073250228125	0.001016837105837861	0.01837511646200178	0.07881086730462827	0.14771315661643272	0.265788113307212
PP	124	1.867920727824596	1.8805569434065363	5751.0	73.85714285714286	0.004801194253607833	0.01753318934243206	0.0009489881213947341	0.019094446804325135	0.08200965924227863	0.15907877557731867	0.2543383434051827
PP	125	1.8805569434065363	1.893193158988477	6084.0	76.0822072072072	0.005182864104047001	0.018584485945146105	0.0010811811414240598	0.02013082084391124	0.08375438396848825	0.16600928574104484	0.2848708139310162
PP	126	1.893193158988477	1.9058293745704173	6233.0	78.375	0.004952052448519506	0.018199595720469967	0.00091004830823471	0.019614048436291106	0.08333171660465429	0.1654947717006076	0.26926639942871194
PP	127	1.9058293745704173	1.9184655901523577	6278.0	80.70123966942148	0.004619615250344055	0.017912730883745495	0.0010320002303028165	0.019695926690879547	0.07982891017179763	0.16889230837703867	0.26827542310044383
PP	128	1.9184655901523577	1.9311018057342981	6256.0	83.08835005574136	0.004426711331875837	0.01785798167628847	0.0009106038002052	0.019761792789666926	0.08003720678707987	0.16222670365935535	0.25994906582460425
PP	129	1.9311018057342981	1.9437380213162385	6557.0	85.57142857142857	0.0048017622607258266	0.017807056064854828	0.0009308842590431505	0.019287690655819728	0.08291591421847903	0.15929966177065996	0.2521948316684195
PP	130	1.9437380213162385	1.9563742368981791	6583.0	88.16666666666667	0.004734209560957457	0.018013088236259404	0.0009280935437787209	0.019416334715803583	0.08462552464636489	0.1577604359626178	0.24693657711869388
PP	131	1.9563742368981791	1.9690104524801195	6572.0	90.8	0.004742577724776627	0.018164271813725843	0.0009320923680802939	0.01897382931483002	0.08650168058338166	0.16448916293992996	0.2593337248185822
PP	132	1.9690104524801195	1.98164666806206	6761.0	93.44444444444444	0.004495875732109104	0.018333197280231115	0.0009594763491316215	0.018318217482736307	0.08881890147032896	0.16757640231088694	0.2686713440007028
PP	133	1.98164666806206	1.9942828836440003	6715.0	96.25	0.0047676298454660225	0.018511952909401073	0.0010143946678635325	0.020700019181182076	0.08639452999293078	0.15560490261497725	0.23805149543294724
PP	134	1.9942828836440003	2.0069190992259407	6943.0	99.19047619047619	0.004671078020899725	0.017773564236656537	0.0009658386903017039	0.01825977167208757	0.08427328456888496	0.16086113929376944	0.26319345446675796
PP	135	2.0069190992259407	2.019555314807881	7097.0	102.125	0.004505358852888606	0.01689032270980833	0.0009522208138643719	0.01709174430198087	0.07790778407538533	0.15807643815472677	0.29802984014426065
PP	136	2.019555314807881	2.0321915303898215	6916.0	105.14285714285714	0.004322007327262818	0.01660664291311972	0.0009326025879494454	0.016140909899678188	0.07787244335288054	0.17361808860938566	0.27664263285871893
PP	137	2.0321915303898215	2.044827745971762	7175.0	108.25	0.004568193609085163	0.017267984845563737	0.0009271764877576915	0.01838301385931542	0.0753858933488012	0.16623554823323006	0.31835371447399957
PP	138	2.044827745971762	2.0574639615537023	6960.0	111.5	0.004719538347598789	0.017957205142739085	0.0009247699934398363	0.018711926102700827	0.08032580193964121	0.17405424144485696	0.3343558960177353
PP	139	2.0574639615537023	2.070100177135643	6861.0	114.8	0.00423708527795701	0.017238181100417794	0.0008945356805164274	0.01748437433878375	0.07809943713238143	0.17094738819314798	0.31150035755326055
PP	140	2.070100177135643	2.0827363927175835	6849.0	118.25	0.0042789068571752915	0.017927332094126083	0.000856972245920554	0.01771591996998133	0.08093896070683802	0.19017536277534852	0.3343558960177353
PP	141	2.0827363927175835	2.095372608299524	7040.0	121.73841767640769	0.004353789741047663	0.016252859101454017	0.0008601590136276963	0.016819910514861314	0.0729130353892996	0.15081812249817886	0.2702659479976715
PP	142	2.095372608299524	2.1080088238814643	7138.0	125.38461538461539	0.004017575485096823	0.016273948599532954	0.0007608756909496975	0.016978935220083	0.07577719986338895	0.14992535278963684	0.26580518650811524
PP	143	2.1080088238814643	2.1206450394634047	7368.0	129.14495798319328	0.0044645607154731	0.01570740095176839	0.0009220161161762105	0.017344583166946974	0.07021361923706292	0.13353956028800928	0.26453595152533976
PP	144	2.1206450394634047	2.133281255045345	6933.0	133.0	0.004386523638322122	0.01632235328205812	0.0009133915337823885	0.017265789640365823	0.07489760409001708	0.1464357387484686	0.27338527144928293
PP	145	2.133281255045345	2.1459174706272854	6974.0	136.88888888888889	0.004465863587995441	0.016443849306174197	0.0008758818765517336	0.017304675993223717	0.07406310532732605	0.149634419516591	0.24488270761623324
PP	146	2.1459174706272854	2.158553686209226	6731.0	140.98529411764707	0.004547609230258098	0.01633412909242487	0.0009109643497258336	0.017225084686526553	0.0732830878400802	0.14664409309432716	0.2595898669752842
PP	147	2.158553686209226	2.1711899017911667	6865.0	145.22727272727272	0.004413301781338885	0.017147894481503043	0.0008985626847653602	0.01864348311514888	0.0779575224623964	0.16324289686893095	0.30366480057627754
PP	148	2.1711899017911667	2.183826117373107	6921.0	149.5	0.004611619213408611	0.018523914570237145	0.0009543629953947821	0.01953429763375544	0.08708641753572753	0.17756413864598863	0.28119767237228566
PP	149	2.183826117373107	2.1964623329550474	7173.0	153.94392523364485	0.004615510625161554	0.01789897321091188	0.0008758818765517336	0.019155668615314068	0.08341222594638732	0.16186191601190375	0.27907346768641356
PP	150	2.1964623329550474	2.209098548536988	7224.0	158.53846153846155	0.004636493998105045	0.01828458563755213	0.0008923524534601821	0.018798874367323474	0.0835690225853602	0.1891902803848992	0.267453801147041
PP	151	2.209098548536988	2.2217347641189282	7093.0	163.2	0.0047056534202966375	0.017452929878720894	0.0009904023670843434	0.01757921462248241	0.08016485582239659	0.16620799112503734	0.26764865624249873
PP	152	2.2217347641189282	2.2343709797008686	6975.0	168.125	0.004360756970985792	0.017347631799279912	0.0008750777242724156	0.01781160867985499	0.08074861224185069	0.1666841194180666	0.28647025574377827
PP	153	2.2343709797008686	2.247007195282809	7024.0	173.11111111111111	0.004527271389237227	0.018769980442247626	0.0009353190163513617	0.018400033765077903	0.08947656875874647	0.18774163590115295	0.30653924759233403
PP	154	2.247007195282809	2.2596434108647494	6972.0	178.2	0.004457618340392836	0.019999607732226758	0.0009070913076799647	0.019954749144546535	0.09211054727327994	0.2198618223933002	0.3100052955028014
PP	155	2.2596434108647494	2.27227962644669	6489.0	183.4857142857143	0.004202797697494754	0.017077708208775404	0.0008640686382165321	0.016947584874342305	0.07478644229557524	0.17953682317087796	0.31708452791519853
PP	156	2.27227962644669	2.2849158420286306	6528.0	189.0	0.004195449249975145	0.018620076324580143	0.0008999035900043317	0.01776463024140271	0.08221860760714088	0.24131709557293915	0.3681338077204296
PP	157	2.2849158420286306	2.297552057610571	6321.0	194.52631578947367	0.004739545223449784	0.01918294177813029	0.0009237225721622786	0.018563395330009322	0.08501534501267864	0.23699808305306264	0.28933812204549963
PP	158	2.297552057610571	2.3101882731925114	6219.0	200.23529411764707	0.004355659386927377	0.017205258590408626	0.0009381190522743689	0.01690923202612688	0.07233978097571946	0.2059138638563704	0.28913752077227867
PP	159	2.3101882731925114	2.322824488774452	6011.0	206.33333333333334	0.004944126521536366	0.017703567168239804	0.0009791309848055092	0.018504798584407643	0.07923949105051266	0.1890138768129557	0.27825233636230506
PP	160	2.322824488774452	2.335460704356392	5684.0	212.375	0.004744936205877411	0.017913497741115038	0.0009374800066980951	0.018271022084017766	0.08298880518793039	0.1820746095221526	0.2653859311411507
PP	161	2.335460704356392	2.3480969199383326	5348.0	218.71428571428572	0.0053648744515338055	0.021834989941588362	0.0009822186781065353	0.02117759041544973	0.09467939271767922	0.24394594674628953	0.30813863913611067
PP	162	2.3480969199383326	2.360733135520273	5472.0	225.2	0.0051688416821731795	0.020550673157898016	0.0010922283816737518	0.02078994779740856	0.09175280636939254	0.22521672534845816	0.29790723399087843
PP	163	2.360733135520273	2.373369351102214	5249.0	231.72222222222223	0.004749009731735877	0.018407409493079615	0.001022812500639555	0.01874842080375963	0.08492304095172	0.17143864771060247	0.289851304603196
PP	164	2.373369351102214	2.386005566684154	4910.0	238.625	0.005021163781942455	0.022678503565357007	0.0010671416720714703	0.021786157684085705	0.11128019493820808	0.21860279272641442	0.27662508299553135
PP	165	2.386005566684154	2.3986417822660946	4959.0	245.8	0.005021069621013084	0.022239351127934653	0.0011323916066825564	0.02212199314649789	0.11367578113139926	0.21135906298852594	0.26096308086800163
PP	166	2.3986417822660946	2.411277997848035	4560.0	253.0	0.005108684403879725	0.020762379078450913	0.0011632517843656117	0.0227665967159701	0.09393288886775424	0.1920536312331571	0.2946815627543256
PP	167	2.411277997848035	2.4239142134299754	4514.0	260.6120071684588	0.004769221791442934	0.019219501402485607	0.0011014216590502738	0.018356825397756092	0.08760975382880715	0.20089296928701741	0.31739494783736416
PP	168	2.4239142134299754	2.4365504290119158	4297.0	268.09090909090907	0.005004957586570495	0.017840174804794384	0.001022812500639555	0.018884758680547002	0.08065099864178153	0.16584660997892212	0.24628217975447136
PP	169	2.4365504290119158	2.449186644593856	3783.0	276.1764705882353	0.004805337546354387	0.018615569292303936	0.0009771760286096105	0.017913772665431503	0.08427079071304637	0.17947006613657207	0.32052380545784925
PP	170	2.449186644593856	2.4618228601757965	3808.0	284.3514705882353	0.0049646524105202506	0.01953274055462918	0.0010944291256833627	0.02078595697594762	0.08932472434969523	0.18669627857107593	0.3251225242961465
PP	171	2.4618228601757965	2.474459075757737	3496.0	292.7142857142857	0.005424135327628795	0.02175905183223691	0.0010027889877436576	0.023650138376986176	0.103522379503101	0.22505235952534586	0.3284033120333542
PP	172	2.474459075757737	2.4870952913396778	3223.0	301.55555555555554	0.006184852908077839	0.025101747913572246	0.001166788210908818	0.02875909910322479	0.1254302256115865	0.19309289533961863	0.2894330772506382
PP	173	2.4870952913396778	2.499731506921618	3200.0	310.5	0.006770473078319979	0.028907652938929572	0.0013142688692094606	0.03130932671708712	0.14684271125802742	0.2248956273860025	0.29253724185778823
PP	174	2.499731506921618	2.5123677225035586	3061.0	319.84615384615387	0.006707164639472549	0.029532069748674544	0.0013592914974410609	0.033042344459893055	0.14981143661780202	0.26081323244417676	0.32160343860495616
PP	175	2.5123677225035586	2.525003938085499	2726.0	329.0871212121212	0.0072830325134896155	0.029521518569098616	0.0012182562744520314	0.03401144337489559	0.1327882248154605	0.2682520213804329	0.3271787341539895
PP	176	2.525003938085499	2.5376401536674393	2369.0	338.6190476190476	0.006748447236461768	0.02443718581816202	0.0014671125360936183	0.02841204467510395	0.10554857123789718	0.20648801413880324	0.3373267143508931
PP	177	2.5376401536674393	2.5502763692493797	2052.0	348.8095238095238	0.00686593224430338	0.026296167600131006	0.001249934396645591	0.02859369737694718	0.14649294766732016	0.20020777450795496	0.290221471054108
PP	178	2.5502763692493797	2.56291258483132	1882.0	359.0627450980392	0.006133825795303244	0.026615228445279818	0.0012743026328308387	0.025590417922589717	0.1389796488889416	0.23645135095136283	0.3124166129924191
PP	179	2.56291258483132	2.5755488004132605	1704.0	369.93933823529414	0.008756557572723603	0.03383646153986977	0.0016382803210230716	0.03829815759144235	0.16492037586924513	0.23773508614418243	0.298143584873909
PP	180	2.5755488004132605	2.5881850159952013	1623.0	380.7368421052632	0.008579327173149454	0.03294569109415393	0.0012846880857519693	0.04330548334407151	0.15824349114559816	0.23035931184815844	0.3247237362155518
PP	181	2.5881850159952013	2.6008212315771417	1213.0	392.0	0.009967793118943313	0.03043288113450307	0.001421723288929933	0.03881270810422392	0.1399099256544141	0.21884144902339997	0.3592705410095851
PP	182	2.6008212315771417	2.613457447159082	1171.0	403.54545454545456	0.009667326162881285	0.0346654950772196	0.001434875150221721	0.035847764800576234	0.1653693639582281	0.2509403696505097	0.2972704554310693
PP	183	2.613457447159082	2.6260936627410225	947.0	415.0	0.008460664484666872	0.028281526236367507	0.0013152442830931998	0.030006401110468983	0.1320753032628127	0.2836877780600303	0.40111627261677635
PP	184	2.6260936627410225	2.638729878322963	784.0	428.1269841269841	0.008467651792936386	0.02418597672605829	0.001204662378908194	0.02620787866641276	0.09702978715046268	0.21051958368386878	0.3390678461203284
PP	185	2.638729878322963	2.6513660939049033	825.0	440.92857142857144	0.009454631091530063	0.024639419363539857	0.0017394809467605448	0.029542618985522698	0.10754100517566145	0.19102053703673283	0.2749663771102005
PP	186	2.6513660939049033	2.6640023094868437	744.0	453.2678571428571	0.009719155237161823	0.02606425873532101	0.0014190477981758482	0.03206012581092506	0.1058672875420893	0.2441010122955669	0.34869406658141155
PP	187	2.6640023094868437	2.676638525068784	724.0	467.19805194805195	0.009694570947906777	0.025217582632847534	0.0019972349992725853	0.03584753210250399	0.09281187499872048	0.1825657995071111	0.22371065060712306
PP	188	2.676638525068784	2.6892747406507245	665.0	480.8333333333333	0.008097503803928263	0.02486247490190344	0.0015898502564499278	0.036697321424036033	0.10883763416894081	0.13044584891278072	0.18513010169958385
PP	189	2.6892747406507245	2.7019109562326653	464.0	494.4142857142857	0.005378984974995276	0.017077651181131987	0.0014852607240885072	0.023417820374001457	0.07002690854969813	0.125702775153238	0.13645437529211837
PP	190	2.7019109562326653	2.7145471718146057	366.0	509.8333333333333	0.00472921288447796	0.015541468133846584	0.0013243816593253358	0.019166256091201806	0.06519663813552284	0.136044217285875	0.14646232743901202
PP	191	2.7145471718146057	2.727183387396546	349.0	525.8333333333334	0.006267209415690044	0.014984426205340823	0.0015670916949584183	0.019410567266116	0.07002306668386281	0.08567374909085657	0.13106753535723473
PP	192	2.727183387396546	2.7398196029784865	417.0	539.5	0.01101035835819754	0.021412178527556624	0.0031802467493540973	0.03246899718572223	0.07915563685886147	0.0937302491033488	0.10481732411864078
PP	193	2.7398196029784865	2.752455818560427	358.0	555.6666666666666	0.011017569821193118	0.016499718319636928	0.001532076043343455	0.02311565433024452	0.0551687441946803	0.09689936808753581	0.10454253496209596
PP	194	2.752455818560427	2.7650920341423673	339.0	571.6666666666666	0.011226108892417114	0.015636021697506188	0.004433373095297349	0.020704510113509066	0.04254342763282427	0.0911479723091607	0.1495364557199526
PP	195	2.7650920341423673	2.7777282497243077	263.0	590.6666666666666	0.010198681148079734	0.01514600240186221	0.004348335904964274	0.021132414652636728	0.04502964869403515	0.08512564050536772	0.08900630613237921
PP	196	2.7777282497243077	2.790364465306248	231.0	606.3333333333334	0.008878449689136973	0.017566920726785607	0.0019960421299524776	0.02159145895245434	0.07472287547456186	0.08207032191664879	0.08605016606298246
PP	197	2.790364465306248	2.8030006808881884	163.0	625.3333333333334	0.011998491953072423	0.01969113998986934	0.0037974252028497137	0.026173151831970203	0.06911784003602953	0.09676260746355486	0.09998352969325329
PP	198	2.8030006808881884	2.8156368964701293	62.0	646.8333333333334	0.01514970471966012	0.024015793749125783	0.0033248682316270334	0.02215050770281446	0.0927943509173575	0.09725917365386837	0.09937261374384905
PP	199	2.8156368964701293	2.8282731120520697	44.0	659.6666666666666	0.02220583298916127	0.030625830252212924	0.001838066085472129	0.03707289178941105	0.11018492771930327	0.11930130323220337	0.12252989268032481
