pair_position	locus_A	locus_B	PP_MIraw	PP_eligible	TT_MIraw	pair_class	order_dist	bp_dist	top20_core
5965588	divIB	glyS	0.0	False	2.1703913487064757	core-core	124.08620689655173	116805.6724137931	True
5967710	rnhC	mutM	0.0	False	2.171928750351832	core-core	194.0	182562.2	True
5975280	rsuA_2	gyrB	0.0	False	2.1812492167171134	core-core	109.56603773584905	102263.17924528301	True
5975591	rsuA_2	prfC	0.0	False	2.183347581799431	core-core	208.66666666666666	220458.72222222222	True
5975648	rsuA_2	glyQ	0.0	False	2.213761302845229	core-core	128.72881355932202	122842.67796610169	True
5975833	rsuA_2	glyS	0.0	False	2.2440369610247237	core-core	129.6271186440678	123799.7627118644	True
5992223	mutM	glyQ	0.0	False	2.1826997723688004	core-core	126.0	122781.6	True
5992408	mutM	glyS	0.0	False	2.1997491245010634	core-core	126.6	123235.2	True
5997395	murD	glyQ	0.0	False	2.172009783834	core-core	125.05172413793103	117977.03448275862	True
5997580	murD	glyS	0.0	False	2.1982207002904874	core-core	125.94827586206897	118931.1551724138	True
5999957	proA	glyQ	0.0	False	2.1755068031454114	core-core	104.6875	102997.3125	True
6002135	aroE	gyrB	0.0	False	2.1686074875666237	core-core	147.0952380952381	139042.95238095237	True
6004587	trpE	glyS	0.0	False	2.201570623166559	core-core	231.20833333333334	227660.79166666666	True
6040329	gyrB	xseA	0.0	False	2.2007677826153924	core-core	299.3333333333333	292331.8333333333	True
6040435	gyrB	prfC	0.0	False	2.1917872326870924	core-core	225.8	231595.6	True
6136498	xseA	aguA	0.0	False	2.1895929840514223	core-core	144.8	138615.6	True
6136822	xseA	glyS	0.0	False	2.213861339802722	core-core	226.91935483870967	220543.01612903227	True
6145330	aguA	glyS	0.0	False	2.2093850657957987	core-core	100.0625	98178.4375	True
6148187	accA	glyQ	0.0	False	2.1764233131894772	core-core	214.4	214920.2	True
6148372	accA	glyS	0.0	False	2.19789261744241	core-core	213.4	212672.2	True
