sample_id	tree_shc	fold	assembly_accession	publication_matrix_column
GCF_900037015.1_11657_4_12	1	A	GCF_900037015.1	prokka_GCF_900037015.1_11657_4_12_genomic
GCF_900038685.1_11511_8_26	1	B	GCF_900038685.1	prokka_GCF_900038685.1_11511_8_26_genomic
GCF_900017955.1_11657_8_6	2	A	GCF_900017955.1	prokka_GCF_900017955.1_11657_8_6_genomic
GCF_900033815.1_11658_2_95	2	B	GCF_900033815.1	prokka_GCF_900033815.1_11658_2_95_genomic
GCF_900033855.1_11679_1_20	3	A	GCF_900033855.1	prokka_GCF_900033855.1_11679_1_20_genomic
GCF_900024975.1_11511_8_19	3	B	GCF_900024975.1	prokka_GCF_900024975.1_11511_8_19_genomic
GCF_900018675.1_11511_8_9	4	A	GCF_900018675.1	prokka_GCF_900018675.1_11511_8_9_genomic
GCF_900020245.1_11679_1_11	4	B	GCF_900020245.1	prokka_GCF_900020245.1_11679_1_11_genomic
GCF_900020255.1_11657_4_24	5	A	GCF_900020255.1	prokka_GCF_900020255.1_11657_4_24_genomic
GCF_900033935.1_11511_8_30	5	B	GCF_900033935.1	prokka_GCF_900033935.1_11511_8_30_genomic
GCF_900040065.1_11657_4_22	6	A	GCF_900040065.1	prokka_GCF_900040065.1_11657_4_22_genomic
GCF_900033835.1_11657_4_5	6	B	GCF_900033835.1	prokka_GCF_900033835.1_11657_4_5_genomic
