i	j	gene_a	gene_b	raw_mi_nats	shc_cmi_nats	phi	log_odds_ratio	cmi_A_test_B	p_A_test_B	q_A_test_B	cmi_B_test_A	p_B_test_A	q_B_test_A	replicate_pass	aracne_direct	mean_bp_dist	median_bp_dist	mean_order_dist	median_order_dist	n_same_contig_observations	n_coobserved_mapped_samples	n_different_contig_only	n_same_replicon_confident	n_different_replicon_confident	linkage_class	pair_key	Coinfinder_association	Coinfinder_dissociation	vatpase_control_pair
1251	1252	group_4933	ntpD	0.6650455492294949	0.3971356532777096	1.0	12.507468995894488	0.4152178277522403	0.001	0.001852324570932	0.3391215024160322	0.001	0.0019756992481203	True	True	6330.113095238095	6388.0	7.654761904761905	8.0	168	187	19	0	0	LOCAL_LINKED	group_4933||ntpD	True	False	True
1251	1256	group_4933	ntpK	0.6650455492294949	0.3971356532777096	1.0	12.507468995894488	0.4152178277522403	0.001	0.001852324570932	0.3391215024160322	0.001	0.0019756992481203	True	True	1014.6276595744681	967.5	1.9680851063829787	2.0	188	192	4	0	0	LOCAL_LINKED	group_4933||ntpK	True	False	True
1251	1257	group_4933	ntpA	0.6650455492294949	0.3971356532777096	1.0	12.507468995894488	0.4152178277522403	0.001	0.001852324570932	0.3391215024160322	0.001	0.0019756992481203	True	True	4565.444444444444	4547.0	5.742690058479532	6.0	171	186	15	0	0	LOCAL_LINKED	group_4933||ntpA	True	False	True
1251	1265	group_4933	ntpC	0.6523103314807417	0.390130659758415	0.9960380016488476	11.403954736626172	0.4152178277522403	0.001	0.001852324570932	0.3276170700112554	0.001	0.0019756992481203	True	True	2648.4269005847955	2533.0	3.9064327485380117	4.0	171	184	13	0	0	LOCAL_LINKED	group_4933||ntpC	True	False	True
1251	1267	group_4933	atpE_1	0.6523103314807417	0.3935597309839185	0.9960380016488476	11.403954736626172	0.4152178277522403	0.001	0.001852324570932	0.3391215024160322	0.001	0.0019756992481203	True	True	1872.2651933701657	1856.0	2.9392265193370166	3.0	181	190	9	0	0	LOCAL_LINKED	atpE_1||group_4933	True	False	True
1251	1270	group_4933	ntpG	0.6523103314807417	0.390130659758415	0.9960380016488476	11.403954736626172	0.4152178277522403	0.001	0.001852324570932	0.3276170700112554	0.001	0.0019756992481203	True	True	3652.2312138728325	3655.0	4.820809248554913	5.0	173	186	13	0	0	LOCAL_LINKED	group_4933||ntpG	True	False	True
1251	1271	group_4933	ntpB	0.6523103314807417	0.3945395964216799	0.9960380016488476	11.403954736626172	0.4152178277522403	0.001	0.001852324570932	0.3338303025644295	0.001	0.0019756992481203	True	True	5444.630681818182	5663.0	6.693181818181818	7.0	176	193	17	0	0	LOCAL_LINKED	group_4933||ntpB	True	False	True
1251	1273	group_4933	group_3749	0.6421655129988194	0.3865547374646239	0.9920841908902268	10.888202994524123	0.4152178277522403	0.001	0.001852324570932	0.3276170700112554	0.001	0.0019756992481203	True	False	129.2127659574468	55.0	1.0	1.0	188	190	2	0	0	LOCAL_LINKED	group_3749||group_4933	True	False	True
1252	1256	ntpD	ntpK	0.6650455492294949	0.3971356532777096	1.0	12.507468995894488	0.4152178277522403	0.001	0.001852324570932	0.3391215024160322	0.001	0.0019756992481203	True	True	4714.579881656805	4579.0	5.739644970414201	6.0	169	185	16	0	0	LOCAL_LINKED	ntpD||ntpK	True	False	True
1252	1257	ntpD	ntpA	0.6650455492294949	0.3971356532777096	1.0	12.507468995894488	0.4152178277522403	0.001	0.001852324570932	0.3391215024160322	0.001	0.0019756992481203	True	True	1028.4342857142858	936.0	1.977142857142857	2.0	175	181	6	0	0	LOCAL_LINKED	ntpA||ntpD	True	False	True
1252	1265	ntpD	ntpC	0.6523103314807417	0.390130659758415	0.9960380016488476	11.403954736626172	0.4152178277522403	0.001	0.001852324570932	0.3276170700112554	0.001	0.0019756992481203	True	True	2889.9349112426034	2801.0	3.8579881656804735	4.0	169	177	8	0	0	LOCAL_LINKED	ntpC||ntpD	True	False	True
1252	1267	ntpD	atpE_1	0.6523103314807417	0.3935597309839185	0.9960380016488476	11.403954736626172	0.4152178277522403	0.001	0.001852324570932	0.3391215024160322	0.001	0.0019756992481203	True	True	3798.6820809248557	3695.0	4.786127167630058	5.0	173	183	10	0	0	LOCAL_LINKED	atpE_1||ntpD	True	False	True
1252	1270	ntpD	ntpG	0.6523103314807417	0.390130659758415	0.9960380016488476	11.403954736626172	0.4152178277522403	0.001	0.001852324570932	0.3276170700112554	0.001	0.0019756992481203	True	True	1950.5174418604652	1859.0	2.9186046511627906	3.0	172	180	8	0	0	LOCAL_LINKED	ntpD||ntpG	True	False	True
1252	1271	ntpD	ntpB	0.6523103314807417	0.3945395964216799	0.9960380016488476	11.403954736626172	0.4152178277522403	0.001	0.001852324570932	0.3338303025644295	0.001	0.0019756992481203	True	True	107.875	41.5	1.0	1.0	184	187	3	0	0	LOCAL_LINKED	ntpB||ntpD	True	False	True
1252	1273	ntpD	group_3749	0.6421655129988194	0.3865547374646239	0.9920841908902268	10.888202994524123	0.4152178277522403	0.001	0.001852324570932	0.3276170700112554	0.001	0.0019756992481203	True	False	5486.451807228916	5544.0	6.710843373493976	7.0	166	182	16	0	0	LOCAL_LINKED	group_3749||ntpD	True	False	True
1256	1257	ntpK	ntpA	0.6650455492294949	0.3971356532777096	1.0	12.507468995894488	0.4152178277522403	0.001	0.001852324570932	0.3391215024160322	0.001	0.0019756992481203	True	True	2825.0520231213873	2854.0	3.8265895953757227	4.0	173	184	11	0	0	LOCAL_LINKED	ntpA||ntpK	True	False	True
1256	1265	ntpK	ntpC	0.6523103314807417	0.390130659758415	0.9960380016488476	11.403954736626172	0.4152178277522403	0.001	0.001852324570932	0.3276170700112554	0.001	0.0019756992481203	True	True	968.16	881.0	1.9657142857142857	2.0	175	184	9	0	0	LOCAL_LINKED	ntpC||ntpK	True	False	True
1256	1267	ntpK	atpE_1	0.6523103314807417	0.3935597309839185	0.9960380016488476	11.403954736626172	0.4152178277522403	0.001	0.001852324570932	0.3391215024160322	0.001	0.0019756992481203	True	True	115.60109289617486	52.0	1.0	1.0	183	188	5	0	0	LOCAL_LINKED	atpE_1||ntpK	True	False	True
1256	1270	ntpK	ntpG	0.6523103314807417	0.390130659758415	0.9960380016488476	11.403954736626172	0.4152178277522403	0.001	0.001852324570932	0.3276170700112554	0.001	0.0019756992481203	True	True	1939.8057142857142	1835.0	2.902857142857143	3.0	175	184	9	0	0	LOCAL_LINKED	ntpG||ntpK	True	False	True
1256	1271	ntpK	ntpB	0.6523103314807417	0.3945395964216799	0.9960380016488476	11.403954736626172	0.4152178277522403	0.001	0.001852324570932	0.3338303025644295	0.001	0.0019756992481203	True	True	3791.5649717514125	3579.0	4.768361581920904	5.0	177	191	14	0	0	LOCAL_LINKED	ntpB||ntpK	True	False	True
1256	1273	ntpK	group_3749	0.6421655129988194	0.3865547374646239	0.9920841908902268	10.888202994524123	0.4152178277522403	0.001	0.001852324570932	0.3276170700112554	0.001	0.0019756992481203	True	False	128.2688172043011	55.5	1.0	1.0	186	187	1	0	0	LOCAL_LINKED	group_3749||ntpK	True	False	True
1257	1265	ntpA	ntpC	0.6523103314807417	0.390130659758415	0.9960380016488476	11.403954736626172	0.4152178277522403	0.001	0.001852324570932	0.3276170700112554	0.001	0.0019756992481203	True	True	1052.1206896551723	965.5	1.9425287356321839	2.0	174	176	2	0	0	LOCAL_LINKED	ntpA||ntpC	True	False	True
1257	1267	ntpA	atpE_1	0.6523103314807417	0.3935597309839185	0.9960380016488476	11.403954736626172	0.4152178277522403	0.001	0.001852324570932	0.3391215024160322	0.001	0.0019756992481203	True	True	1960.9661016949153	1963.0	2.8700564971751414	3.0	177	182	5	0	0	LOCAL_LINKED	atpE_1||ntpA	True	False	True
1257	1270	ntpA	ntpG	0.6523103314807417	0.390130659758415	0.9960380016488476	11.403954736626172	0.4152178277522403	0.001	0.001852324570932	0.3276170700112554	0.001	0.0019756992481203	True	True	116.09604519774011	41.0	1.0	1.0	177	179	2	0	0	LOCAL_LINKED	ntpA||ntpG	True	False	True
1257	1271	ntpA	ntpB	0.6523103314807417	0.3945395964216799	0.9960380016488476	11.403954736626172	0.4152178277522403	0.001	0.001852324570932	0.3338303025644295	0.001	0.0019756992481203	True	True	127.61748633879782	64.0	1.0	1.0	183	186	3	0	0	LOCAL_LINKED	ntpA||ntpB	True	False	True
1257	1273	ntpA	group_3749	0.6421655129988194	0.3865547374646239	0.9920841908902268	10.888202994524123	0.4152178277522403	0.001	0.001852324570932	0.3276170700112554	0.001	0.0019756992481203	True	False	3681.1235294117646	3797.5	4.794117647058823	5.0	170	181	11	0	0	LOCAL_LINKED	group_3749||ntpA	True	False	True
1265	1267	ntpC	atpE_1	0.6395843386913478	0.3865547374646239	0.992052743589362	10.300416329622006	0.4152178277522403	0.001	0.001852324570932	0.3276170700112554	0.001	0.0019756992481203	True	False	118.37640449438203	38.5	1.0	1.0	178	181	3	0	0	LOCAL_LINKED	atpE_1||ntpC	True	False	True
1265	1270	ntpC	ntpG	0.6641374194933585	0.3968768413457064	1.0	12.505588175628455	0.4152178277522403	0.001	0.001852324570932	0.3385743762250679	0.001	0.0019756992481203	True	True	125.80790960451978	33.0	1.0	1.0	177	177	0	0	0	LOCAL_LINKED	ntpC||ntpG	True	False	True
1265	1271	ntpC	ntpB	0.6395843386913478	0.3875346029023852	0.992052743589362	10.300416329622006	0.4152178277522403	0.001	0.001852324570932	0.3223258701596528	0.001	0.0019756992481203	True	False	2003.4662921348315	1867.5	2.8820224719101124	3.0	178	183	5	0	0	LOCAL_LINKED	ntpB||ntpC	True	False	True
1265	1273	ntpC	group_3749	0.6513965441554064	0.3933009190519153	0.9960304619381232	11.402049768624291	0.4152178277522403	0.001	0.001852324570932	0.3385743762250679	0.001	0.0019756992481203	True	True	1834.953216374269	1693.0	2.9473684210526314	3.0	171	180	9	0	0	LOCAL_LINKED	group_3749||ntpC	True	False	True
1267	1270	atpE_1	ntpG	0.6395843386913478	0.3865547374646239	0.992052743589362	10.300416329622006	0.4152178277522403	0.001	0.001852324570932	0.3276170700112554	0.001	0.0019756992481203	True	False	1073.0333333333333	869.5	1.9333333333333333	2.0	180	183	3	0	0	LOCAL_LINKED	atpE_1||ntpG	True	False	True
1267	1271	atpE_1	ntpB	0.6395843386913478	0.3909636741278888	0.992052743589362	10.300416329622006	0.4152178277522403	0.001	0.001852324570932	0.3338303025644295	0.001	0.0019756992481203	True	False	2903.939226519337	2854.0	3.8121546961325965	4.0	181	189	8	0	0	LOCAL_LINKED	atpE_1||ntpB	True	False	True
1267	1273	atpE_1	group_3749	0.6513965441554064	0.3958446214571861	0.9960304619381232	11.402049768624291	0.4152178277522403	0.001	0.001852324570932	0.3439418234217835	0.001	0.0019756992481203	True	True	1001.9502762430939	943.0	1.9668508287292819	2.0	181	187	6	0	0	LOCAL_LINKED	atpE_1||group_3749	True	False	True
1270	1271	ntpG	ntpB	0.6395843386913478	0.3875346029023852	0.992052743589362	10.300416329622006	0.4152178277522403	0.001	0.001852324570932	0.3223258701596528	0.001	0.0019756992481203	True	False	1081.5580110497237	934.0	1.9392265193370166	2.0	181	186	5	0	0	LOCAL_LINKED	ntpB||ntpG	True	False	True
1270	1273	ntpG	group_3749	0.6513965441554064	0.3933009190519153	0.9960304619381232	11.402049768624291	0.4152178277522403	0.001	0.001852324570932	0.3385743762250679	0.001	0.0019756992481203	True	True	2791.826589595376	2713.0	3.861271676300578	4.0	173	182	9	0	0	LOCAL_LINKED	group_3749||ntpG	True	False	True
1271	1273	ntpB	group_3749	0.6294487908372723	0.3839586806085941	0.9880755657837312	9.78464020069616	0.4152178277522403	0.001	0.001852324570932	0.3223258701596528	0.001	0.0019756992481203	True	False	4613.137142857143	4547.0	5.7371428571428575	6.0	175	189	14	0	0	LOCAL_LINKED	group_3749||ntpB	True	False	True
