	type_1	type_2	type_3	type_4	type_5	type_6	type_7	type_8	type_9	type_10	type_11	type_12	type_13	type_14	type_15	type_16	type_17	type_18	type_19	type_20	type_21	type_22	type_23	type_24	type_25	type_26	type_27	type_28	type_29	type_30	type_31	type_32	type_33	type_34	type_35	type_36	type_37	type_38	type_39	type_40	type_41	type_42	type_43	type_44	type_45	type_46	type_47	type_48	type_49	type_50	type_51	type_52	type_53	type_54	type_55	type_56
type_1	-0.6371930928643098	-0.8226127456606227	-0.26013299085723596	-0.26013299085723596	-0.9733285267845753	-0.26013299085723596	-2.522082920056178	-0.26013299085723596	-0.26013299085723596	-1.0405319634289438	21.203552609759853	-0.26013299085723596	-0.26013299085723596	-0.26013299085723596	-1.220131879966784	-2.0810639268578877	-0.780398972571708	-0.5202659817144719	3.5840545406996958	-0.26013299085723596	-0.26013299085723596	-0.26013299085723596	-0.36788360369097944	-0.8627635262664035	-0.26013299085723596	-0.6882472016116853	-0.36788360369097944	-0.26013299085723596	-0.36788360369097944	-1.538967528127731	-0.26013299085723596	-2.129280297768747	-0.26013299085723596	-0.8226127456606227	-0.26013299085723596	-0.26013299085723596	-0.26013299085723596	-0.8226127456606227	-0.26013299085723596	-0.45056355688958294	-0.26013299085723596	-1.247553997806752	-0.26013299085723596	-0.6882472016116853	-1.0074907413892014	-0.26013299085723596	-0.26013299085723596	-1.0725557980122173	-0.36788360369097944	-0.26013299085723596	-0.6882472016116853	-0.26013299085723596	-0.780398972571708	-0.26013299085723596	-0.26013299085723596	-0.26013299085723596
type_2	-0.10619884881071831	-0.13710212427677046	-0.043355498476206	-0.043355498476206	-0.16222142113076252	-0.043355498476206	-0.4203471533426963	-0.043355498476206	-0.043355498476206	-0.173421993904824	-0.25649458802128855	-0.043355498476206	-0.043355498476206	-0.043355498476206	-0.2033553133277973	-0.346843987809648	-0.13006649542861798	11.445851597718384	-0.043355498476206	-0.043355498476206	-0.043355498476206	-0.043355498476206	-0.061313933948496574	-0.14379392104440056	-0.043355498476206	-0.11470786693528087	-0.061313933948496574	-0.043355498476206	-0.061313933948496574	-0.25649458802128855	-0.043355498476206	-0.3548800496281246	-0.043355498476206	-0.13710212427677046	-0.043355498476206	-0.043355498476206	-0.043355498476206	-0.13710212427677046	-0.043355498476206	-0.07509392614826384	-0.043355498476206	-0.2079256663011253	-0.043355498476206	-0.11470786693528087	-0.16791512356486687	-0.043355498476206	-0.043355498476206	-0.17875929966870288	-0.061313933948496574	-0.043355498476206	-0.11470786693528087	-0.043355498476206	-0.13006649542861798	-0.043355498476206	-0.043355498476206	-0.043355498476206
type_3	-0.10619884881071831	-0.13710212427677046	-0.043355498476206	-0.043355498476206	-0.16222142113076252	-0.043355498476206	-0.4203471533426963	-0.043355498476206	-0.043355498476206	-0.173421993904824	-0.25649458802128855	-0.043355498476206	-0.043355498476206	-0.043355498476206	4.714145899871665	-0.346843987809648	-0.13006649542861798	-0.086710996952412	-0.043355498476206	-0.043355498476206	-0.043355498476206	-0.043355498476206	-0.061313933948496574	-0.14379392104440056	-0.043355498476206	-0.11470786693528087	-0.061313933948496574	-0.043355498476206	-0.061313933948496574	-0.25649458802128855	-0.043355498476206	-0.3548800496281246	-0.043355498476206	-0.13710212427677046	-0.043355498476206	-0.043355498476206	-0.043355498476206	-0.13710212427677046	-0.043355498476206	-0.07509392614826384	-0.043355498476206	-0.2079256663011253	-0.043355498476206	-0.11470786693528087	-0.16791512356486687	-0.043355498476206	-0.043355498476206	-0.17875929966870288	-0.061313933948496574	-0.043355498476206	-0.11470786693528087	-0.043355498476206	-0.13006649542861798	-0.043355498476206	-0.043355498476206	-0.043355498476206
type_4	-0.10619884881071831	-0.13710212427677046	-0.043355498476206	-0.043355498476206	6.002192581838214	-0.043355498476206	-0.4203471533426963	-0.043355498476206	-0.043355498476206	-0.173421993904824	-0.25649458802128855	-0.043355498476206	-0.043355498476206	-0.043355498476206	-0.2033553133277973	-0.346843987809648	-0.13006649542861798	-0.086710996952412	-0.043355498476206	-0.043355498476206	-0.043355498476206	-0.043355498476206	-0.061313933948496574	-0.14379392104440056	-0.043355498476206	-0.11470786693528087	-0.061313933948496574	-0.043355498476206	-0.061313933948496574	-0.25649458802128855	-0.043355498476206	-0.3548800496281246	-0.043355498476206	-0.13710212427677046	-0.043355498476206	-0.043355498476206	-0.043355498476206	-0.13710212427677046	-0.043355498476206	-0.07509392614826384	-0.043355498476206	-0.2079256663011253	-0.043355498476206	-0.11470786693528087	-0.16791512356486687	-0.043355498476206	-0.043355498476206	-0.17875929966870288	-0.061313933948496574	-0.043355498476206	-0.11470786693528087	-0.043355498476206	-0.13006649542861798	-0.043355498476206	-0.043355498476206	-0.043355498476206
type_5	-0.10619884881071831	-0.13710212427677046	-0.043355498476206	-0.043355498476206	-0.16222142113076252	-0.043355498476206	1.958638863447883	-0.043355498476206	-0.043355498476206	-0.173421993904824	-0.25649458802128855	-0.043355498476206	-0.043355498476206	-0.043355498476206	-0.2033553133277973	-0.346843987809648	-0.13006649542861798	-0.086710996952412	-0.043355498476206	-0.043355498476206	-0.043355498476206	-0.043355498476206	-0.061313933948496574	-0.14379392104440056	-0.043355498476206	-0.11470786693528087	-0.061313933948496574	-0.043355498476206	-0.061313933948496574	-0.25649458802128855	-0.043355498476206	-0.3548800496281246	-0.043355498476206	-0.13710212427677046	-0.043355498476206	-0.043355498476206	-0.043355498476206	-0.13710212427677046	-0.043355498476206	-0.07509392614826384	-0.043355498476206	-0.2079256663011253	-0.043355498476206	-0.11470786693528087	-0.16791512356486687	-0.043355498476206	-0.043355498476206	-0.17875929966870288	-0.061313933948496574	-0.043355498476206	-0.11470786693528087	-0.043355498476206	-0.13006649542861798	-0.043355498476206	-0.043355498476206	-0.043355498476206
type_6	-1.0350983390135313	-1.336306209562122	-0.4225771273642583	-0.4225771273642583	-1.5811388300841895	1.9438547858755881	18.6022925671488	-0.4225771273642583	-0.4225771273642583	-1.6903085094570331	-2.5	-0.4225771273642583	-0.4225771273642583	-0.4225771273642583	-1.9820624179302295	-3.3806170189140663	-1.267731382092775	-0.8451542547285166	-0.4225771273642583	-0.4225771273642583	-0.4225771273642583	-0.4225771273642583	-0.5976143046671969	-1.4015297764534702	-0.4225771273642583	-1.118033988749895	-0.5976143046671969	-0.4225771273642583	-0.5976143046671969	-2.5	-0.4225771273642583	-3.4589428608009287	-0.4225771273642583	-1.336306209562122	-0.4225771273642583	-0.4225771273642583	1.9438547858755881	-1.336306209562122	-0.4225771273642583	-0.7319250547113998	-0.4225771273642583	-2.0266087084444435	-0.4225771273642583	-1.118033988749895	-1.6366341767699428	-0.4225771273642583	-0.4225771273642583	-1.742330131092924	-0.5976143046671969	-0.4225771273642583	-1.118033988749895	-0.4225771273642583	-1.267731382092775	-0.4225771273642583	-0.4225771273642583	-0.4225771273642583
type_7	-0.10619884881071831	-0.13710212427677046	-0.043355498476206	-0.043355498476206	-0.16222142113076252	-0.043355498476206	-0.4203471533426963	-0.043355498476206	-0.043355498476206	-0.173421993904824	-0.25649458802128855	-0.043355498476206	-0.043355498476206	-0.043355498476206	-0.2033553133277973	-0.346843987809648	-0.13006649542861798	-0.086710996952412	-0.043355498476206	-0.043355498476206	-0.043355498476206	-0.043355498476206	-0.061313933948496574	-0.14379392104440056	-0.043355498476206	-0.11470786693528087	-0.061313933948496574	-0.043355498476206	-0.061313933948496574	-0.25649458802128855	-0.043355498476206	-0.3548800496281246	-0.043355498476206	-0.13710212427677046	-0.043355498476206	-0.043355498476206	-0.043355498476206	-0.13710212427677046	-0.043355498476206	-0.07509392614826384	-0.043355498476206	-0.2079256663011253	-0.043355498476206	-0.11470786693528087	-0.16791512356486687	-0.043355498476206	-0.043355498476206	-0.17875929966870288	-0.061313933948496574	-0.043355498476206	-0.11470786693528087	-0.043355498476206	-0.13006649542861798	-0.043355498476206	23.021769690865387	-0.043355498476206
type_8	-0.30037570459305535	-0.38778336716474066	-0.12262786789699315	-0.12262786789699315	-0.4588314677411235	-0.12262786789699315	-1.1889212903243285	-0.12262786789699315	-0.12262786789699315	-0.4905114715879726	-0.7254762501100117	-0.12262786789699315	-0.12262786789699315	-0.12262786789699315	6.379221224515226	-0.9810229431759452	-0.36788360369097944	11.986874086931081	-0.12262786789699315	8.032125347253052	-0.12262786789699315	-0.12262786789699315	-0.173421993904824	-0.4067106266555946	-0.12262786789699315	-0.32444284226152503	-0.173421993904824	-0.12262786789699315	-0.173421993904824	-0.7254762501100117	-0.12262786789699315	-1.0037523583994616	-0.12262786789699315	-0.38778336716474066	-0.12262786789699315	-0.12262786789699315	-0.12262786789699315	-0.38778336716474066	-0.12262786789699315	-0.21239769762143662	-0.12262786789699315	-0.5881025944970276	-0.12262786789699315	-0.32444284226152503	-0.47493569014597764	-0.12262786789699315	-0.12262786789699315	-0.5056076519835918	-0.173421993904824	-0.12262786789699315	-0.32444284226152503	-0.12262786789699315	-0.36788360369097944	-0.12262786789699315	-0.12262786789699315	-0.12262786789699315
type_9	-0.10619884881071831	-0.13710212427677046	-0.043355498476206	-0.043355498476206	-0.16222142113076252	-0.043355498476206	-0.4203471533426963	-0.043355498476206	-0.043355498476206	-0.173421993904824	-0.25649458802128855	-0.043355498476206	-0.043355498476206	-0.043355498476206	-0.2033553133277973	-0.346843987809648	-0.13006649542861798	-0.086710996952412	-0.043355498476206	-0.043355498476206	-0.043355498476206	-0.043355498476206	-0.061313933948496574	-0.14379392104440056	-0.043355498476206	-0.11470786693528087	-0.061313933948496574	-0.043355498476206	-0.061313933948496574	-0.25649458802128855	-0.043355498476206	-0.3548800496281246	-0.043355498476206	-0.13710212427677046	-0.043355498476206	-0.043355498476206	-0.043355498476206	-0.13710212427677046	-0.043355498476206	-0.07509392614826384	-0.043355498476206	-0.2079256663011253	-0.043355498476206	-0.11470786693528087	5.787474592202411	-0.043355498476206	-0.043355498476206	-0.17875929966870288	-0.061313933948496574	-0.043355498476206	-0.11470786693528087	-0.043355498476206	-0.13006649542861798	-0.043355498476206	-0.043355498476206	-0.043355498476206
type_10	-0.15018785229652767	-0.19389168358237033	-0.061313933948496574	-0.061313933948496574	-0.22941573387056174	-0.061313933948496574	-0.5944606451621642	-0.061313933948496574	-0.061313933948496574	-0.2452557357939863	-0.36273812505500586	-0.061313933948496574	-0.061313933948496574	-0.061313933948496574	-0.2875878420888011	-0.4905114715879726	-0.18394180184548972	-0.12262786789699315	-0.061313933948496574	-0.061313933948496574	-0.061313933948496574	-0.061313933948496574	-0.086710996952412	-0.2033553133277973	-0.061313933948496574	-0.16222142113076252	-0.086710996952412	-0.061313933948496574	-0.086710996952412	-0.36273812505500586	-0.061313933948496574	-0.5018761791997308	-0.061313933948496574	-0.19389168358237033	-0.061313933948496574	-0.061313933948496574	-0.061313933948496574	-0.19389168358237033	-0.061313933948496574	-0.10619884881071831	-0.061313933948496574	6.507483056499719	-0.061313933948496574	-0.16222142113076252	-0.23746784507298882	-0.061313933948496574	-0.061313933948496574	-0.2528038259917959	-0.086710996952412	-0.061313933948496574	-0.16222142113076252	-0.061313933948496574	-0.18394180184548972	-0.061313933948496574	-0.061313933948496574	-0.061313933948496574
type_11	-0.48666426339228763	-0.6282808624375433	-0.19867985355975656	-0.19867985355975656	-0.7433919416750281	-0.19867985355975656	-1.9262726483521158	-0.19867985355975656	-0.19867985355975656	-0.7947194142390263	-1.175405864954068	-0.19867985355975656	-0.19867985355975656	-0.19867985355975656	-0.9318911162960933	-1.5894388284780525	-0.5960395606792698	-0.39735970711951313	-0.19867985355975656	-0.19867985355975656	-0.19867985355975656	-0.19867985355975656	-0.2809757434745082	-0.6589465276604691	-0.19867985355975656	-0.5256574830378468	-0.2809757434745082	-0.19867985355975656	-0.2809757434745082	-1.175405864954068	-0.19867985355975656	-1.626264690050566	-0.19867985355975656	-0.6282808624375433	-0.19867985355975656	-0.19867985355975656	-0.19867985355975656	-0.6282808624375433	-0.19867985355975656	-0.34412360080584264	-0.19867985355975656	21.08665514422865	-0.19867985355975656	-0.5256574830378468	-0.7694837640638655	-0.19867985355975656	-0.19867985355975656	-0.8191780219091254	-0.2809757434745082	-0.19867985355975656	-0.5256574830378468	-0.19867985355975656	-0.5960395606792698	-0.19867985355975656	-0.19867985355975656	-0.19867985355975656
type_12	11.271291283251125	13.030305160133361	-0.2079256663011253	-0.2079256663011253	-0.7779866052154991	-0.2079256663011253	-2.0159141287356688	-0.2079256663011253	-0.2079256663011253	-0.8317026652045012	-1.2301048307916045	-0.2079256663011253	-0.2079256663011253	-0.2079256663011253	1.0754819460998948	-1.6634053304090024	-0.623776998903376	-0.4158513326022506	-0.2079256663011253	-0.2079256663011253	-0.2079256663011253	-0.2079256663011253	-0.2940512972485138	-0.6896114194054765	-0.2079256663011253	-0.5501196042201809	-0.2940512972485138	-0.2079256663011253	-0.2940512972485138	-1.2301048307916045	4.6014853977075125	-1.7019449290013422	-0.2079256663011253	2.3842199437365563	-0.2079256663011253	-0.2079256663011253	-0.2079256663011253	-0.6575186895196738	-0.2079256663011253	-0.36013781823116103	-0.2079256663011253	-0.9971764649527379	-0.2079256663011253	-0.5501196042201809	-0.8052926428333391	-0.2079256663011253	4.6014853977075125	-0.8572994844364702	6.507483056499719	-0.2079256663011253	-0.5501196042201809	-0.2079256663011253	-0.623776998903376	-0.2079256663011253	-0.2079256663011253	-0.2079256663011253
type_13	-0.6546536707079772	-0.8451542547285166	-0.26726124191242434	-0.26726124191242434	-1.0	-0.26726124191242434	-2.5911938781738653	-0.26726124191242434	-0.26726124191242434	-1.0690449676496974	-1.5811388300841895	-0.26726124191242434	-0.26726124191242434	-0.26726124191242434	-1.2535663410560174	-2.1380899352993947	-0.8017837257372732	-0.5345224838248487	-0.26726124191242434	-0.26726124191242434	-0.26726124191242434	-0.26726124191242434	-0.37796447300922725	-0.8864052604279183	-0.26726124191242434	-0.7071067811865475	-0.37796447300922725	-0.26726124191242434	-0.37796447300922725	-1.5811388300841895	-0.26726124191242434	15.182788201423888	-0.26726124191242434	-0.8451542547285166	-0.26726124191242434	-0.26726124191242434	-0.26726124191242434	-0.8451542547285166	-0.26726124191242434	-0.4629100498862757	-0.26726124191242434	-1.2817398889233116	-0.26726124191242434	-0.7071067811865475	-1.0350983390135313	-0.26726124191242434	-0.26726124191242434	-1.1019463300386794	-0.37796447300922725	-0.26726124191242434	-0.7071067811865475	-0.26726124191242434	-0.8017837257372732	-0.26726124191242434	-0.26726124191242434	-0.26726124191242434
type_14	-0.33583024712973375	-0.43355498476205995	-0.13710212427677046	-0.13710212427677046	-0.5129891760425771	-0.13710212427677046	-1.3292544125309806	-0.13710212427677046	-0.13710212427677046	-0.5484084971070818	-0.8111071056538127	-0.13710212427677046	-0.13710212427677046	-0.13710212427677046	-0.6430659644130344	-1.0968169942141637	-0.41130637283031135	-0.2742042485535409	-0.13710212427677046	-0.13710212427677046	-0.13710212427677046	-0.13710212427677046	-0.19389168358237033	-0.4547163041867237	-0.13710212427677046	-0.36273812505500586	-0.19389168358237033	-0.13710212427677046	-0.19389168358237033	-0.8111071056538127	-0.13710212427677046	-1.122229252978464	-0.13710212427677046	-0.43355498476205995	-0.13710212427677046	-0.13710212427677046	-0.13710212427677046	-0.43355498476205995	-0.13710212427677046	-0.23746784507298882	-0.13710212427677046	-0.6575186895196738	-0.13710212427677046	-0.36273812505500586	-0.5309942440535915	-0.13710212427677046	-0.13710212427677046	-0.5652865398896839	-0.19389168358237033	-0.13710212427677046	-0.36273812505500586	-0.13710212427677046	21.470192661742253	7.156730887247417	-0.13710212427677046	-0.13710212427677046
type_15	-0.10619884881071831	-0.13710212427677046	-0.043355498476206	-0.043355498476206	-0.16222142113076252	-0.043355498476206	-0.4203471533426963	-0.043355498476206	-0.043355498476206	-0.173421993904824	-0.25649458802128855	-0.043355498476206	-0.043355498476206	-0.043355498476206	-0.2033553133277973	2.536296660858051	-0.13006649542861798	-0.086710996952412	-0.043355498476206	-0.043355498476206	-0.043355498476206	-0.043355498476206	-0.061313933948496574	-0.14379392104440056	-0.043355498476206	-0.11470786693528087	-0.061313933948496574	-0.043355498476206	-0.061313933948496574	-0.25649458802128855	-0.043355498476206	-0.3548800496281246	-0.043355498476206	-0.13710212427677046	-0.043355498476206	-0.043355498476206	-0.043355498476206	-0.13710212427677046	-0.043355498476206	-0.07509392614826384	-0.043355498476206	-0.2079256663011253	-0.043355498476206	-0.11470786693528087	-0.16791512356486687	-0.043355498476206	-0.043355498476206	-0.17875929966870288	-0.061313933948496574	-0.043355498476206	-0.11470786693528087	-0.043355498476206	-0.13006649542861798	-0.043355498476206	-0.043355498476206	-0.043355498476206
type_16	-0.10619884881071831	-0.13710212427677046	-0.043355498476206	-0.043355498476206	-0.16222142113076252	-0.043355498476206	-0.4203471533426963	-0.043355498476206	-0.043355498476206	-0.173421993904824	-0.25649458802128855	-0.043355498476206	-0.043355498476206	-0.043355498476206	-0.2033553133277973	-0.346843987809648	-0.13006649542861798	-0.086710996952412	-0.043355498476206	-0.043355498476206	-0.043355498476206	-0.043355498476206	-0.061313933948496574	-0.14379392104440056	-0.043355498476206	-0.11470786693528087	-0.061313933948496574	-0.043355498476206	-0.061313933948496574	-0.25649458802128855	-0.043355498476206	-0.3548800496281246	-0.043355498476206	-0.13710212427677046	-0.043355498476206	-0.043355498476206	-0.043355498476206	-0.13710212427677046	-0.043355498476206	-0.07509392614826384	-0.043355498476206	-0.2079256663011253	23.021769690865387	-0.11470786693528087	-0.16791512356486687	-0.043355498476206	-0.043355498476206	-0.17875929966870288	-0.061313933948496574	-0.043355498476206	-0.11470786693528087	-0.043355498476206	-0.13006649542861798	-0.043355498476206	-0.043355498476206	-0.043355498476206
type_17	-0.8294395245055725	-1.0708018216987603	-0.3386172679225593	-0.3386172679225593	-1.2669898018116552	-0.3386172679225593	-3.283016218163079	-0.3386172679225593	-0.3386172679225593	-1.3544690716902372	-2.0032867729650796	-0.3386172679225593	-0.3386172679225593	-0.3386172679225593	-0.9586342576080352	19.439961840406603	-1.015851803767678	-0.6772345358451186	-0.3386172679225593	-0.3386172679225593	-0.3386172679225593	-0.3386172679225593	-0.4788771327498074	-1.1230664252343767	-0.3386172679225593	-0.8958970805552211	-0.4788771327498074	-0.3386172679225593	-0.4788771327498074	-2.0032867729650796	-0.3386172679225593	-2.7717017925937975	-0.3386172679225593	-1.0708018216987603	-0.3386172679225593	-0.3386172679225593	-0.3386172679225593	-1.0708018216987603	-0.3386172679225593	-0.5865023123620358	-0.3386172679225593	-1.623951367841039	-0.3386172679225593	-0.8958970805552211	-1.3114590394023273	-0.3386172679225593	-0.3386172679225593	-1.3961547623027872	-0.4788771327498074	-0.3386172679225593	-0.8958970805552211	-0.3386172679225593	-1.015851803767678	-0.3386172679225593	-0.3386172679225593	-0.3386172679225593
type_18	-0.10619884881071831	-0.13710212427677046	-0.043355498476206	-0.043355498476206	-0.16222142113076252	-0.043355498476206	-0.4203471533426963	-0.043355498476206	-0.043355498476206	-0.173421993904824	-0.25649458802128855	-0.043355498476206	-0.043355498476206	-0.043355498476206	-0.2033553133277973	2.536296660858051	-0.13006649542861798	-0.086710996952412	-0.043355498476206	-0.043355498476206	-0.043355498476206	-0.043355498476206	-0.061313933948496574	-0.14379392104440056	-0.043355498476206	-0.11470786693528087	-0.061313933948496574	-0.043355498476206	-0.061313933948496574	-0.25649458802128855	-0.043355498476206	-0.3548800496281246	-0.043355498476206	-0.13710212427677046	-0.043355498476206	-0.043355498476206	-0.043355498476206	-0.13710212427677046	-0.043355498476206	-0.07509392614826384	-0.043355498476206	-0.2079256663011253	-0.043355498476206	-0.11470786693528087	-0.16791512356486687	-0.043355498476206	-0.043355498476206	-0.17875929966870288	-0.061313933948496574	-0.043355498476206	-0.11470786693528087	-0.043355498476206	-0.13006649542861798	-0.043355498476206	-0.043355498476206	-0.043355498476206
type_19	-0.10619884881071831	-0.13710212427677046	-0.043355498476206	-0.043355498476206	-0.16222142113076252	-0.043355498476206	-0.4203471533426963	-0.043355498476206	-0.043355498476206	-0.173421993904824	-0.25649458802128855	-0.043355498476206	-0.043355498476206	-0.043355498476206	-0.2033553133277973	2.536296660858051	-0.13006649542861798	-0.086710996952412	-0.043355498476206	-0.043355498476206	-0.043355498476206	-0.043355498476206	-0.061313933948496574	-0.14379392104440056	-0.043355498476206	-0.11470786693528087	-0.061313933948496574	-0.043355498476206	-0.061313933948496574	-0.25649458802128855	-0.043355498476206	-0.3548800496281246	-0.043355498476206	-0.13710212427677046	-0.043355498476206	-0.043355498476206	-0.043355498476206	-0.13710212427677046	-0.043355498476206	-0.07509392614826384	-0.043355498476206	-0.2079256663011253	-0.043355498476206	-0.11470786693528087	-0.16791512356486687	-0.043355498476206	-0.043355498476206	-0.17875929966870288	-0.061313933948496574	-0.043355498476206	-0.11470786693528087	-0.043355498476206	-0.13006649542861798	-0.043355498476206	-0.043355498476206	-0.043355498476206
type_20	-0.35222173467283335	-0.4547163041867237	-0.14379392104440056	6.810602987648427	-0.5380275868489703	-0.14379392104440056	-1.3941337893317092	-0.14379392104440056	-0.14379392104440056	-0.5751756841776022	-0.8506963092234008	-0.14379392104440056	-0.14379392104440056	-0.14379392104440056	-0.6744532734334624	-1.1503513683552045	-0.43138176313320176	-0.2875878420888011	-0.14379392104440056	-0.14379392104440056	-0.14379392104440056	-0.14379392104440056	-0.2033553133277973	-0.47691048323826596	-0.14379392104440056	-0.3804429551263411	-0.2033553133277973	-0.14379392104440056	-0.2033553133277973	-0.8506963092234008	-0.14379392104440056	-1.1770039701991926	-0.14379392104440056	-0.4547163041867237	-0.14379392104440056	-0.14379392104440056	-0.14379392104440056	21.53701768011664	-0.14379392104440056	-0.24905837706844938	-0.14379392104440056	-0.6896114194054765	-0.14379392104440056	-0.3804429551263411	-0.5569114614908276	-0.14379392104440056	-0.14379392104440056	-0.5928775247877898	-0.2033553133277973	-0.14379392104440056	-0.3804429551263411	-0.14379392104440056	-0.43138176313320176	-0.14379392104440056	-0.14379392104440056	-0.14379392104440056
type_21	-0.21239769762143662	-0.2742042485535409	-0.086710996952412	-0.086710996952412	8.92217816219194	-0.086710996952412	-0.8406943066853926	-0.086710996952412	-0.086710996952412	-0.346843987809648	-0.5129891760425771	-0.086710996952412	-0.086710996952412	-0.086710996952412	-0.4067106266555946	-0.693687975619296	-0.26013299085723596	-0.173421993904824	-0.086710996952412	-0.086710996952412	-0.086710996952412	-0.086710996952412	-0.12262786789699315	-0.2875878420888011	-0.086710996952412	-0.22941573387056174	-0.12262786789699315	-0.086710996952412	-0.12262786789699315	-0.5129891760425771	-0.086710996952412	-0.7097600992562492	-0.086710996952412	-0.2742042485535409	-0.086710996952412	-0.086710996952412	-0.086710996952412	-0.2742042485535409	-0.086710996952412	-0.15018785229652767	-0.086710996952412	-0.4158513326022506	-0.086710996952412	-0.22941573387056174	-0.33583024712973375	11.445851597718384	-0.086710996952412	-0.35751859933740576	-0.12262786789699315	-0.086710996952412	-0.22941573387056174	-0.086710996952412	-0.26013299085723596	-0.086710996952412	-0.086710996952412	-0.086710996952412
type_22	-0.10619884881071831	-0.13710212427677046	-0.043355498476206	-0.043355498476206	-0.16222142113076252	-0.043355498476206	-0.4203471533426963	-0.043355498476206	-0.043355498476206	-0.173421993904824	-0.25649458802128855	-0.043355498476206	-0.043355498476206	-0.043355498476206	-0.2033553133277973	-0.346843987809648	-0.13006649542861798	-0.086710996952412	-0.043355498476206	-0.043355498476206	-0.043355498476206	-0.043355498476206	-0.061313933948496574	-0.14379392104440056	-0.043355498476206	-0.11470786693528087	-0.061313933948496574	-0.043355498476206	-0.061313933948496574	-0.25649458802128855	-0.043355498476206	-0.3548800496281246	-0.043355498476206	-0.13710212427677046	-0.043355498476206	-0.043355498476206	-0.043355498476206	-0.13710212427677046	-0.043355498476206	-0.07509392614826384	-0.043355498476206	-0.2079256663011253	-0.043355498476206	-0.11470786693528087	5.787474592202411	-0.043355498476206	-0.043355498476206	-0.17875929966870288	-0.061313933948496574	-0.043355498476206	-0.11470786693528087	-0.043355498476206	-0.13006649542861798	-0.043355498476206	-0.043355498476206	-0.043355498476206
type_23	-0.15018785229652767	-0.19389168358237033	-0.061313933948496574	-0.061313933948496574	-0.22941573387056174	-0.061313933948496574	-0.5944606451621642	-0.061313933948496574	-0.061313933948496574	-0.2452557357939863	-0.36273812505500586	-0.061313933948496574	-0.061313933948496574	-0.061313933948496574	-0.2875878420888011	-0.4905114715879726	-0.18394180184548972	-0.12262786789699315	-0.061313933948496574	-0.061313933948496574	-0.061313933948496574	-0.061313933948496574	-0.086710996952412	-0.2033553133277973	-0.061313933948496574	12.16660658480719	-0.086710996952412	-0.061313933948496574	-0.086710996952412	-0.36273812505500586	-0.061313933948496574	-0.5018761791997308	-0.061313933948496574	-0.19389168358237033	-0.061313933948496574	-0.061313933948496574	-0.061313933948496574	-0.19389168358237033	-0.061313933948496574	-0.10619884881071831	-0.061313933948496574	-0.2940512972485138	-0.061313933948496574	-0.16222142113076252	-0.23746784507298882	-0.061313933948496574	-0.061313933948496574	-0.2528038259917959	-0.086710996952412	-0.061313933948496574	-0.16222142113076252	-0.061313933948496574	-0.18394180184548972	-0.061313933948496574	-0.061313933948496574	-0.061313933948496574
type_24	-0.15018785229652767	-0.19389168358237033	-0.061313933948496574	-0.061313933948496574	-0.22941573387056174	-0.061313933948496574	-0.5944606451621642	-0.061313933948496574	-0.061313933948496574	-0.2452557357939863	-0.36273812505500586	-0.061313933948496574	-0.061313933948496574	-0.061313933948496574	-0.2875878420888011	-0.4905114715879726	-0.18394180184548972	-0.12262786789699315	-0.061313933948496574	-0.061313933948496574	-0.061313933948496574	-0.061313933948496574	-0.086710996952412	-0.2033553133277973	-0.061313933948496574	-0.16222142113076252	-0.086710996952412	-0.061313933948496574	-0.086710996952412	-0.36273812505500586	-0.061313933948496574	-0.5018761791997308	-0.061313933948496574	-0.19389168358237033	-0.061313933948496574	-0.061313933948496574	-0.061313933948496574	-0.19389168358237033	-0.061313933948496574	-0.10619884881071831	-0.061313933948496574	-0.2940512972485138	-0.061313933948496574	-0.16222142113076252	8.184725060182348	-0.061313933948496574	-0.061313933948496574	-0.2528038259917959	-0.086710996952412	-0.061313933948496574	-0.16222142113076252	-0.061313933948496574	-0.18394180184548972	-0.061313933948496574	-0.061313933948496574	-0.061313933948496574
type_25	-0.15018785229652767	-0.19389168358237033	-0.061313933948496574	-0.061313933948496574	-0.22941573387056174	-0.061313933948496574	-0.5944606451621642	-0.061313933948496574	-0.061313933948496574	-0.2452557357939863	-0.36273812505500586	-0.061313933948496574	-0.061313933948496574	-0.061313933948496574	-0.2875878420888011	-0.4905114715879726	-0.18394180184548972	-0.12262786789699315	-0.061313933948496574	-0.061313933948496574	-0.061313933948496574	-0.061313933948496574	-0.086710996952412	-0.2033553133277973	-0.061313933948496574	-0.16222142113076252	-0.086710996952412	-0.061313933948496574	-0.086710996952412	-0.36273812505500586	-0.061313933948496574	-0.5018761791997308	-0.061313933948496574	-0.19389168358237033	-0.061313933948496574	-0.061313933948496574	-0.061313933948496574	-0.19389168358237033	-0.061313933948496574	-0.10619884881071831	16.248192496351592	-0.2940512972485138	-0.061313933948496574	-0.16222142113076252	3.97362860755468	-0.061313933948496574	-0.061313933948496574	-0.2528038259917959	-0.086710996952412	-0.061313933948496574	-0.16222142113076252	-0.061313933948496574	-0.18394180184548972	-0.061313933948496574	-0.061313933948496574	-0.061313933948496574
type_26	-0.696392422427928	0.2132603550060599	3.2330975999689504	-0.2843010159481899	-1.0637569963898807	-0.2843010159481899	-2.7564006169100774	-0.2843010159481899	3.2330975999689504	-1.1372040637927596	-1.6819474927657678	-0.2843010159481899	-0.2843010159481899	-0.2843010159481899	-1.3334899657372021	-2.2744081275855192	-0.8529030478445697	-0.5686020318963798	-0.2843010159481899	-0.2843010159481899	-0.2843010159481899	-0.2843010159481899	-0.40206235255037975	4.359758133088716	-0.2843010159481899	5.895068785460618	4.572290474351993	-0.2843010159481899	-0.40206235255037975	-1.6819474927657678	-0.2843010159481899	9.27529902219065	-0.2843010159481899	-0.8990387514961351	-0.2843010159481899	-0.2843010159481899	-0.2843010159481899	-0.8990387514961351	-0.2843010159481899	-0.4924238042657146	-0.2843010159481899	-1.3634597743941614	-0.2843010159481899	-0.7521897856819185	-1.1010931000771889	-0.2843010159481899	-0.2843010159481899	-1.1722031182247978	-0.40206235255037975	-0.2843010159481899	-0.7521897856819185	-0.2843010159481899	-0.8529030478445697	-0.2843010159481899	-0.2843010159481899	3.2330975999689504
type_27	-0.26013299085723596	-0.33583024712973375	-0.10619884881071831	-0.10619884881071831	-0.39735970711951313	-0.10619884881071831	-1.0296360405210425	-0.10619884881071831	-0.10619884881071831	-0.42479539524287324	-0.6282808624375433	-0.10619884881071831	-0.10619884881071831	-0.10619884881071831	-0.49811675413689877	-0.8495907904857465	18.513999309335226	-0.21239769762143662	-0.10619884881071831	-0.10619884881071831	-0.10619884881071831	-0.10619884881071831	-0.15018785229652767	-0.35222173467283335	-0.10619884881071831	-0.2809757434745082	-0.15018785229652767	-0.10619884881071831	-0.15018785229652767	-0.6282808624375433	-0.10619884881071831	-0.8692750414824764	-0.10619884881071831	-0.33583024712973375	-0.10619884881071831	-0.10619884881071831	-0.10619884881071831	-0.33583024712973375	-0.10619884881071831	-0.18394180184548972	-0.10619884881071831	-0.5093117868659643	-0.10619884881071831	-0.2809757434745082	-0.41130637283031135	-0.10619884881071831	-0.10619884881071831	-0.437869070965592	-0.15018785229652767	-0.10619884881071831	-0.2809757434745082	-0.10619884881071831	-0.3185965464321549	-0.10619884881071831	-0.10619884881071831	-0.10619884881071831
type_28	-0.10619884881071831	-0.13710212427677046	-0.043355498476206	-0.043355498476206	-0.16222142113076252	-0.043355498476206	-0.4203471533426963	-0.043355498476206	-0.043355498476206	-0.173421993904824	-0.25649458802128855	-0.043355498476206	-0.043355498476206	-0.043355498476206	-0.2033553133277973	-0.346843987809648	-0.13006649542861798	-0.086710996952412	-0.043355498476206	-0.043355498476206	-0.043355498476206	-0.043355498476206	-0.061313933948496574	6.810602987648427	-0.043355498476206	-0.11470786693528087	-0.061313933948496574	-0.043355498476206	-0.061313933948496574	-0.25649458802128855	-0.043355498476206	-0.3548800496281246	-0.043355498476206	-0.13710212427677046	-0.043355498476206	-0.043355498476206	-0.043355498476206	-0.13710212427677046	-0.043355498476206	-0.07509392614826384	-0.043355498476206	-0.2079256663011253	-0.043355498476206	-0.11470786693528087	-0.16791512356486687	-0.043355498476206	-0.043355498476206	-0.17875929966870288	-0.061313933948496574	-0.043355498476206	-0.11470786693528087	-0.043355498476206	-0.13006649542861798	-0.043355498476206	-0.043355498476206	-0.043355498476206
type_29	-0.10619884881071831	-0.13710212427677046	-0.043355498476206	-0.043355498476206	-0.16222142113076252	-0.043355498476206	-0.4203471533426963	-0.043355498476206	-0.043355498476206	-0.173421993904824	-0.25649458802128855	-0.043355498476206	-0.043355498476206	-0.043355498476206	-0.2033553133277973	-0.346843987809648	-0.13006649542861798	-0.086710996952412	-0.043355498476206	-0.043355498476206	-0.043355498476206	-0.043355498476206	-0.061313933948496574	-0.14379392104440056	-0.043355498476206	-0.11470786693528087	-0.061313933948496574	-0.043355498476206	-0.061313933948496574	-0.25649458802128855	-0.043355498476206	2.4629734787623567	-0.043355498476206	-0.13710212427677046	-0.043355498476206	-0.043355498476206	-0.043355498476206	-0.13710212427677046	-0.043355498476206	-0.07509392614826384	-0.043355498476206	-0.2079256663011253	-0.043355498476206	-0.11470786693528087	-0.16791512356486687	-0.043355498476206	-0.043355498476206	-0.17875929966870288	-0.061313933948496574	-0.043355498476206	-0.11470786693528087	-0.043355498476206	-0.13006649542861798	-0.043355498476206	-0.043355498476206	-0.043355498476206
type_30	-0.10619884881071831	-0.13710212427677046	-0.043355498476206	-0.043355498476206	-0.16222142113076252	-0.043355498476206	-0.4203471533426963	-0.043355498476206	-0.043355498476206	-0.173421993904824	-0.25649458802128855	-0.043355498476206	-0.043355498476206	-0.043355498476206	-0.2033553133277973	-0.346843987809648	-0.13006649542861798	-0.086710996952412	-0.043355498476206	-0.043355498476206	-0.043355498476206	-0.043355498476206	-0.061313933948496574	-0.14379392104440056	-0.043355498476206	-0.11470786693528087	-0.061313933948496574	-0.043355498476206	-0.061313933948496574	-0.25649458802128855	-0.043355498476206	2.4629734787623567	-0.043355498476206	-0.13710212427677046	-0.043355498476206	-0.043355498476206	-0.043355498476206	-0.13710212427677046	-0.043355498476206	-0.07509392614826384	-0.043355498476206	-0.2079256663011253	-0.043355498476206	-0.11470786693528087	-0.16791512356486687	-0.043355498476206	-0.043355498476206	-0.17875929966870288	-0.061313933948496574	-0.043355498476206	-0.11470786693528087	-0.043355498476206	-0.13006649542861798	-0.043355498476206	-0.043355498476206	-0.043355498476206
type_31	-0.10619884881071831	-0.13710212427677046	-0.043355498476206	-0.043355498476206	-0.16222142113076252	-0.043355498476206	-0.4203471533426963	-0.043355498476206	-0.043355498476206	-0.173421993904824	-0.25649458802128855	-0.043355498476206	-0.043355498476206	-0.043355498476206	-0.2033553133277973	-0.346843987809648	-0.13006649542861798	-0.086710996952412	-0.043355498476206	-0.043355498476206	-0.043355498476206	-0.043355498476206	-0.061313933948496574	-0.14379392104440056	-0.043355498476206	-0.11470786693528087	-0.061313933948496574	-0.043355498476206	-0.061313933948496574	-0.25649458802128855	-0.043355498476206	-0.3548800496281246	-0.043355498476206	-0.13710212427677046	-0.043355498476206	-0.043355498476206	-0.043355498476206	-0.13710212427677046	-0.043355498476206	-0.07509392614826384	-0.043355498476206	-0.2079256663011253	-0.043355498476206	-0.11470786693528087	-0.16791512356486687	-0.043355498476206	-0.043355498476206	-0.17875929966870288	-0.061313933948496574	23.021769690865387	-0.11470786693528087	-0.043355498476206	-0.13006649542861798	-0.043355498476206	-0.043355498476206	-0.043355498476206
type_32	-0.7124035352189665	-0.9197090092274487	-0.29083752537355545	-0.29083752537355545	-1.0882143751650175	-0.29083752537355545	-2.819774427068391	-0.29083752537355545	-0.29083752537355545	-1.1633501014942218	-1.7206180040292132	-0.29083752537355545	-0.29083752537355545	-0.29083752537355545	-1.3641489125601711	-2.3267002029884436	-0.8725125761206665	-0.5816750507471109	-0.29083752537355545	-0.29083752537355545	-0.29083752537355545	-0.29083752537355545	-0.41130637283031135	-0.9645989466195517	-0.29083752537355545	-0.7694837640638655	-0.41130637283031135	-0.29083752537355545	-0.41130637283031135	16.296164295938905	-0.29083752537355545	-2.3806077444809564	-0.29083752537355545	-0.9197090092274487	-0.29083752537355545	3.1475083301538116	-0.29083752537355545	-0.9197090092274487	-0.29083752537355545	-0.5037453706946007	-0.29083752537355545	-1.3948077723487604	-0.29083752537355545	-0.7694837640638655	-1.1264088922239575	-0.29083752537355545	-0.29083752537355545	9.64182385808997	-0.41130637283031135	-0.29083752537355545	-0.7694837640638655	-0.29083752537355545	-0.8725125761206665	-0.29083752537355545	-0.29083752537355545	-0.29083752537355545
type_33	-0.23746784507298882	-0.3065696697424829	-0.09694584179118516	-0.09694584179118516	-0.36273812505500586	-0.09694584179118516	-0.9399248090227971	-0.09694584179118516	-0.09694584179118516	-0.38778336716474066	-0.5735393346764045	-0.09694584179118516	-0.09694584179118516	-0.09694584179118516	-0.4547163041867237	-0.7755667343294813	-0.29083752537355545	-0.19389168358237033	-0.09694584179118516	-0.09694584179118516	-0.09694584179118516	-0.09694584179118516	-0.13710212427677046	-0.3215329822065172	-0.09694584179118516	-0.25649458802128855	-0.13710212427677046	-0.09694584179118516	-0.13710212427677046	-0.5735393346764045	-0.09694584179118516	-0.7935359148269855	-0.09694584179118516	16.002936760557606	-0.09694584179118516	-0.09694584179118516	-0.09694584179118516	-0.3065696697424829	-0.09694584179118516	-0.16791512356486687	-0.09694584179118516	-0.46493592411625345	-0.09694584179118516	-0.25649458802128855	-0.37546963074131917	-0.09694584179118516	-0.09694584179118516	-0.3997179456694752	-0.13710212427677046	-0.09694584179118516	-0.25649458802128855	-0.09694584179118516	-0.29083752537355545	-0.09694584179118516	-0.09694584179118516	-0.09694584179118516
type_34	-0.35222173467283335	-0.4547163041867237	-0.14379392104440056	-0.14379392104440056	-0.5380275868489703	-0.14379392104440056	-1.3941337893317092	-0.14379392104440056	-0.14379392104440056	-0.5751756841776022	-0.8506963092234008	-0.14379392104440056	-0.14379392104440056	-0.14379392104440056	14.152370754112075	-1.1503513683552045	-0.43138176313320176	-0.2875878420888011	-0.14379392104440056	-0.14379392104440056	-0.14379392104440056	-0.14379392104440056	-0.2033553133277973	-0.47691048323826596	-0.14379392104440056	-0.3804429551263411	-0.2033553133277973	-0.14379392104440056	-0.2033553133277973	-0.8506963092234008	-0.14379392104440056	-1.1770039701991926	-0.14379392104440056	-0.4547163041867237	-0.14379392104440056	-0.14379392104440056	-0.14379392104440056	-0.4547163041867237	-0.14379392104440056	-0.24905837706844938	-0.14379392104440056	-0.6896114194054765	-0.14379392104440056	-0.3804429551263411	-0.5569114614908276	-0.14379392104440056	-0.14379392104440056	-0.5928775247877898	-0.2033553133277973	-0.14379392104440056	-0.3804429551263411	6.810602987648427	-0.43138176313320176	-0.14379392104440056	-0.14379392104440056	-0.14379392104440056
type_35	-0.10619884881071831	-0.13710212427677046	-0.043355498476206	-0.043355498476206	-0.16222142113076252	-0.043355498476206	-0.4203471533426963	-0.043355498476206	-0.043355498476206	-0.173421993904824	-0.25649458802128855	-0.043355498476206	-0.043355498476206	-0.043355498476206	-0.2033553133277973	-0.346843987809648	-0.13006649542861798	-0.086710996952412	-0.043355498476206	-0.043355498476206	-0.043355498476206	-0.043355498476206	-0.061313933948496574	-0.14379392104440056	-0.043355498476206	-0.11470786693528087	-0.061313933948496574	-0.043355498476206	-0.061313933948496574	3.6422231499022977	-0.043355498476206	-0.3548800496281246	-0.043355498476206	-0.13710212427677046	-0.043355498476206	-0.043355498476206	-0.043355498476206	-0.13710212427677046	-0.043355498476206	-0.07509392614826384	-0.043355498476206	-0.2079256663011253	-0.043355498476206	-0.11470786693528087	-0.16791512356486687	-0.043355498476206	-0.043355498476206	-0.17875929966870288	-0.061313933948496574	-0.043355498476206	-0.11470786693528087	-0.043355498476206	-0.13006649542861798	-0.043355498476206	-0.043355498476206	-0.043355498476206
type_36	-0.30037570459305535	-0.38778336716474066	-0.12262786789699315	-0.12262786789699315	-0.4588314677411235	-0.12262786789699315	-1.1889212903243285	-0.12262786789699315	-0.12262786789699315	-0.4905114715879726	-0.7254762501100117	-0.12262786789699315	-0.12262786789699315	-0.12262786789699315	-0.5751756841776022	-0.9810229431759452	-0.36788360369097944	-0.2452557357939863	-0.12262786789699315	-0.12262786789699315	-0.12262786789699315	-0.12262786789699315	11.359140600765972	11.887042406343062	8.032125347253052	-0.32444284226152503	-0.173421993904824	-0.12262786789699315	-0.173421993904824	-0.7254762501100117	-0.12262786789699315	-1.0037523583994616	-0.12262786789699315	-0.38778336716474066	-0.12262786789699315	-0.12262786789699315	-0.12262786789699315	-0.38778336716474066	-0.12262786789699315	-0.21239769762143662	-0.12262786789699315	-0.5881025944970276	-0.12262786789699315	-0.32444284226152503	-0.47493569014597764	-0.12262786789699315	-0.12262786789699315	-0.5056076519835918	-0.173421993904824	-0.12262786789699315	-0.32444284226152503	-0.12262786789699315	-0.36788360369097944	-0.12262786789699315	-0.12262786789699315	-0.12262786789699315
type_37	-0.10619884881071831	-0.13710212427677046	-0.043355498476206	-0.043355498476206	-0.16222142113076252	-0.043355498476206	-0.4203471533426963	-0.043355498476206	-0.043355498476206	-0.173421993904824	-0.25649458802128855	-0.043355498476206	-0.043355498476206	23.021769690865387	-0.2033553133277973	-0.346843987809648	-0.13006649542861798	-0.086710996952412	-0.043355498476206	-0.043355498476206	-0.043355498476206	-0.043355498476206	-0.061313933948496574	-0.14379392104440056	-0.043355498476206	-0.11470786693528087	-0.061313933948496574	-0.043355498476206	-0.061313933948496574	-0.25649458802128855	-0.043355498476206	-0.3548800496281246	-0.043355498476206	-0.13710212427677046	-0.043355498476206	-0.043355498476206	-0.043355498476206	-0.13710212427677046	-0.043355498476206	-0.07509392614826384	-0.043355498476206	-0.2079256663011253	-0.043355498476206	-0.11470786693528087	-0.16791512356486687	-0.043355498476206	-0.043355498476206	-0.17875929966870288	-0.061313933948496574	-0.043355498476206	-0.11470786693528087	-0.043355498476206	-0.13006649542861798	-0.043355498476206	-0.043355498476206	-0.043355498476206
type_38	-0.10619884881071831	-0.13710212427677046	-0.043355498476206	-0.043355498476206	-0.16222142113076252	-0.043355498476206	-0.4203471533426963	23.021769690865387	-0.043355498476206	-0.173421993904824	-0.25649458802128855	-0.043355498476206	-0.043355498476206	-0.043355498476206	-0.2033553133277973	-0.346843987809648	-0.13006649542861798	-0.086710996952412	-0.043355498476206	-0.043355498476206	-0.043355498476206	-0.043355498476206	-0.061313933948496574	-0.14379392104440056	-0.043355498476206	-0.11470786693528087	-0.061313933948496574	-0.043355498476206	-0.061313933948496574	-0.25649458802128855	-0.043355498476206	-0.3548800496281246	-0.043355498476206	-0.13710212427677046	-0.043355498476206	-0.043355498476206	-0.043355498476206	-0.13710212427677046	-0.043355498476206	-0.07509392614826384	-0.043355498476206	-0.2079256663011253	-0.043355498476206	-0.11470786693528087	-0.16791512356486687	-0.043355498476206	-0.043355498476206	-0.17875929966870288	-0.061313933948496574	-0.043355498476206	-0.11470786693528087	-0.043355498476206	-0.13006649542861798	-0.043355498476206	-0.043355498476206	-0.043355498476206
type_39	-0.10619884881071831	-0.13710212427677046	-0.043355498476206	-0.043355498476206	-0.16222142113076252	-0.043355498476206	-0.4203471533426963	-0.043355498476206	-0.043355498476206	-0.173421993904824	-0.25649458802128855	-0.043355498476206	-0.043355498476206	-0.043355498476206	-0.2033553133277973	-0.346843987809648	-0.13006649542861798	-0.086710996952412	-0.043355498476206	-0.043355498476206	-0.043355498476206	-0.043355498476206	-0.061313933948496574	-0.14379392104440056	-0.043355498476206	-0.11470786693528087	-0.061313933948496574	-0.043355498476206	-0.061313933948496574	-0.25649458802128855	-0.043355498476206	-0.3548800496281246	-0.043355498476206	7.156730887247417	-0.043355498476206	-0.043355498476206	-0.043355498476206	-0.13710212427677046	-0.043355498476206	-0.07509392614826384	-0.043355498476206	-0.2079256663011253	-0.043355498476206	-0.11470786693528087	-0.16791512356486687	-0.043355498476206	-0.043355498476206	-0.17875929966870288	-0.061313933948496574	-0.043355498476206	-0.11470786693528087	-0.043355498476206	-0.13006649542861798	-0.043355498476206	-0.043355498476206	-0.043355498476206
type_40	-0.21239769762143662	-0.2742042485535409	-0.086710996952412	-0.086710996952412	-0.32444284226152503	-0.086710996952412	-0.8406943066853926	-0.086710996952412	-0.086710996952412	-0.346843987809648	-0.5129891760425771	-0.086710996952412	-0.086710996952412	-0.086710996952412	-0.4067106266555946	-0.693687975619296	-0.26013299085723596	-0.173421993904824	-0.086710996952412	-0.086710996952412	-0.086710996952412	-0.086710996952412	-0.12262786789699315	-0.2875878420888011	-0.086710996952412	-0.22941573387056174	-0.12262786789699315	-0.086710996952412	-0.12262786789699315	-0.5129891760425771	-0.086710996952412	-0.7097600992562492	-0.086710996952412	-0.2742042485535409	-0.086710996952412	-0.086710996952412	-0.086710996952412	-0.2742042485535409	-0.086710996952412	-0.15018785229652767	-0.086710996952412	-0.4158513326022506	-0.086710996952412	-0.22941573387056174	-0.33583024712973375	-0.086710996952412	-0.086710996952412	10.830710509339058	-0.12262786789699315	-0.086710996952412	-0.22941573387056174	-0.086710996952412	-0.26013299085723596	-0.086710996952412	-0.086710996952412	-0.086710996952412
type_41	-0.21239769762143662	-0.2742042485535409	-0.086710996952412	-0.086710996952412	-0.32444284226152503	-0.086710996952412	-0.8406943066853926	-0.086710996952412	-0.086710996952412	-0.346843987809648	-0.5129891760425771	-0.086710996952412	-0.086710996952412	-0.086710996952412	-0.4067106266555946	-0.693687975619296	-0.26013299085723596	-0.173421993904824	-0.086710996952412	-0.086710996952412	-0.086710996952412	-0.086710996952412	-0.12262786789699315	-0.2875878420888011	-0.086710996952412	-0.22941573387056174	-0.12262786789699315	11.445851597718384	-0.12262786789699315	-0.5129891760425771	-0.086710996952412	-0.7097600992562492	-0.086710996952412	-0.2742042485535409	-0.086710996952412	-0.086710996952412	-0.086710996952412	-0.2742042485535409	11.445851597718384	13.16646838466226	-0.086710996952412	-0.4158513326022506	-0.086710996952412	-0.22941573387056174	-0.33583024712973375	-0.086710996952412	-0.086710996952412	-0.35751859933740576	-0.12262786789699315	-0.086710996952412	-0.22941573387056174	-0.086710996952412	-0.26013299085723596	-0.086710996952412	-0.086710996952412	-0.086710996952412
type_42	-0.10619884881071831	-0.13710212427677046	-0.043355498476206	-0.043355498476206	-0.16222142113076252	-0.043355498476206	-0.4203471533426963	-0.043355498476206	-0.043355498476206	-0.173421993904824	-0.25649458802128855	-0.043355498476206	23.021769690865387	-0.043355498476206	-0.2033553133277973	-0.346843987809648	-0.13006649542861798	-0.086710996952412	-0.043355498476206	-0.043355498476206	-0.043355498476206	-0.043355498476206	-0.061313933948496574	-0.14379392104440056	-0.043355498476206	-0.11470786693528087	-0.061313933948496574	-0.043355498476206	-0.061313933948496574	-0.25649458802128855	-0.043355498476206	-0.3548800496281246	-0.043355498476206	-0.13710212427677046	-0.043355498476206	-0.043355498476206	-0.043355498476206	-0.13710212427677046	-0.043355498476206	-0.07509392614826384	-0.043355498476206	-0.2079256663011253	-0.043355498476206	-0.11470786693528087	-0.16791512356486687	-0.043355498476206	-0.043355498476206	-0.17875929966870288	-0.061313933948496574	-0.043355498476206	-0.11470786693528087	-0.043355498476206	-0.13006649542861798	-0.043355498476206	-0.043355498476206	-0.043355498476206
type_43	-0.4629100498862757	-0.5976143046671969	-0.18898223650461363	-0.18898223650461363	-0.7071067811865475	-0.18898223650461363	-1.8322507626258084	-0.18898223650461363	-0.18898223650461363	19.087205886965975	-1.118033988749895	5.102520385624568	-0.18898223650461363	-0.18898223650461363	-0.8864052604279183	-1.511857892036909	4.72455591261534	-0.37796447300922725	-0.18898223650461363	-0.18898223650461363	-0.18898223650461363	-0.18898223650461363	-0.26726124191242434	-0.6267831705280087	-0.18898223650461363	-0.5	-0.26726124191242434	-0.18898223650461363	-0.26726124191242434	-1.118033988749895	-0.18898223650461363	-1.5468862734076938	-0.18898223650461363	-0.5976143046671969	-0.18898223650461363	-0.18898223650461363	-0.18898223650461363	-0.5976143046671969	-0.18898223650461363	-0.3273268353539886	-0.18898223650461363	-0.9063269671749657	-0.18898223650461363	-0.5	-0.7319250547113998	-0.18898223650461363	-0.18898223650461363	-0.7791937224739796	-0.26726124191242434	-0.18898223650461363	-0.5	-0.18898223650461363	-0.5669467095138409	-0.18898223650461363	-0.18898223650461363	-0.18898223650461363
type_44	-0.18394180184548972	-0.23746784507298882	-0.07509392614826384	-0.07509392614826384	-0.2809757434745082	-0.07509392614826384	-0.7280626264064959	-0.07509392614826384	-0.07509392614826384	-0.30037570459305535	-0.44426165831931924	-0.07509392614826384	-0.07509392614826384	-0.07509392614826384	-0.35222173467283335	-0.6007514091861107	-0.22528177844479147	-0.15018785229652767	-0.07509392614826384	-0.07509392614826384	-0.07509392614826384	-0.07509392614826384	-0.10619884881071831	-0.24905837706844938	-0.07509392614826384	-0.19867985355975656	-0.10619884881071831	-0.07509392614826384	-0.10619884881071831	1.8066640771652314	-0.07509392614826384	-0.6146702765484764	-0.07509392614826384	8.184725060182348	-0.07509392614826384	-0.07509392614826384	-0.07509392614826384	-0.23746784507298882	-0.07509392614826384	-0.13006649542861798	-0.07509392614826384	-0.36013781823116103	-0.07509392614826384	-0.19867985355975656	-0.29083752537355545	-0.07509392614826384	-0.07509392614826384	-0.3096201893516237	-0.10619884881071831	-0.07509392614826384	-0.19867985355975656	-0.07509392614826384	-0.22528177844479147	-0.07509392614826384	-0.07509392614826384	-0.07509392614826384
type_45	-0.33583024712973375	-0.43355498476205995	-0.13710212427677046	-0.13710212427677046	-0.5129891760425771	-0.13710212427677046	-1.3292544125309806	-0.13710212427677046	-0.13710212427677046	-0.5484084971070818	-0.8111071056538127	-0.13710212427677046	-0.13710212427677046	-0.13710212427677046	-0.6430659644130344	-1.0968169942141637	-0.41130637283031135	-0.2742042485535409	-0.13710212427677046	-0.13710212427677046	-0.13710212427677046	-0.13710212427677046	-0.19389168358237033	-0.4547163041867237	-0.13710212427677046	-0.36273812505500586	-0.19389168358237033	-0.13710212427677046	-0.19389168358237033	-0.8111071056538127	-0.13710212427677046	-1.122229252978464	-0.13710212427677046	-0.43355498476205995	-0.13710212427677046	-0.13710212427677046	-0.13710212427677046	-0.43355498476205995	-0.13710212427677046	-0.23746784507298882	-0.13710212427677046	-0.6575186895196738	-0.13710212427677046	-0.36273812505500586	18.301601611713785	-0.13710212427677046	-0.13710212427677046	-0.5652865398896839	-0.19389168358237033	-0.13710212427677046	-0.36273812505500586	-0.13710212427677046	-0.41130637283031135	-0.13710212427677046	-0.13710212427677046	-0.13710212427677046
type_46	-0.2809757434745082	-0.36273812505500586	-0.11470786693528087	-0.11470786693528087	-0.42919753763947605	-0.11470786693528087	-1.1121340320587074	-0.11470786693528087	-0.11470786693528087	-0.4588314677411235	-0.6786208925382962	-0.11470786693528087	-0.11470786693528087	-0.11470786693528087	-0.5380275868489703	-0.917662935482247	-0.34412360080584264	-0.22941573387056174	-0.11470786693528087	-0.11470786693528087	-0.11470786693528087	-0.11470786693528087	-0.16222142113076252	-0.3804429551263411	-0.11470786693528087	-0.303488489333442	-0.16222142113076252	-0.11470786693528087	-0.16222142113076252	-0.6786208925382962	-0.11470786693528087	-0.9389243565742775	-0.11470786693528087	-0.36273812505500586	-0.11470786693528087	-0.11470786693528087	-0.11470786693528087	-0.36273812505500586	-0.11470786693528087	-0.19867985355975656	-0.11470786693528087	-0.5501196042201809	-0.11470786693528087	-0.303488489333442	-0.44426165831931924	-0.11470786693528087	-0.11470786693528087	-0.4729526514634586	-0.16222142113076252	-0.11470786693528087	22.76163670000815	-0.11470786693528087	-0.34412360080584264	-0.11470786693528087	-0.11470786693528087	-0.11470786693528087
type_47	-0.21239769762143662	-0.2742042485535409	-0.086710996952412	-0.086710996952412	-0.32444284226152503	-0.086710996952412	-0.8406943066853926	-0.086710996952412	-0.086710996952412	-0.346843987809648	-0.5129891760425771	-0.086710996952412	-0.086710996952412	-0.086710996952412	-0.4067106266555946	-0.693687975619296	-0.26013299085723596	-0.173421993904824	-0.086710996952412	-0.086710996952412	-0.086710996952412	-0.086710996952412	-0.12262786789699315	-0.2875878420888011	-0.086710996952412	-0.22941573387056174	-0.12262786789699315	-0.086710996952412	-0.12262786789699315	3.385728561881009	-0.086710996952412	-0.7097600992562492	11.445851597718384	-0.2742042485535409	11.445851597718384	-0.086710996952412	-0.086710996952412	-0.2742042485535409	-0.086710996952412	-0.15018785229652767	-0.086710996952412	-0.4158513326022506	-0.086710996952412	-0.22941573387056174	-0.33583024712973375	-0.086710996952412	-0.086710996952412	-0.35751859933740576	-0.12262786789699315	-0.086710996952412	-0.22941573387056174	-0.086710996952412	-0.26013299085723596	-0.086710996952412	-0.086710996952412	-0.086710996952412
type_48	-0.10619884881071831	-0.13710212427677046	-0.043355498476206	-0.043355498476206	-0.16222142113076252	-0.043355498476206	-0.4203471533426963	-0.043355498476206	-0.043355498476206	-0.173421993904824	-0.25649458802128855	-0.043355498476206	-0.043355498476206	-0.043355498476206	-0.2033553133277973	-0.346843987809648	-0.13006649542861798	-0.086710996952412	-0.043355498476206	-0.043355498476206	-0.043355498476206	23.021769690865387	-0.061313933948496574	-0.14379392104440056	-0.043355498476206	-0.11470786693528087	-0.061313933948496574	-0.043355498476206	-0.061313933948496574	-0.25649458802128855	-0.043355498476206	-0.3548800496281246	-0.043355498476206	-0.13710212427677046	-0.043355498476206	-0.043355498476206	-0.043355498476206	-0.13710212427677046	-0.043355498476206	-0.07509392614826384	-0.043355498476206	-0.2079256663011253	-0.043355498476206	-0.11470786693528087	-0.16791512356486687	-0.043355498476206	-0.043355498476206	-0.17875929966870288	-0.061313933948496574	-0.043355498476206	-0.11470786693528087	-0.043355498476206	-0.13006649542861798	-0.043355498476206	-0.043355498476206	-0.043355498476206
type_49	-0.15018785229652767	-0.19389168358237033	-0.061313933948496574	-0.061313933948496574	8.488382153210786	-0.061313933948496574	-0.5944606451621642	-0.061313933948496574	-0.061313933948496574	-0.2452557357939863	-0.36273812505500586	-0.061313933948496574	-0.061313933948496574	-0.061313933948496574	-0.2875878420888011	-0.4905114715879726	-0.18394180184548972	-0.12262786789699315	-0.061313933948496574	-0.061313933948496574	-0.061313933948496574	-0.061313933948496574	-0.086710996952412	-0.2033553133277973	-0.061313933948496574	-0.16222142113076252	-0.086710996952412	-0.061313933948496574	-0.086710996952412	-0.36273812505500586	-0.061313933948496574	-0.5018761791997308	-0.061313933948496574	-0.19389168358237033	-0.061313933948496574	-0.061313933948496574	-0.061313933948496574	-0.19389168358237033	-0.061313933948496574	-0.10619884881071831	-0.061313933948496574	-0.2940512972485138	-0.061313933948496574	-0.16222142113076252	-0.23746784507298882	-0.061313933948496574	-0.061313933948496574	-0.2528038259917959	-0.086710996952412	-0.061313933948496574	-0.16222142113076252	-0.061313933948496574	-0.18394180184548972	-0.061313933948496574	-0.061313933948496574	-0.061313933948496574
type_50	-0.38290539478229274	-0.494328739054932	-0.15632047282926156	-0.15632047282926156	9.673307319315722	-0.15632047282926156	-1.5155832148724158	-0.15632047282926156	-0.15632047282926156	-0.6252818913170463	-0.9248043889897672	-0.15632047282926156	-0.15632047282926156	-0.15632047282926156	-0.7332080093414187	-1.2505637826340925	-0.4689614184877847	-0.31264094565852313	-0.15632047282926156	-0.15632047282926156	-0.15632047282926156	-0.15632047282926156	-0.22107053275171662	-0.5184563554256066	-0.15632047282926156	-0.4135850959342555	-0.22107053275171662	-0.15632047282926156	-0.22107053275171662	-0.9248043889897672	-0.15632047282926156	-1.2795382155734083	-0.15632047282926156	-0.494328739054932	-0.15632047282926156	-0.15632047282926156	-0.15632047282926156	-0.494328739054932	-0.15632047282926156	-0.27075500120347124	-0.15632047282926156	-0.7496866513337221	-0.15632047282926156	16.51158959922143	-0.6054265879389992	-0.15632047282926156	-0.15632047282926156	-0.6445258209215411	-0.22107053275171662	-0.15632047282926156	-0.4135850959342555	-0.15632047282926156	-0.4689614184877847	-0.15632047282926156	-0.15632047282926156	-0.15632047282926156
type_51	-0.10619884881071831	-0.13710212427677046	-0.043355498476206	-0.043355498476206	6.002192581838214	-0.043355498476206	-0.4203471533426963	-0.043355498476206	-0.043355498476206	-0.173421993904824	-0.25649458802128855	-0.043355498476206	-0.043355498476206	-0.043355498476206	-0.2033553133277973	-0.346843987809648	-0.13006649542861798	-0.086710996952412	-0.043355498476206	-0.043355498476206	-0.043355498476206	-0.043355498476206	-0.061313933948496574	-0.14379392104440056	-0.043355498476206	-0.11470786693528087	-0.061313933948496574	-0.043355498476206	-0.061313933948496574	-0.25649458802128855	-0.043355498476206	-0.3548800496281246	-0.043355498476206	-0.13710212427677046	-0.043355498476206	-0.043355498476206	-0.043355498476206	-0.13710212427677046	-0.043355498476206	-0.07509392614826384	-0.043355498476206	-0.2079256663011253	-0.043355498476206	-0.11470786693528087	-0.16791512356486687	-0.043355498476206	-0.043355498476206	-0.17875929966870288	-0.061313933948496574	-0.043355498476206	-0.11470786693528087	-0.043355498476206	-0.13006649542861798	-0.043355498476206	-0.043355498476206	-0.043355498476206
type_52	-0.10619884881071831	-0.13710212427677046	-0.043355498476206	-0.043355498476206	6.002192581838214	-0.043355498476206	-0.4203471533426963	-0.043355498476206	-0.043355498476206	-0.173421993904824	-0.25649458802128855	-0.043355498476206	-0.043355498476206	-0.043355498476206	-0.2033553133277973	-0.346843987809648	-0.13006649542861798	-0.086710996952412	-0.043355498476206	-0.043355498476206	-0.043355498476206	-0.043355498476206	-0.061313933948496574	-0.14379392104440056	-0.043355498476206	-0.11470786693528087	-0.061313933948496574	-0.043355498476206	-0.061313933948496574	-0.25649458802128855	-0.043355498476206	-0.3548800496281246	-0.043355498476206	-0.13710212427677046	-0.043355498476206	-0.043355498476206	-0.043355498476206	-0.13710212427677046	-0.043355498476206	-0.07509392614826384	-0.043355498476206	-0.2079256663011253	-0.043355498476206	-0.11470786693528087	-0.16791512356486687	-0.043355498476206	-0.043355498476206	-0.17875929966870288	-0.061313933948496574	-0.043355498476206	-0.11470786693528087	-0.043355498476206	-0.13006649542861798	-0.043355498476206	-0.043355498476206	-0.043355498476206
type_53	-0.18394180184548972	-0.23746784507298882	-0.07509392614826384	-0.07509392614826384	-0.2809757434745082	-0.07509392614826384	-0.7280626264064959	-0.07509392614826384	-0.07509392614826384	-0.30037570459305535	-0.44426165831931924	-0.07509392614826384	-0.07509392614826384	-0.07509392614826384	-0.35222173467283335	-0.6007514091861107	-0.22528177844479147	-0.15018785229652767	-0.07509392614826384	-0.07509392614826384	-0.07509392614826384	-0.07509392614826384	-0.10619884881071831	-0.24905837706844938	-0.07509392614826384	-0.19867985355975656	-0.10619884881071831	-0.07509392614826384	18.726397006956663	-0.44426165831931924	-0.07509392614826384	-0.6146702765484764	-0.07509392614826384	-0.23746784507298882	-0.07509392614826384	-0.07509392614826384	-0.07509392614826384	-0.23746784507298882	-0.07509392614826384	7.558308567685246	-0.07509392614826384	-0.36013781823116103	-0.07509392614826384	-0.19867985355975656	-0.29083752537355545	-0.07509392614826384	-0.07509392614826384	-0.3096201893516237	-0.10619884881071831	-0.07509392614826384	-0.19867985355975656	-0.07509392614826384	-0.22528177844479147	-0.07509392614826384	-0.07509392614826384	-0.07509392614826384
type_54	-0.23746784507298882	-0.3065696697424829	-0.09694584179118516	-0.09694584179118516	-0.36273812505500586	-0.09694584179118516	-0.9399248090227971	-0.09694584179118516	-0.09694584179118516	-0.38778336716474066	-0.5735393346764045	-0.09694584179118516	-0.09694584179118516	-0.09694584179118516	8.341977289534624	-0.7755667343294813	-0.29083752537355545	-0.19389168358237033	-0.09694584179118516	-0.09694584179118516	10.218091724790916	-0.09694584179118516	-0.13710212427677046	-0.3215329822065172	-0.09694584179118516	-0.25649458802128855	-0.13710212427677046	-0.09694584179118516	-0.13710212427677046	-0.5735393346764045	-0.09694584179118516	-0.7935359148269855	-0.09694584179118516	-0.3065696697424829	-0.09694584179118516	-0.09694584179118516	-0.09694584179118516	-0.3065696697424829	-0.09694584179118516	-0.16791512356486687	-0.09694584179118516	-0.46493592411625345	-0.09694584179118516	-0.25649458802128855	-0.37546963074131917	-0.09694584179118516	-0.09694584179118516	-0.3997179456694752	-0.13710212427677046	-0.09694584179118516	-0.25649458802128855	-0.09694584179118516	-0.29083752537355545	-0.09694584179118516	-0.09694584179118516	-0.09694584179118516
type_55	-0.10619884881071831	-0.13710212427677046	-0.043355498476206	-0.043355498476206	-0.16222142113076252	-0.043355498476206	-0.4203471533426963	-0.043355498476206	-0.043355498476206	5.592859303430574	-0.25649458802128855	-0.043355498476206	-0.043355498476206	-0.043355498476206	-0.2033553133277973	-0.346843987809648	-0.13006649542861798	-0.086710996952412	-0.043355498476206	-0.043355498476206	-0.043355498476206	-0.043355498476206	-0.061313933948496574	-0.14379392104440056	-0.043355498476206	-0.11470786693528087	-0.061313933948496574	-0.043355498476206	-0.061313933948496574	-0.25649458802128855	-0.043355498476206	-0.3548800496281246	-0.043355498476206	-0.13710212427677046	-0.043355498476206	-0.043355498476206	-0.043355498476206	-0.13710212427677046	-0.043355498476206	-0.07509392614826384	-0.043355498476206	-0.2079256663011253	-0.043355498476206	-0.11470786693528087	-0.16791512356486687	-0.043355498476206	-0.043355498476206	-0.17875929966870288	-0.061313933948496574	-0.043355498476206	-0.11470786693528087	-0.043355498476206	-0.13006649542861798	-0.043355498476206	-0.043355498476206	-0.043355498476206
type_56	-0.10619884881071831	-0.13710212427677046	-0.043355498476206	-0.043355498476206	-0.16222142113076252	-0.043355498476206	-0.4203471533426963	-0.043355498476206	-0.043355498476206	-0.173421993904824	-0.25649458802128855	-0.043355498476206	-0.043355498476206	-0.043355498476206	-0.2033553133277973	2.536296660858051	-0.13006649542861798	-0.086710996952412	-0.043355498476206	-0.043355498476206	-0.043355498476206	-0.043355498476206	-0.061313933948496574	-0.14379392104440056	-0.043355498476206	-0.11470786693528087	-0.061313933948496574	-0.043355498476206	-0.061313933948496574	-0.25649458802128855	-0.043355498476206	-0.3548800496281246	-0.043355498476206	-0.13710212427677046	-0.043355498476206	-0.043355498476206	-0.043355498476206	-0.13710212427677046	-0.043355498476206	-0.07509392614826384	-0.043355498476206	-0.2079256663011253	-0.043355498476206	-0.11470786693528087	-0.16791512356486687	-0.043355498476206	-0.043355498476206	-0.17875929966870288	-0.061313933948496574	-0.043355498476206	-0.11470786693528087	-0.043355498476206	-0.13006649542861798	-0.043355498476206	-0.043355498476206	-0.043355498476206
