locus_A	locus_B	edge_id	channel	pair_class	orientation	MIraw	NMI	order_distance	HC_supported	Neff	driver_A	driver_B	annotation_A	annotation_B
group_1922	group_2348	PP:group_1922--group_2348	PP	PP	P_A__P_B	0.2695785823766203	0.3899660883411208	135.14285714285714	25	6.2608633	1	1	Uncharacterised protein	Uncharacterised protein
yxlF	group_5417	PP:yxlF--group_5417	PP	PP	P_A__P_B	0.2928027577364576	0.4234561633746656	152.0	13	3.4157245	1	1	Uncharacterised protein	major facilitator superfamily permease
yxlF	group_1482	PP:yxlF--group_1482	PP	PP	P_A__P_B	0.2791310095456147	0.4038233135364636	152.85714285714286	12	3.331653	1	1	Uncharacterised protein	cell division protein FtsZ
group_1888	group_3921	PP:group_1888--group_3921	PP	PP	P_A__P_B	0.174108199911863	0.3104716089399468	575.375	4	2.6938255	1	1	zinc metalloprotease ZmpC	putative flavoprotein
group_3921	group_4266	PT:group_3921--group_4266	PT	P↔T	P_A__T_B	0.6268694575724264	0.7395695833710968	341.8333333333333	3	2.4615386	0	2	putative flavoprotein	PTS system mannose-specific transporter subunit IIAB
group_2753	group_4266	PT:group_2753--group_4266	PT	P↔T	P_A__T_B	0.5452835046657886	0.6333963717124956	225.6	3	2.4615386	1	2	phosphotransferase system sugar-specific EII component	PTS system mannose-specific transporter subunit IIAB
group_4266	glf_2	PT:glf_2--group_4266	PT	P↔T	P_A__T_B	0.6268694575724263	0.7395695833710967	134.16666666666666	3	2.4615386	1	2	Uncharacterised protein	PTS system mannose-specific transporter subunit IIAB
group_4266	group_2386	PT:group_2386--group_4266	PT	P↔T	P_A__T_B	0.6268694575724263	0.7395695833710967	128.58333333333334	3	2.4615386	1	2	putative metal-dependent membrane protease	PTS system mannose-specific transporter subunit IIAB
group_4266	wfgD	PT:wfgD--group_4266	PT	P↔T	P_A__T_B	0.6268694575724263	0.7395695833710967	139.9090909090909	3	2.4615386	1	2	Uncharacterised protein	PTS system mannose-specific transporter subunit IIAB
group_4266	ygaZ	PT:ygaZ--group_4266	PT	P↔T	P_A__T_B	0.6268694575724264	0.7395695833710968	120.06451612903226	3	2.4615386	0	2	Uncharacterised protein	PTS system mannose-specific transporter subunit IIAB
group_4266	group_4466	PT:group_4466--group_4266	PT	P↔T	P_A__T_B	0.6268694575724264	0.7395695833710968	276.3076923076923	3	2.4615386	0	2	GNAT family acetyltransferase	PTS system mannose-specific transporter subunit IIAB
group_4266	group_4912	PT:group_4912--group_4266	PT	P↔T	P_A__T_B	0.6268694575724264	0.7395695833710968	168.68	3	2.4615386	0	2	LysM domain protein	PTS system mannose-specific transporter subunit IIAB
group_4266	group_1322	PT:group_1322--group_4266	PT	P↔T	P_A__T_B	0.6268694575724264	0.7395695833710968	131.06451612903226	3	2.4615386	0	2	glycosyltransferase	PTS system mannose-specific transporter subunit IIAB
group_4266	group_2856	PT:group_2856--group_4266	PT	P↔T	P_A__T_B	0.6268694575724264	0.7395695833710968	269.53846153846155	3	2.4615386	0	2	peptidoglycan branched peptide synthesis protein, femAB family	PTS system mannose-specific transporter subunit IIAB
group_4266	group_2872	PT:group_2872--group_4266	PT	P↔T	P_A__T_B	0.6268694575724264	0.7395695833710968	245.9090909090909	3	2.4615386	0	2	putative holin 1	PTS system mannose-specific transporter subunit IIAB
group_4266	argH	PT:argH--group_4266	PT	P↔T	P_A__T_B	0.6268694575724264	0.7395695833710968	163.79166666666666	3	2.4615386	0	2	argininosuccinate synthase	PTS system mannose-specific transporter subunit IIAB
group_4266	group_6020	PT:group_6020--group_4266	PT	P↔T	P_A__T_B	0.6268694575724264	0.7395695833710968	207.92307692307693	3	2.4615386	0	2	BlpT protein, fusion	PTS system mannose-specific transporter subunit IIAB
group_4266	group_1172	PT:group_1172--group_4266	PT	P↔T	P_A__T_B	0.5193783119600369	0.6033051349009347	244.9090909090909	3	2.4615386	0	2	Uncharacterised protein	PTS system mannose-specific transporter subunit IIAB
group_4266	group_1186	PT:group_1186--group_4266	PT	P↔T	P_A__T_B	0.6268694575724264	0.7395695833710968	161.94736842105263	3	2.4615386	0	2	pyruvate formate-lyase	PTS system mannose-specific transporter subunit IIAB
group_4266	group_5527	PT:group_5527--group_4266	PT	P↔T	P_A__T_B	0.6268694575724264	0.7395695833710968	188.78571428571428	3	2.4615386	0	2	Uncharacterised protein	PTS system mannose-specific transporter subunit IIAB
group_4266	group_3103	PT:group_3103--group_4266	PT	P↔T	P_A__T_B	0.5193783119600369	0.6033051349009347	246.9090909090909	3	2.4615386	0	2	phage protein	PTS system mannose-specific transporter subunit IIAB
group_4266	group_5452	PT:group_5452--group_4266	PT	P↔T	P_A__T_B	0.6268694575724264	0.7395695833710968	201.13333333333333	3	2.4615386	0	2	aldose 1-epimerase	PTS system mannose-specific transporter subunit IIAB
group_4266	group_6043	PT:group_6043--group_4266	PT	P↔T	P_A__T_B	0.6268694575724264	0.7395695833710968	200.13333333333333	3	2.4615386	0	2	choline binding protein CbpI	PTS system mannose-specific transporter subunit IIAB
group_4266	group_4105	PT:group_4105--group_4266	PT	P↔T	P_A__T_B	0.6268694575724264	0.7395695833710968	199.13333333333333	3	2.4615386	0	2	choline binding protein I	PTS system mannose-specific transporter subunit IIAB
group_4266	maa	PT:maa--group_4266	PT	P↔T	P_A__T_B	0.6268694575724264	0.7395695833710968	197.13333333333333	3	2.4615386	0	2	glyoxalase family protein	PTS system mannose-specific transporter subunit IIAB
group_4266	licC_3	PT:licC_3--group_4266	PT	P↔T	P_A__T_B	0.6268694575724264	0.7395695833710968	157.14285714285714	3	2.4615386	0	2	Predicted membrane protein (DUF2207)	PTS system mannose-specific transporter subunit IIAB
group_4266	group_6045	PT:group_6045--group_4266	PT	P↔T	P_A__T_B	0.6268694575724264	0.7395695833710968	192.13333333333333	3	2.4615386	0	2	chlorohydrolase	PTS system mannose-specific transporter subunit IIAB
group_4266	group_3157	PT:group_3157--group_4266	PT	P↔T	P_A__T_B	0.6268694575724264	0.7395695833710968	268.6363636363636	3	2.4615386	0	2	gp18	PTS system mannose-specific transporter subunit IIAB
group_4266	group_3144	PT:group_3144--group_4266	PT	P↔T	P_A__T_B	0.6268694575724264	0.7395695833710968	273.8	3	2.4615386	0	2	Uncharacterised protein	PTS system mannose-specific transporter subunit IIAB
group_4266	group_3469	PT:group_3469--group_4266	PT	P↔T	P_A__T_B	0.6268694575724264	0.7395695833710968	251.1	3	2.4615386	0	2	phage protein	PTS system mannose-specific transporter subunit IIAB
group_4266	group_4136	PT:group_4136--group_4266	PT	P↔T	P_A__T_B	0.6268694575724264	0.7395695833710968	250.1	3	2.4615386	0	2	phage protein	PTS system mannose-specific transporter subunit IIAB
group_4266	group_4951	PT:group_4951--group_4266	PT	P↔T	P_A__T_B	0.6268694575724264	0.7395695833710968	252.33333333333331	3	2.4615386	0	2	Uncharacterised protein	PTS system mannose-specific transporter subunit IIAB
group_4266	group_4952	PT:group_4952--group_4266	PT	P↔T	P_A__T_B	0.6268694575724264	0.7395695833710968	263.8	3	2.4615386	0	2	phage protein	PTS system mannose-specific transporter subunit IIAB
group_4266	group_5505	PT:group_5505--group_4266	PT	P↔T	P_A__T_B	0.6268694575724264	0.7395695833710968	259.8	3	2.4615386	0	2	bacteriophage maturation protease	PTS system mannose-specific transporter subunit IIAB
group_4266	group_5506	PT:group_5506--group_4266	PT	P↔T	P_A__T_B	0.6268694575724264	0.7395695833710968	260.8	3	2.4615386	0	2	portal protein	PTS system mannose-specific transporter subunit IIAB
group_4266	group_5508	PT:group_5508--group_4266	PT	P↔T	P_A__T_B	0.6268694575724264	0.7395695833710968	265.8	3	2.4615386	0	2	prophage LambdaSa2, site-specific recombinase, phage integrase family	PTS system mannose-specific transporter subunit IIAB
group_4266	group_6135	PT:group_6135--group_4266	PT	P↔T	P_A__T_B	0.6268694575724264	0.7395695833710968	264.8	3	2.4615386	0	2	phage protein	PTS system mannose-specific transporter subunit IIAB
group_4266	group_5507	PT:group_5507--group_4266	PT	P↔T	P_A__T_B	0.6268694575724264	0.7395695833710968	261.8	3	2.4615386	0	2	phage protein	PTS system mannose-specific transporter subunit IIAB
group_4266	group_4501	PT:group_4501--group_4266	PT	P↔T	P_A__T_B	0.6268694575724264	0.7395695833710968	262.8	3	2.4615386	0	2	bacteriophage terminase	PTS system mannose-specific transporter subunit IIAB
group_4266	group_6133	PT:group_6133--group_4266	PT	P↔T	P_A__T_B	0.6268694575724264	0.7395695833710968	256.0	3	2.4615386	0	2	phage protein	PTS system mannose-specific transporter subunit IIAB
group_4266	bca	PT:bca--group_4266	PT	P↔T	P_A__T_B	0.6268694575724264	0.7395695833710968	291.8	3	2.4615386	0	2	NTP pyrophosphohydrolase including oxidative damage repair enzymes	PTS system mannose-specific transporter subunit IIAB
group_4266	group_5627	PT:group_5627--group_4266	PT	P↔T	P_A__T_B	0.6268694575724264	0.7395695833710968	266.8	3	2.4615386	0	2	bacteriophage transcriptional activator	PTS system mannose-specific transporter subunit IIAB
group_4266	group_3475	PT:group_3475--group_4266	PT	P↔T	P_A__T_B	0.6268694575724264	0.7395695833710968	187.8571428571429	3	2.4615386	0	2	heat shock protein GrpE	PTS system mannose-specific transporter subunit IIAB
group_4266	group_4953	PT:group_4953--group_4266	PT	P↔T	P_A__T_B	0.6268694575724264	0.7395695833710968	261.27272727272725	3	2.4615386	0	2	Uncharacterised protein	PTS system mannose-specific transporter subunit IIAB
group_4266	group_3153	TP:group_4266--group_3153	TP	P↔T	T_A__P_B	0.5452835046657886	0.6333963717124956	121.60714285714286	3	2.4615386	2	0	PTS system mannose-specific transporter subunit IIAB	Uncharacterised protein
group_4266	group_5503	TP:group_4266--group_5503	TP	P↔T	T_A__P_B	0.6268694575724263	0.7395695833710967	257.75	3	2.4615386	2	0	PTS system mannose-specific transporter subunit IIAB	phage protein
group_4266	group_6036	TP:group_4266--group_6036	TP	P↔T	T_A__P_B	0.5452835046657886	0.6333963717124956	122.60714285714286	3	2.4615386	2	0	PTS system mannose-specific transporter subunit IIAB	transcriptional regulator
group_4266	group_6134	TP:group_4266--group_6134	TP	P↔T	T_A__P_B	0.6268694575724263	0.7395695833710967	257.8	3	2.4615386	2	0	PTS system mannose-specific transporter subunit IIAB	phage protein
group_4266	group_6148	TP:group_4266--group_6148	TP	P↔T	T_A__P_B	0.6268694575724263	0.7395695833710967	275.1818181818182	3	2.4615386	2	0	PTS system mannose-specific transporter subunit IIAB	phage protein
group_4266	group_5626	TP:group_4266--group_5626	TP	P↔T	T_A__P_B	0.6268694575724263	0.7395695833710967	258.8	3	2.4615386	2	0	PTS system mannose-specific transporter subunit IIAB	phage protein
group_4266	group_6468	TP:group_4266--group_6468	TP	P↔T	T_A__P_B	0.6268694575724263	0.7395695833710967	269.8	3	2.4615386	2	0	PTS system mannose-specific transporter subunit IIAB	Uncharacterised protein
group_4266	group_6480	TP:group_4266--group_6480	TP	P↔T	T_A__P_B	0.6268694575724263	0.7395695833710967	272.8	3	2.4615386	2	0	PTS system mannose-specific transporter subunit IIAB	Uncharacterised protein
group_4266	group_6132	TP:group_4266--group_6132	TP	P↔T	T_A__P_B	0.6268694575724263	0.7395695833710967	255.0	3	2.4615386	2	0	PTS system mannose-specific transporter subunit IIAB	prophage pi2 protein 37
group_4266	group_4531	TP:group_4266--group_4531	TP	P↔T	T_A__P_B	0.6268694575724263	0.7395695833710967	268.8	3	2.4615386	2	0	PTS system mannose-specific transporter subunit IIAB	DNA-binding protein
group_4266	group_5501	TP:group_4266--group_5501	TP	P↔T	T_A__P_B	0.6268694575724263	0.7395695833710967	253.0	3	2.4615386	2	0	PTS system mannose-specific transporter subunit IIAB	phage major tail protein
group_4266	group_5502	TP:group_4266--group_5502	TP	P↔T	T_A__P_B	0.6268694575724263	0.7395695833710967	254.0	3	2.4615386	2	0	PTS system mannose-specific transporter subunit IIAB	phage protein
group_4266	group_6467	TP:group_4266--group_6467	TP	P↔T	T_A__P_B	0.6268694575724263	0.7395695833710967	267.8	3	2.4615386	2	0	PTS system mannose-specific transporter subunit IIAB	phage protein
group_4266	group_6478	TP:group_4266--group_6478	TP	P↔T	T_A__P_B	0.6268694575724263	0.7395695833710967	271.90909090909093	3	2.4615386	2	0	PTS system mannose-specific transporter subunit IIAB	Uncharacterised protein
group_4266	group_6479	TP:group_4266--group_6479	TP	P↔T	T_A__P_B	0.6268694575724263	0.7395695833710967	271.09090909090907	3	2.4615386	2	0	PTS system mannose-specific transporter subunit IIAB	phage protein
group_4266	group_6481	TP:group_4266--group_6481	TP	P↔T	T_A__P_B	0.6268694575724263	0.7395695833710967	271.8	3	2.4615386	2	0	PTS system mannose-specific transporter subunit IIAB	Uncharacterised protein
group_4266	group_6482	TP:group_4266--group_6482	TP	P↔T	T_A__P_B	0.6268694575724263	0.7395695833710967	270.8	3	2.4615386	2	0	PTS system mannose-specific transporter subunit IIAB	gp27
group_4266	group_6477	TP:group_4266--group_6477	TP	P↔T	T_A__P_B	0.5452835046657886	0.6333963717124956	272.72727272727275	3	2.4615386	2	0	PTS system mannose-specific transporter subunit IIAB	phage protein
group_4266	group_6476	TP:group_4266--group_6476	TP	P↔T	T_A__P_B	0.6268694575724263	0.7395695833710967	273.54545454545456	3	2.4615386	2	0	PTS system mannose-specific transporter subunit IIAB	putative phage DNA binding protein
group_4266	group_2868	TP:group_4266--group_2868	TP	P↔T	T_A__P_B	0.6268694575724263	0.7395695833710967	274.4	3	2.4615386	2	0	PTS system mannose-specific transporter subunit IIAB	integrase
group_4266	group_3051	TP:group_4266--group_3051	TP	P↔T	T_A__P_B	0.6268694575724263	0.7395695833710967	267.8181818181818	3	2.4615386	2	0	PTS system mannose-specific transporter subunit IIAB	gp19
group_4266	group_437	TP:group_4266--group_437	TP	P↔T	T_A__P_B	0.5452835046657886	0.6333963717124956	231.16666666666663	3	2.4615386	2	0	PTS system mannose-specific transporter subunit IIAB	Domain of uncharacterised function (DUF1858)
group_3656	group_4441	PT:group_3656--group_4441	PT	P↔T	P_A__T_B	0.6011919136548338	0.6009458225842075	103.57142857142856	15	5.008633	1	4	Uncharacterised protein	histidine kinase
group_3656	group_1393	TP:group_1393--group_3656	TP	P↔T	T_A__P_B	0.5164565558869559	0.5223086968406295	137.6	28	8.968945	4	1	coenzyme F420-dependent N5,N10-methylene tetrahydromethanopterin reductase-like protein	Uncharacterised protein
group_4441	group_8256	TP:group_4441--group_8256	TP	P↔T	T_A__P_B	0.4858538659893969	0.4857682043685985	194.97142857142856	13	4.5581393	4	0	histidine kinase	Uncharacterised protein
group_4441	Int-Tn_1	TP:group_4441--Int-Tn_1	TP	P↔T	T_A__P_B	0.5227654098814415	0.5234061459682091	193.08860759493672	13	4.4160585	4	0	histidine kinase	phage protein
group_4441	group_3705	TP:group_4441--group_3705	TP	P↔T	T_A__P_B	0.5227654098814415	0.5234061459682091	188.12820512820517	13	4.4160585	4	0	histidine kinase	phage protein
group_4441	group_5408	TP:group_4441--group_5408	TP	P↔T	T_A__P_B	0.5227654098814415	0.5234061459682091	184.12820512820517	13	4.4160585	4	0	histidine kinase	phage protein
group_4441	group_4837	TP:group_4441--group_4837	TP	P↔T	T_A__P_B	0.5403114221760668	0.5406576064510512	329.7058823529412	14	4.571429	4	0	histidine kinase	Uncharacterised protein
group_4441	group_5357	TP:group_4441--group_5357	TP	P↔T	T_A__P_B	0.5403114221760668	0.5406576064510512	330.7058823529412	14	4.571429	4	0	histidine kinase	Mobile element protein
group_4441	group_5358	TP:group_4441--group_5358	TP	P↔T	T_A__P_B	0.5403114221760668	0.5406576064510512	328.7058823529412	14	4.571429	4	0	histidine kinase	Helix-turn-helix domain
group_4441	group_5359	TP:group_4441--group_5359	TP	P↔T	T_A__P_B	0.5403114221760668	0.5406576064510512	327.7058823529412	14	4.571429	4	0	histidine kinase	Mobile element protein
group_4441	iap	TP:group_4441--iap	TP	P↔T	T_A__P_B	0.5403114221760668	0.5406576064510512	325.7058823529412	14	4.571429	4	0	histidine kinase	anaerobic benzoate catabolism transcriptional regulator
group_4441	group_4892	TP:group_4441--group_4892	TP	P↔T	T_A__P_B	0.5227654098814415	0.5234061459682091	192.11688311688312	13	4.4160585	4	0	histidine kinase	bacteriophage integrase
group_4441	group_5412	TP:group_4441--group_5412	TP	P↔T	T_A__P_B	0.5227654098814415	0.5234061459682091	191.12820512820517	13	4.4160585	4	0	histidine kinase	phage protein
group_4441	group_5411	TP:group_4441--group_5411	TP	P↔T	T_A__P_B	0.5227654098814415	0.5234061459682091	190.12820512820517	13	4.4160585	4	0	histidine kinase	DNA-binding phage protein
group_4441	group_5991	TP:group_4441--group_5991	TP	P↔T	T_A__P_B	0.5227654098814415	0.5234061459682091	186.12820512820517	13	4.4160585	4	0	histidine kinase	phage protein
group_4441	group_3024	TP:group_4441--group_3024	TP	P↔T	T_A__P_B	0.5403114221760668	0.5406576064510512	326.25	14	4.571429	4	0	histidine kinase	CbxX/CfqX family protein
group_4441	group_4895	TP:group_4441--group_4895	TP	P↔T	T_A__P_B	0.5403114221760668	0.5406576064510512	332.7058823529412	14	4.571429	4	0	histidine kinase	Uncharacterised protein
group_4441	erm	TP:group_4441--erm	TP	P↔T	T_A__P_B	0.5403114221760668	0.5406576064510512	333.7058823529412	14	4.571429	4	0	histidine kinase	Uncharacterised protein
group_4441	group_5422	TP:group_4441--group_5422	TP	P↔T	T_A__P_B	0.5403114221760668	0.5406576064510512	331.7058823529412	14	4.571429	4	0	histidine kinase	ImpB/MucB/SamB family protein
group_4441	tetM	TP:group_4441--tetM	TP	P↔T	T_A__P_B	0.5403114221760668	0.5406576064510512	323.6470588235294	14	4.571429	4	0	histidine kinase	Helix-turn-helix domain
gpsB	group_1130	PT:gpsB--group_1130	PT	P↔T	P_A__T_B	0.6179271255663197	0.652523040540498	192.9705882352941	8	5.5822783	1	3	oligopeptide ABC transporter oligopeptide-binding protein AliA	Uncharacterised protein
gpsB	group_2577	PT:gpsB--group_2577	PT	P↔T	P_A__T_B	0.5509865752942333	0.6678610538025493	184.16666666666663	16	8.398773	1	2	oligopeptide ABC transporter oligopeptide-binding protein AliA	DNA-3-methyladenine glycosylase I
group_1130	ponA	PT:ponA--group_1130	PT	P↔T	P_A__T_B	0.6179271255663197	0.652523040540498	190.13513513513516	8	5.5822783	1	3	Uncharacterised protein	Uncharacterised protein
group_1130	group_2568	PT:group_2568--group_1130	PT	P↔T	P_A__T_B	0.6179271255663197	0.652523040540498	169.92	8	5.5822783	1	3	Uncharacterised protein	Uncharacterised protein
group_1130	group_2556	PT:group_2556--group_1130	PT	P↔T	P_A__T_B	0.6179271255663197	0.652523040540498	306.84615384615387	8	5.5822783	1	3	Uncharacterised protein	Uncharacterised protein
group_1130	group_5169	PT:group_5169--group_1130	PT	P↔T	P_A__T_B	0.5268969176510274	0.5589536886891495	308.61538461538464	8	5.084507	1	3	Uncharacterised protein	Uncharacterised protein
group_1130	group_3703	TP:group_1130--group_3703	TP	P↔T	T_A__P_B	0.5680084844489448	0.6009860744968017	116.21794871794872	8	5.4054055	3	0	Uncharacterised protein	3-dehydroquinate synthase
group_1130	group_1077	TP:group_1130--group_1077	TP	P↔T	T_A__P_B	0.5680084844489448	0.6009860744968017	341.125	8	5.714286	3	0	Uncharacterised protein	translation factor
group_1130	pbpX_1	TP:group_1130--pbpX_1	TP	P↔T	T_A__P_B	0.6179271255663197	0.652523040540498	184.94736842105263	8	5.5822783	3	0	Uncharacterised protein	transcriptional regulator
group_1130	gutB	TP:group_1130--gutB	TP	P↔T	T_A__P_B	0.6179271255663197	0.652523040540498	257.4931506849315	8	5.5822783	3	0	Uncharacterised protein	glutamyl-tRNA(Gln) amidotransferase, A subunit
group_1130	group_1119	TP:group_1130--group_1119	TP	P↔T	T_A__P_B	0.4990948580676925	0.5260105520931369	103.16216216216216	8	5.5822783	3	0	Uncharacterised protein	ABC transporter ATP-binding protein
group_1130	group_4837	TP:group_1130--group_4837	TP	P↔T	T_A__P_B	0.6179271255663197	0.652523040540498	156.52941176470588	8	5.5822783	3	0	Uncharacterised protein	Uncharacterised protein
group_1130	group_5355	TP:group_1130--group_5355	TP	P↔T	T_A__P_B	0.6179271255663197	0.652523040540498	164.52941176470588	8	5.5822783	3	0	Uncharacterised protein	Uncharacterised protein
group_1130	group_5357	TP:group_1130--group_5357	TP	P↔T	T_A__P_B	0.6179271255663197	0.652523040540498	157.52941176470588	8	5.5822783	3	0	Uncharacterised protein	Mobile element protein
group_1130	group_4581	TP:group_1130--group_4581	TP	P↔T	T_A__P_B	0.6179271255663197	0.652523040540498	151.52941176470588	8	5.5822783	3	0	Uncharacterised protein	RNA polymerase sigma factor
group_1130	ftsK_1	TP:group_1130--ftsK_1	TP	P↔T	T_A__P_B	0.6179271255663197	0.652523040540498	162.52941176470588	8	5.5822783	3	0	Uncharacterised protein	Uncharacterised protein
group_1130	group_5358	TP:group_1130--group_5358	TP	P↔T	T_A__P_B	0.6179271255663197	0.652523040540498	155.52941176470588	8	5.5822783	3	0	Uncharacterised protein	Helix-turn-helix domain
group_1130	group_5359	TP:group_1130--group_5359	TP	P↔T	T_A__P_B	0.6179271255663197	0.652523040540498	154.52941176470588	8	5.5822783	3	0	Uncharacterised protein	Mobile element protein
group_1130	group_5416	TP:group_1130--group_5416	TP	P↔T	T_A__P_B	0.5680084844489448	0.6009860744968017	229.1904761904762	8	5.4054055	3	0	Uncharacterised protein	thioredoxin
group_1130	group_5942	TP:group_1130--group_5942	TP	P↔T	T_A__P_B	0.6179271255663197	0.652523040540498	163.52941176470588	8	5.5822783	3	0	Uncharacterised protein	Uncharacterised protein
group_1130	iap	TP:group_1130--iap	TP	P↔T	T_A__P_B	0.6179271255663197	0.652523040540498	152.52941176470588	8	5.5822783	3	0	Uncharacterised protein	anaerobic benzoate catabolism transcriptional regulator
group_1130	group_5361	TP:group_1130--group_5361	TP	P↔T	T_A__P_B	0.6179271255663197	0.652523040540498	108.5	8	5.5822783	3	0	Uncharacterised protein	Uncharacterised protein
group_1130	Int-Tn_2	TP:group_1130--Int-Tn_2	TP	P↔T	T_A__P_B	0.6179271255663197	0.652523040540498	140.05882352941177	8	5.5822783	3	0	Uncharacterised protein	membrane protein
group_1130	group_4888	TP:group_1130--group_4888	TP	P↔T	T_A__P_B	0.6179271255663197	0.652523040540498	209.6164383561644	8	5.5822783	3	0	Uncharacterised protein	choline binding protein J
group_1130	group_5944	TP:group_1130--group_5944	TP	P↔T	T_A__P_B	0.6179271255663197	0.652523040540498	109.28571428571428	8	5.5822783	3	0	Uncharacterised protein	membrane protein
group_1130	group_5945	TP:group_1130--group_5945	TP	P↔T	T_A__P_B	0.6179271255663197	0.652523040540498	141.05882352941177	8	5.5822783	3	0	Uncharacterised protein	CBS domain membrane protein
group_1130	group_5360	TP:group_1130--group_5360	TP	P↔T	T_A__P_B	0.6179271255663197	0.652523040540498	144.9375	8	5.5822783	3	0	Uncharacterised protein	DNA-directed RNA polymerase subunit beta
group_1130	group_3024	TP:group_1130--group_3024	TP	P↔T	T_A__P_B	0.6179271255663197	0.652523040540498	158.06666666666666	8	5.5822783	3	0	Uncharacterised protein	CbxX/CfqX family protein
group_1130	group_4895	TP:group_1130--group_4895	TP	P↔T	T_A__P_B	0.6179271255663197	0.652523040540498	159.52941176470588	8	5.5822783	3	0	Uncharacterised protein	Uncharacterised protein
group_1130	erm	TP:group_1130--erm	TP	P↔T	T_A__P_B	0.6179271255663197	0.652523040540498	160.52941176470588	8	5.5822783	3	0	Uncharacterised protein	Uncharacterised protein
group_1130	group_4882	TP:group_1130--group_4882	TP	P↔T	T_A__P_B	0.6179271255663197	0.652523040540498	206.64285714285717	8	5.5822783	3	0	Uncharacterised protein	N-6 adenine-specific DNA methylase
group_1130	group_5422	TP:group_1130--group_5422	TP	P↔T	T_A__P_B	0.6179271255663197	0.652523040540498	158.52941176470588	8	5.5822783	3	0	Uncharacterised protein	ImpB/MucB/SamB family protein
group_1130	group_4894	TP:group_1130--group_4894	TP	P↔T	T_A__P_B	0.5482282396563025	0.5781689406109003	228.28571428571428	8	5.5822783	3	0	Uncharacterised protein	30S ribosomal protein S16
group_1130	tetM	TP:group_1130--tetM	TP	P↔T	T_A__P_B	0.6179271255663197	0.652523040540498	152.75	8	5.5822783	3	0	Uncharacterised protein	Helix-turn-helix domain
group_1130	group_3724	TP:group_1130--group_3724	TP	P↔T	T_A__P_B	0.6179271255663197	0.652523040540498	163.8125	8	5.5822783	3	0	Uncharacterised protein	Uncharacterised protein
group_1130	group_1754	TP:group_1130--group_1754	TP	P↔T	T_A__P_B	0.5482282396563025	0.5781689406109003	304.15	8	5.5822783	3	0	Uncharacterised protein	galactose-1-phosphate uridylyltransferase
group_1130	galT_2	TP:group_1130--galT_2	TP	P↔T	T_A__P_B	0.6179271255663197	0.652523040540498	263.5238095238095	8	5.5822783	3	0	Uncharacterised protein	anthranilate synthase component II (glutamine amido-transferase)
group_1130	group_1976	TP:group_1130--group_1976	TP	P↔T	T_A__P_B	0.6179271255663197	0.652523040540498	234.16666666666663	8	5.5822783	3	0	Uncharacterised protein	anthranilate phosphoribosyltransferase
group_1130	group_4451	TP:group_1130--group_4451	TP	P↔T	T_A__P_B	0.5482282396563025	0.5781689406109003	305.15	8	5.5822783	3	0	Uncharacterised protein	galactokinase, (galactose kinase)
group_1130	group_1359	TP:group_1130--group_1359	TP	P↔T	T_A__P_B	0.6179271255663197	0.652523040540498	264.42857142857144	8	5.5822783	3	0	Uncharacterised protein	anthranilate synthase component I
group_1130	group_1656	TP:group_1130--group_1656	TP	P↔T	T_A__P_B	0.5700285688575066	0.6011598636015346	159.2923076923077	8	5.5822783	3	0	Uncharacterised protein	filamentation induced by cAMP protein fic
group_1130	group_624	TP:group_1130--group_624	TP	P↔T	T_A__P_B	0.5700285688575066	0.6011598636015346	214.1190476190476	8	5.5822783	3	0	Uncharacterised protein	choline binding protein C
group_2577	pbpX_1	TP:group_2577--pbpX_1	TP	P↔T	T_A__P_B	0.5189693812811891	0.6293237222373415	153.60714285714286	16	8.307693	2	0	DNA-3-methyladenine glycosylase I	transcriptional regulator
group_2577	group_2704	TP:group_2577--group_2704	TP	P↔T	T_A__P_B	0.5509865752942332	0.6678610538025491	294.3191489361702	16	8.398773	2	0	DNA-3-methyladenine glycosylase I	type I restriction-modification system, R subunit
group_2577	group_4888	TP:group_2577--group_4888	TP	P↔T	T_A__P_B	0.5509865752942332	0.6678610538025491	179.1153846153846	16	8.398773	2	0	DNA-3-methyladenine glycosylase I	choline binding protein J
group_2577	group_4895	TP:group_2577--group_4895	TP	P↔T	T_A__P_B	0.5871834925859922	0.7117360090389239	186.7333333333333	17	8.804878	2	0	DNA-3-methyladenine glycosylase I	Uncharacterised protein
group_2577	erm	TP:group_2577--erm	TP	P↔T	T_A__P_B	0.5871834925859922	0.7117360090389239	187.7333333333333	17	8.804878	2	0	DNA-3-methyladenine glycosylase I	Uncharacterised protein
group_2577	group_4882	TP:group_2577--group_4882	TP	P↔T	T_A__P_B	0.5509865752942332	0.6678610538025491	176.16	16	8.398773	2	0	DNA-3-methyladenine glycosylase I	N-6 adenine-specific DNA methylase
group_2577	group_5422	TP:group_2577--group_5422	TP	P↔T	T_A__P_B	0.5871834925859922	0.7117360090389239	185.7333333333333	17	8.804878	2	0	DNA-3-methyladenine glycosylase I	ImpB/MucB/SamB family protein
group_2577	group_3724	TP:group_2577--group_3724	TP	P↔T	T_A__P_B	0.5871834925859922	0.7117360090389239	188.7333333333333	17	8.804878	2	0	DNA-3-methyladenine glycosylase I	Uncharacterised protein
group_2577	group_4451	TP:group_2577--group_4451	TP	P↔T	T_A__P_B	0.5509865752942332	0.6678610538025491	323.42105263157896	16	8.398773	2	0	DNA-3-methyladenine glycosylase I	galactokinase, (galactose kinase)
group_2577	group_624	TP:group_2577--group_624	TP	P↔T	T_A__P_B	0.5509865752942332	0.6678610538025491	183.5	16	8.398773	2	0	DNA-3-methyladenine glycosylase I	choline binding protein C
group_2233	group_711	PT:group_2233--group_711	PT	P↔T	P_A__T_B	0.5285303455019461	0.6135060387461422	174.57142857142858	6	2.7	1	2	oligopeptide binding lipoprotein	HAD superfamily hydrolase protein
group_711	group_5093	TP:group_711--group_5093	TP	P↔T	T_A__P_B	0.5927701462228009	0.6848990596563721	208.4	6	2.7984495	2	0	HAD superfamily hydrolase protein	bacteriocin
group_711	group_4444	TP:group_711--group_4444	TP	P↔T	T_A__P_B	0.5927701462228009	0.6848990596563721	378.0769230769231	6	2.7984495	2	0	HAD superfamily hydrolase protein	Uncharacterised protein
group_711	group_4891	TP:group_711--group_4891	TP	P↔T	T_A__P_B	0.5927701462228009	0.6848990596563721	255.0	6	2.7984495	2	0	HAD superfamily hydrolase protein	phage protein
group_711	group_5990	TP:group_711--group_5990	TP	P↔T	T_A__P_B	0.5927701462228009	0.6848990596563721	256.3333333333333	6	2.7984495	2	0	HAD superfamily hydrolase protein	prophage Sa05, P4 family DNA primase
group_711	Int-Tn_1	TP:group_711--Int-Tn_1	TP	P↔T	T_A__P_B	0.5927701462228009	0.6848990596563721	248.3684210526316	6	2.7984495	2	0	HAD superfamily hydrolase protein	phage protein
group_711	group_3705	TP:group_711--group_3705	TP	P↔T	T_A__P_B	0.5927701462228009	0.6848990596563721	250.7894736842105	6	2.7984495	2	0	HAD superfamily hydrolase protein	phage protein
group_711	group_5408	TP:group_711--group_5408	TP	P↔T	T_A__P_B	0.5927701462228009	0.6848990596563721	252.68421052631575	6	2.7984495	2	0	HAD superfamily hydrolase protein	phage protein
group_711	group_4892	TP:group_711--group_4892	TP	P↔T	T_A__P_B	0.5927701462228009	0.6848990596563721	248.8947368421053	6	2.7984495	2	0	HAD superfamily hydrolase protein	bacteriophage integrase
group_711	group_5412	TP:group_711--group_5412	TP	P↔T	T_A__P_B	0.5927701462228009	0.6848990596563721	249.3684210526316	6	2.7984495	2	0	HAD superfamily hydrolase protein	phage protein
group_711	group_3419	TP:group_711--group_3419	TP	P↔T	T_A__P_B	0.5927701462228009	0.6848990596563721	255.47368421052636	6	2.7984495	2	0	HAD superfamily hydrolase protein	phage protein
group_711	group_5411	TP:group_711--group_5411	TP	P↔T	T_A__P_B	0.5927701462228009	0.6848990596563721	249.8421052631579	6	2.7984495	2	0	HAD superfamily hydrolase protein	DNA-binding phage protein
group_711	group_5991	TP:group_711--group_5991	TP	P↔T	T_A__P_B	0.5927701462228009	0.6848990596563721	251.73684210526315	6	2.7984495	2	0	HAD superfamily hydrolase protein	phage protein
group_711	group_4888	TP:group_711--group_4888	TP	P↔T	T_A__P_B	0.5927701462228009	0.6848990596563721	344.8888888888889	6	2.7984495	2	0	HAD superfamily hydrolase protein	choline binding protein J
group_711	sarA_2	TP:group_711--sarA_2	TP	P↔T	T_A__P_B	0.5927701462228009	0.6848990596563721	180.625	6	2.7984495	2	0	HAD superfamily hydrolase protein	peptidase propeptide and ypeb domain-containing protein
group_711	group_4882	TP:group_711--group_4882	TP	P↔T	T_A__P_B	0.5927701462228009	0.6848990596563721	343.22222222222223	6	2.7984495	2	0	HAD superfamily hydrolase protein	N-6 adenine-specific DNA methylase
group_711	group_5418	TP:group_711--group_5418	TP	P↔T	T_A__P_B	0.5927701462228009	0.6848990596563721	190.625	6	2.7984495	2	0	HAD superfamily hydrolase protein	2-isopropylmalate synthase
group_711	group_5996	TP:group_711--group_5996	TP	P↔T	T_A__P_B	0.5927701462228009	0.6848990596563721	175.5	6	2.7984495	2	0	HAD superfamily hydrolase protein	ion transporter
group_711	group_5997	TP:group_711--group_5997	TP	P↔T	T_A__P_B	0.5927701462228009	0.6848990596563721	187.0	6	2.7984495	2	0	HAD superfamily hydrolase protein	cytotoxic translational repressor of toxin-antitoxin stability system
group_711	group_624	TP:group_711--group_624	TP	P↔T	T_A__P_B	0.6211568901452116	0.7136063831990954	371.8	7	3.0769231	2	0	HAD superfamily hydrolase protein	choline binding protein C
group_2386	group_4888	TP:group_2386--group_4888	TP	P↔T	T_A__P_B	0.4637428963506291	0.4716641946700118	203.03614457831324	34	9.766816	4	0	putative metal-dependent membrane protease	choline binding protein J
group_2386	group_4882	TP:group_2386--group_4882	TP	P↔T	T_A__P_B	0.5064677323814242	0.5159557114260696	200.0875	35	10.372549	4	0	putative metal-dependent membrane protease	N-6 adenine-specific DNA methylase
group_2386	group_3724	TP:group_2386--group_3724	TP	P↔T	T_A__P_B	0.5064677323814242	0.5159557114260696	166.11764705882354	37	10.463737	4	0	putative metal-dependent membrane protease	Uncharacterised protein
group_2751	sorB	PT:group_2751--sorB	PT	P↔T	P_A__T_B	0.5453052179711018	0.5076960786197134	161.59574468085106	14	3.4977307	1	1	Uncharacterised protein	N-acetylgalactosamine-specific phosphotransferase EIIB
sorB	group_4450	PT:group_4450--sorB	PT	P↔T	P_A__T_B	0.5336256711601667	0.4965009125331588	181.2183908045977	14	3.4977307	0	1	Uncharacterised protein	N-acetylgalactosamine-specific phosphotransferase EIIB
group_2421	folD	PT:group_2421--folD	PT	P↔T	P_A__T_B	0.5434283552432793	0.3558398930495794	149.33333333333334	5	2.2146835	0	2	amino acid ABC transporter ATP-binding protein	FolD bifunctional protein; includes: methylenetetrahydrofolate dehydrogenase, methenyltetrahydrofolate cyclohydrolase
folD	group_860	PT:group_860--folD	PT	P↔T	P_A__T_B	0.5246364110720015	0.34345396636127	164.9	5	2.2146835	1	2	Ser/Thr protein phosphatase family protein	FolD bifunctional protein; includes: methylenetetrahydrofolate dehydrogenase, methenyltetrahydrofolate cyclohydrolase
folD	group_2416	PT:group_2416--folD	PT	P↔T	P_A__T_B	0.5248229396336043	0.3436014454044114	164.3	5	2.2146835	1	2	VncR, response regulator	FolD bifunctional protein; includes: methylenetetrahydrofolate dehydrogenase, methenyltetrahydrofolate cyclohydrolase
folD	group_5893	PT:group_5893--folD	PT	P↔T	P_A__T_B	0.5771011743865724	0.381280713492144	107.42857142857144	5	2.2209313	1	2	transposase	FolD bifunctional protein; includes: methylenetetrahydrofolate dehydrogenase, methenyltetrahydrofolate cyclohydrolase
celD	pyrF	PT:celD--pyrF	PT	P↔T	P_A__T_B	0.5237286705395949	0.3340372479956572	160.66666666666666	5	3.7396984	1	5	Uncharacterised protein	orotidine-5-phosphate decarboxylase
group_2522	group_4408	PT:group_2522--group_4408	PT	P↔T	P_A__T_B	0.5870809905801407	0.7351258474585997	136.12244897959184	7	4.245283	0	2	Uncharacterised protein	galactosyl transferase CpsE
group_4408	group_1077	TP:group_4408--group_1077	TP	P↔T	T_A__P_B	0.5325035048821389	0.6713042549143775	241.625	6	4.0833335	2	0	galactosyl transferase CpsE	translation factor
group_4408	group_4444	TP:group_4408--group_4444	TP	P↔T	T_A__P_B	0.5325035048821389	0.6713042549143775	132.140350877193	7	4.0833335	2	0	galactosyl transferase CpsE	Uncharacterised protein
group_4408	group_2046	TP:group_4408--group_2046	TP	P↔T	T_A__P_B	0.6217438715271476	0.7798384882039797	367.8421052631579	7	4.245283	2	0	galactosyl transferase CpsE	ABC transporter membrane protein
group_4408	phnU	TP:group_4408--phnU	TP	P↔T	T_A__P_B	0.5870809905801407	0.7351258474585997	334.7058823529412	7	4.245283	2	0	galactosyl transferase CpsE	Uncharacterised protein
group_4408	Int-Tn_1	TP:group_4408--Int-Tn_1	TP	P↔T	T_A__P_B	0.6217438715271476	0.7798384882039797	159.1851851851852	7	4.245283	2	0	galactosyl transferase CpsE	phage protein
group_4408	group_1962	TP:group_4408--group_1962	TP	P↔T	T_A__P_B	0.5584889044385895	0.699323663615708	318.3	7	4.245283	2	0	galactosyl transferase CpsE	Uncharacterised protein
group_4408	group_3705	TP:group_4408--group_3705	TP	P↔T	T_A__P_B	0.6217438715271476	0.7798384882039797	154.19753086419752	7	4.245283	2	0	galactosyl transferase CpsE	phage protein
group_4408	group_5408	TP:group_4408--group_5408	TP	P↔T	T_A__P_B	0.6217438715271476	0.7798384882039797	150.19753086419752	7	4.245283	2	0	galactosyl transferase CpsE	phage protein
group_4408	group_5410	TP:group_4408--group_5410	TP	P↔T	T_A__P_B	0.6217438715271476	0.7798384882039797	153.19753086419752	7	4.245283	2	0	galactosyl transferase CpsE	phage protein
group_4408	group_5409	TP:group_4408--group_5409	TP	P↔T	T_A__P_B	0.6217438715271476	0.7798384882039797	151.19753086419752	7	4.245283	2	0	galactosyl transferase CpsE	Uncharacterised protein
group_4408	group_2704	TP:group_4408--group_2704	TP	P↔T	T_A__P_B	0.5870809905801407	0.7351258474585997	130.51785714285714	7	4.245283	2	0	galactosyl transferase CpsE	type I restriction-modification system, R subunit
group_4408	group_4892	TP:group_4408--group_4892	TP	P↔T	T_A__P_B	0.6217438715271476	0.7798384882039797	158.175	7	4.245283	2	0	galactosyl transferase CpsE	bacteriophage integrase
group_4408	group_5412	TP:group_4408--group_5412	TP	P↔T	T_A__P_B	0.6217438715271476	0.7798384882039797	157.19753086419752	7	4.245283	2	0	galactosyl transferase CpsE	phage protein
group_4408	group_3419	TP:group_4408--group_3419	TP	P↔T	T_A__P_B	0.6217438715271476	0.7798384882039797	144.20987654320987	7	4.245283	2	0	galactosyl transferase CpsE	phage protein
group_4408	group_5411	TP:group_4408--group_5411	TP	P↔T	T_A__P_B	0.6217438715271476	0.7798384882039797	156.19753086419752	7	4.245283	2	0	galactosyl transferase CpsE	DNA-binding phage protein
group_4408	group_5991	TP:group_4408--group_5991	TP	P↔T	T_A__P_B	0.6217438715271476	0.7798384882039797	152.19753086419752	7	4.245283	2	0	galactosyl transferase CpsE	phage protein
group_4408	group_5422	TP:group_4408--group_5422	TP	P↔T	T_A__P_B	0.5734152604727226	0.7208401980021812	305.7058823529412	6	3.985782	2	0	galactosyl transferase CpsE	ImpB/MucB/SamB family protein
group_4408	tetM	TP:group_4408--tetM	TP	P↔T	T_A__P_B	0.6217438715271476	0.7798384882039797	297.6470588235294	7	4.245283	2	0	galactosyl transferase CpsE	Helix-turn-helix domain
group_4408	group_3724	TP:group_4408--group_3724	TP	P↔T	T_A__P_B	0.6217438715271476	0.7798384882039797	308.7058823529412	7	4.245283	2	0	galactosyl transferase CpsE	Uncharacterised protein
group_4408	galT_2	TP:group_4408--galT_2	TP	P↔T	T_A__P_B	0.6217438715271476	0.7798384882039797	383.7894736842105	7	4.245283	2	0	galactosyl transferase CpsE	anthranilate synthase component II (glutamine amido-transferase)
group_860	glf	PT:group_860--glf	PT	P↔T	P_A__T_B	0.532078094356881	0.6201549708621072	204.08333333333331	5	2.5	0	2	Ser/Thr protein phosphatase family protein	capsular polysaccharide synthesis protein
glf	group_2416	PT:group_2416--glf	PT	P↔T	P_A__T_B	0.532078094356881	0.6201549708621072	206.58333333333331	5	2.5	0	2	VncR, response regulator	capsular polysaccharide synthesis protein
glf	group_1186	TP:glf--group_1186	TP	P↔T	T_A__P_B	0.4416725728957555	0.5220293093205427	103.77777777777776	4	2.0769231	2	0	capsular polysaccharide synthesis protein	pyruvate formate-lyase
glf	group_3475	TP:glf--group_3475	TP	P↔T	T_A__P_B	0.5320780943568809	0.620154970862107	138.0	5	2.5	2	0	capsular polysaccharide synthesis protein	heat shock protein GrpE
glf	group_437	TP:glf--group_437	TP	P↔T	T_A__P_B	0.5863592742291206	0.671235843173375	173.0909090909091	5	2.8139534	2	0	capsular polysaccharide synthesis protein	Domain of uncharacterised function (DUF1858)
thrB_2	mutX_1	TP:thrB_2--mutX_1	TP	P↔T	T_A__P_B	0.4514040168395695	0.4962177357186143	119.14285714285714	36	16.89228	4	1	choline binding protein J	MutT/nudix family protein
group_1393	group_5291	TP:group_1393--group_5291	TP	P↔T	T_A__P_B	0.5092470499564825	0.514297191347669	122.0	27	8.748056	4	1	coenzyme F420-dependent N5,N10-methylene tetrahydromethanopterin reductase-like protein	ATP-dependent Clp protease, ATP-binding subunit ClpX
group_1393	group_2605	TP:group_1393--group_2605	TP	P↔T	T_A__P_B	0.5445947228446042	0.5499954028318409	103.25	28	8.968945	4	1	coenzyme F420-dependent N5,N10-methylene tetrahydromethanopterin reductase-like protein	putative metal-binding, possibly nucleic acid-binding protein
group_1393	gutB	TP:group_1393--gutB	TP	P↔T	T_A__P_B	0.4726841567203129	0.4765110734781797	136.11111111111111	24	8.1	4	0	coenzyme F420-dependent N5,N10-methylene tetrahydromethanopterin reductase-like protein	glutamyl-tRNA(Gln) amidotransferase, A subunit
group_4888	phnV_2	TP:phnV_2--group_4888	TP	P↔T	T_A__P_B	0.5521700017738462	0.5251133595863693	109.8	16	9.309091	4	0	phosphoglycerate mutase family protein	choline binding protein J
group_4888	group_1314	TP:group_1314--group_4888	TP	P↔T	T_A__P_B	0.4934832004174444	0.469130592932277	202.43939393939397	13	9.68	4	0	permease	choline binding protein J
group_4882	phnV_2	TP:phnV_2--group_4882	TP	P↔T	T_A__P_B	0.5521700017738462	0.5251133595863693	106.85526315789474	16	9.309091	4	0	phosphoglycerate mutase family protein	N-6 adenine-specific DNA methylase
group_4882	group_1314	TP:group_1314--group_4882	TP	P↔T	T_A__P_B	0.4934832004174444	0.469130592932277	199.46031746031747	13	9.68	4	0	permease	N-6 adenine-specific DNA methylase
group_3724	phnV_2	TP:phnV_2--group_3724	TP	P↔T	T_A__P_B	0.521253593161121	0.4966306866011499	238.33333333333331	16	8.981308	4	0	phosphoglycerate mutase family protein	Uncharacterised protein
group_3024	phnV_2	TP:phnV_2--group_3024	TP	P↔T	T_A__P_B	0.5344912148368385	0.5114836566616527	232.14285714285717	15	8.490566	4	0	phosphoglycerate mutase family protein	CbxX/CfqX family protein
erm	phnV_2	TP:phnV_2--erm	TP	P↔T	T_A__P_B	0.5344912148368385	0.5114836566616527	237.33333333333331	15	8.490566	4	0	phosphoglycerate mutase family protein	Uncharacterised protein
group_5422	phnV_2	TP:phnV_2--group_5422	TP	P↔T	T_A__P_B	0.493825320880969	0.4714775185215162	235.33333333333331	15	8.490566	4	0	phosphoglycerate mutase family protein	ImpB/MucB/SamB family protein
tetM	phnV_2	TP:phnV_2--tetM	TP	P↔T	T_A__P_B	0.5521700017738462	0.5251133595863693	227.26666666666668	16	9.309091	4	0	phosphoglycerate mutase family protein	Helix-turn-helix domain
group_2492	group_1349	TP:group_2492--group_1349	TP	P↔T	T_A__P_B	0.3270077216401775	0.3467174923591652	493.75	11	5.481203	3	0	lactose-specific phosphotransferase EIIA	GntR family transcriptional regulator
phnV_2	group_5361	TP:phnV_2--group_5361	TP	P↔T	T_A__P_B	0.5091524360174702	0.4884776177907332	205.42857142857144	14	8.009523	4	0	phosphoglycerate mutase family protein	Uncharacterised protein
phnV_2	Int-Tn_2	TP:phnV_2--Int-Tn_2	TP	P↔T	T_A__P_B	0.5091524360174702	0.4884776177907332	216.46666666666667	14	8.009523	4	0	phosphoglycerate mutase family protein	membrane protein
phnV_2	group_5944	TP:phnV_2--group_5944	TP	P↔T	T_A__P_B	0.5091524360174702	0.4884776177907332	205.66666666666663	14	8.009523	4	0	phosphoglycerate mutase family protein	membrane protein
phnV_2	group_5945	TP:phnV_2--group_5945	TP	P↔T	T_A__P_B	0.5091524360174702	0.4884776177907332	217.46666666666667	14	8.009523	4	0	phosphoglycerate mutase family protein	CBS domain membrane protein
phnV_2	group_5360	TP:phnV_2--group_5360	TP	P↔T	T_A__P_B	0.5091524360174702	0.4884776177907332	219.92857142857144	14	8.009523	4	0	phosphoglycerate mutase family protein	DNA-directed RNA polymerase subunit beta
phnV_2	group_4448	TP:phnV_2--group_4448	TP	P↔T	T_A__P_B	0.525054028154644	0.4985143043601697	182.94444444444449	16	9.309091	4	0	phosphoglycerate mutase family protein	sortase family protein
phnV_2	group_624	TP:phnV_2--group_624	TP	P↔T	T_A__P_B	0.5885191399174267	0.5587714671377985	114.20454545454544	17	9.810811	4	0	phosphoglycerate mutase family protein	choline binding protein C
group_624	group_1314	TP:group_1314--group_624	TP	P↔T	T_A__P_B	0.5316744131592044	0.5027280526344434	206.90243902439025	14	10.666667	4	0	permease	choline binding protein C
group_1077	group_1296	TP:group_1296--group_1077	TP	P↔T	T_A__P_B	0.4825864171766016	0.5138257290639273	109.91666666666669	8	4.05618	3	0	Uncharacterised protein	translation factor
group_1962	group_1314	TP:group_1314--group_1962	TP	P↔T	T_A__P_B	0.4926694889079126	0.4665116237779212	208.94117647058823	14	10.372549	4	0	permease	Uncharacterised protein
group_5996	group_1296	TP:group_1296--group_5996	TP	P↔T	T_A__P_B	0.4825864171766016	0.5138257290639273	120.22222222222224	8	4.05618	3	0	Uncharacterised protein	ion transporter
group_5997	group_1296	TP:group_1296--group_5997	TP	P↔T	T_A__P_B	0.4825864171766016	0.5138257290639273	119.85714285714286	8	4.05618	3	0	Uncharacterised protein	cytotoxic translational repressor of toxin-antitoxin stability system
group_1296	group_5414	TP:group_1296--group_5414	TP	P↔T	T_A__P_B	0.4825864171766016	0.5138257290639273	137.58823529411765	8	4.05618	3	0	Uncharacterised protein	Uncharacterised protein
group_1296	group_5993	TP:group_1296--group_5993	TP	P↔T	T_A__P_B	0.4825864171766016	0.5138257290639273	138.35294117647058	8	4.05618	3	0	Uncharacterised protein	chlorohydrolase
gyrB	aguA	TT:gyrB--aguA	TT	TT	T_A__T_B	2.160210467076942	0.7982993337075359	120.28571428571428	3	2.5789473	17	19	DNA gyrase subunit B	agmatine deiminase
