locus	annotation	degree	community	x	y
group_4266	PTS system mannose-specific transporter subunit IIAB	62	1	0.15138453952396622	0.7075380501920714
group_3921	putative flavoprotein	2	1	0.13615317535341215	0.8873451615344601
group_1888	zinc metalloprotease ZmpC	1	1	0.12401474874996476	1.0582416602242761
group_2753	phosphotransferase system sugar-specific EII component	1	1	-0.008518564229571242	0.7525290108971865
glf_2	Uncharacterised protein	1	1	0.13659545179274463	0.7873502546079953
wfgD	Uncharacterised protein	1	1	0.15497580723632534	0.8131067898805024
ygaZ	Uncharacterised protein	1	1	0.16827151014766875	0.6563447502112282
group_4466	GNAT family acetyltransferase	1	1	0.27732130488373735	0.7574901647768686
group_4912	LysM domain protein	1	1	0.14428331933381158	0.8397205764864388
group_1322	glycosyltransferase	1	1	0.007947562839893382	0.7133562963344402
group_2856	peptidoglycan branched peptide synthesis protein, femAB family	1	1	0.14590720036428956	0.5965284216420847
group_2872	putative holin 1	1	1	0.24746197508317097	0.6631479051099481
argH	argininosuccinate synthase	1	1	0.04355207700381818	0.7188606143417899
group_6020	BlpT protein, fusion	1	1	0.0793664316705354	0.7277799495114623
group_1172	Uncharacterised protein	1	1	0.08960195259641238	0.8568957465761871
group_5527	Uncharacterised protein	1	1	0.08286264317736222	0.8242808725098032
group_3103	phage protein	1	1	0.21531867269155325	0.8539434615390502
group_5452	aldose 1-epimerase	1	1	0.26555745462846697	0.6356635001281701
group_6043	choline binding protein CbpI	1	1	0.1113640622294501	0.6020248950982806
group_4105	choline binding protein I	1	1	0.27872366490679995	0.7314806753681942
maa	glyoxalase family protein	1	1	0.10141798780951622	0.6432283061395785
licC_3	Predicted membrane protein (DUF2207)	1	1	0.020885611081201218	0.7740878217419362
group_6045	chlorohydrolase	1	1	0.1197978135662096	0.7540360710377549
group_3157	gp18	1	1	0.2976473594442244	0.713082963793251
group_3144	Uncharacterised protein	1	1	0.05069066191253067	0.7608889246763426
group_3469	phage protein	1	1	0.047610967696868074	0.6882766242151548
group_4136	phage protein	1	1	0.2166530657727919	0.687798400138786
group_4951	Uncharacterised protein	1	1	0.1802309542102478	0.5944010839460417
group_4952	phage protein	1	1	0.023397412739587207	0.7416238249030358
group_5505	bacteriophage maturation protease	1	1	0.06587598186674828	0.7995985028532258
group_5506	portal protein	1	1	0.06379692818416234	0.6579348834564083
group_5508	prophage LambdaSa2, site-specific recombinase, phage integrase family	1	1	0.2830140642405448	0.6595047112694845
group_6135	phage protein	1	1	0.10386230408602609	0.8009936673438902
group_5507	phage protein	1	1	0.080834882903786	0.6148724978307895
group_4501	bacteriophage terminase	1	1	0.013204212928957758	0.68504535622617
group_6133	phage protein	1	1	0.2426213526502115	0.721372438133157
bca	NTP pyrophosphohydrolase including oxidative damage repair enzymes	1	1	0.18308589836737452	0.8257238184667748
group_5627	bacteriophage transcriptional activator	1	1	0.21631455675858385	0.6445724786123326
group_4953	Uncharacterised protein	1	1	0.2611639907061308	0.7841101060461333
group_3153	Uncharacterised protein	1	1	0.17517194010343307	0.8586619831703473
group_5503	phage protein	1	1	0.09350988018469682	0.6839879942370639
group_6036	transcriptional regulator	1	1	0.24846384043704287	0.8304569076477417
group_6134	phage protein	1	1	0.20963031576407826	0.8155997809131519
group_6148	phage protein	1	1	0.051568006672103345	0.6307885598859666
group_5626	phage protein	1	1	0.24142553527909763	0.7567143750887111
group_6468	Uncharacterised protein	1	1	0.21154666764154129	0.7805755801029175
group_6480	Uncharacterised protein	1	1	0.23729899341880106	0.8006602191080607
group_6132	prophage pi2 protein 37	1	1	0.20185419280633168	0.7410982110819864
group_4531	DNA-binding protein	1	1	0.1760850368679222	0.7811011478481349
group_5501	phage major tail protein	1	1	0.2940975140682034	0.6851096357332314
group_5502	phage protein	1	1	0.21465952708107328	0.6046793095010511
group_6467	phage protein	1	1	0.24138317794530584	0.6190339571059674
group_6478	Uncharacterised protein	1	1	0.08236830378054345	0.7708607696598453
group_6479	phage protein	1	1	0.11675937835134537	0.8301807106078531
group_6481	Uncharacterised protein	1	1	0.02755192970341222	0.6573148181590206
group_6482	gp27	1	1	0.26252190761837585	0.6941645222165505
group_6477	phage protein	1	1	0.04347172071440306	0.8293947942517252
group_6476	putative phage DNA binding protein	1	1	0.13642665183036864	0.6289210919132301
group_2868	integrase	1	1	0.18328953232391948	0.6237510844048798
group_3051	gp19	1	1	0.03647879885499193	0.7958898513015376
group_1130	Uncharacterised protein	41	2	-0.289516704162035	-0.25992312386095406
group_4441	histidine kinase	19	2	-0.1655838092328638	-0.3596768832078317
phnV_2	phosphoglycerate mutase family protein	14	2	-0.21243276445743128	-0.16806796287811016
group_2577	DNA-3-methyladenine glycosylase I	11	2	-0.16325041342167615	-0.1756550955579782
group_4888	choline binding protein J	6	2	-0.10308775281679959	-0.11077529649249584
group_4882	N-6 adenine-specific DNA methylase	6	2	-0.09928126387810013	-0.09998633039238847
group_3724	Uncharacterised protein	5	2	-0.12109650872357391	-0.08868003372749605
group_5422	ImpB/MucB/SamB family protein	5	2	-0.16192689377593084	-0.24921552502069716
group_624	choline binding protein C	5	2	-0.1249547998019903	-0.22480635514395136
group_2386	putative metal-dependent membrane protease	4	2	-0.0010366953872445808	0.23338243933635253
erm	Uncharacterised protein	4	2	-0.20955520507099903	-0.24466429091637376
tetM	Helix-turn-helix domain	4	2	-0.163049380519696	-0.26973803476026414
group_1314	permease	4	2	-0.049736771040295	-0.13892004347291514
group_3024	CbxX/CfqX family protein	3	2	-0.2373000278480216	-0.2813202145975351
group_4895	Uncharacterised protein	3	2	-0.20687927991771274	-0.27012158171357764
gpsB	oligopeptide ABC transporter oligopeptide-binding protein AliA	2	2	-0.23850837388057836	-0.20418601133225162
gutB	glutamyl-tRNA(Gln) amidotransferase, A subunit	2	2	-0.35867054266154486	-0.44078858962658735
group_4837	Uncharacterised protein	2	2	-0.27929365249704036	-0.35275930439089703
group_5357	Mobile element protein	2	2	-0.24095620928237818	-0.35917658167328853
group_5358	Helix-turn-helix domain	2	2	-0.25434792399281425	-0.38048022739828297
group_5359	Mobile element protein	2	2	-0.25587265973803175	-0.3382020481001807
iap	anaerobic benzoate catabolism transcriptional regulator	2	2	-0.2792797292995341	-0.3765145163359233
group_5361	Uncharacterised protein	2	2	-0.32940316930876523	-0.16122572309687883
Int-Tn_2	membrane protein	2	2	-0.301162239913104	-0.17911322293929188
group_5944	membrane protein	2	2	-0.33222018425027766	-0.18770911388524247
group_5945	CBS domain membrane protein	2	2	-0.3027161430167718	-0.15163299281375747
group_5360	DNA-directed RNA polymerase subunit beta	2	2	-0.30976250191955473	-0.2083427680692046
pbpX_1	transcriptional regulator	2	2	-0.2553165482575547	-0.1840240167981127
group_4451	galactokinase, (galactose kinase)	2	2	-0.24953632914886673	-0.15676357258982498
ponA	Uncharacterised protein	1	2	-0.40589043690492455	-0.31377980284301343
group_2568	Uncharacterised protein	1	2	-0.3988346312954739	-0.2196830029480754
group_2556	Uncharacterised protein	1	2	-0.38903411831751233	-0.2617529123967936
group_5169	Uncharacterised protein	1	2	-0.4581416788875758	-0.24123827630631223
group_8256	Uncharacterised protein	1	2	-0.171920296084462	-0.4994943798748626
group_4448	sortase family protein	1	2	-0.27353468822653687	-0.058163615839918636
group_3703	3-dehydroquinate synthase	1	2	-0.44940126124295615	-0.27413129946785614
group_1119	ABC transporter ATP-binding protein	1	2	-0.41737367692580085	-0.36718875671702195
group_5355	Uncharacterised protein	1	2	-0.37125566316045566	-0.3083858871803177
group_4581	RNA polymerase sigma factor	1	2	-0.4209698778329449	-0.24479621194733758
ftsK_1	Uncharacterised protein	1	2	-0.40160772407637524	-0.18730080522262582
group_5416	thioredoxin	1	2	-0.37125418898439794	-0.3761170809969984
group_5942	Uncharacterised protein	1	2	-0.41434583239626055	-0.2835321092679604
group_4894	30S ribosomal protein S16	1	2	-0.4500738923238019	-0.30597285069154356
group_1754	galactose-1-phosphate uridylyltransferase	1	2	-0.43305877997676434	-0.3353893264231474
group_1976	anthranilate phosphoribosyltransferase	1	2	-0.3498819492637609	-0.35189282280742024
group_1359	anthranilate synthase component I	1	2	-0.38472970982912047	-0.3420648037873992
group_1656	filamentation induced by cAMP protein fic	1	2	-0.43476841370266983	-0.20738172110723369
group_4408	galactosyl transferase CpsE	21	3	-0.03587988613627458	-0.27150938800749097
group_711	HAD superfamily hydrolase protein	20	3	0.009934328911559875	-0.30815331326108564
group_1296	Uncharacterised protein	5	3	-0.00017901685636687858	-0.5380210129749297
Int-Tn_1	phage protein	3	3	-0.06733692094846554	-0.31507077964994923
group_3705	phage protein	3	3	-0.04359589876803937	-0.32494361152210466
group_5408	phage protein	3	3	-0.04158740114783311	-0.37046511538732535
group_4892	bacteriophage integrase	3	3	-0.02672917880098162	-0.3544045067156693
group_5412	phage protein	3	3	-0.07151131376034782	-0.33827220099774374
group_5411	DNA-binding phage protein	3	3	-0.046862574175676526	-0.345554470883322
group_5991	phage protein	3	3	-0.06265691320424083	-0.36124057884007427
group_1077	translation factor	3	3	-0.12198634320172724	-0.38188283470357015
group_4444	Uncharacterised protein	2	3	0.061713595385414946	-0.31090262252173206
group_1962	Uncharacterised protein	2	3	0.012816352077912393	-0.1854429183179125
group_2704	type I restriction-modification system, R subunit	2	3	-0.06826030190108821	-0.1985032909267178
group_3419	phage protein	2	3	0.041891033196598426	-0.33361560584211797
galT_2	anthranilate synthase component II (glutamine amido-transferase)	2	3	-0.15302603931629832	-0.2927918313501948
group_5996	ion transporter	2	3	0.04908581139158417	-0.4480387329419265
group_5997	cytotoxic translational repressor of toxin-antitoxin stability system	2	3	0.02374420659904536	-0.44781602730030806
group_2233	oligopeptide binding lipoprotein	1	3	0.15732268616230816	-0.32070986001914287
group_2522	Uncharacterised protein	1	3	0.07918948999046667	-0.2263527818242942
group_2046	ABC transporter membrane protein	1	3	0.05419296299240545	-0.2556576638190651
phnU	Uncharacterised protein	1	3	0.09304066416822017	-0.2577759036397928
group_5410	phage protein	1	3	0.046171042214590736	-0.21868469938438279
group_5409	Uncharacterised protein	1	3	0.07784295625708909	-0.2845373231523187
group_5093	bacteriocin	1	3	0.0815409810342798	-0.4064990165646664
group_4891	phage protein	1	3	0.11388991893269794	-0.4006743164844507
group_5990	prophage Sa05, P4 family DNA primase	1	3	0.13977598105040512	-0.36878926845006527
sarA_2	peptidase propeptide and ypeb domain-containing protein	1	3	0.10827333617721477	-0.3734466809844615
group_5418	2-isopropylmalate synthase	1	3	0.13320876141423724	-0.3394952051647317
group_5414	Uncharacterised protein	1	3	0.06253406185782963	-0.6510608762870589
group_5993	chlorohydrolase	1	3	0.02189302452491549	-0.662613647662635
glf	capsular polysaccharide synthesis protein	5	4	0.4746727717098985	0.8591176131814997
folD	FolD bifunctional protein; includes: methylenetetrahydrofolate dehydrogenase, methenyltetrahydrofolate cyclohydrolase	4	4	0.7833227272844917	0.9634578931181437
group_860	Ser/Thr protein phosphatase family protein	2	4	0.6303700867448937	0.90999072153619
group_2416	VncR, response regulator	2	4	0.620434964673309	0.9320471149946157
group_1186	pyruvate formate-lyase	2	4	0.31875329942630093	0.8011292724450823
group_3475	heat shock protein GrpE	2	4	0.3383643567558106	0.7813565996971052
group_437	Domain of uncharacterised function (DUF1858)	2	4	0.34448209995860585	0.8059961069623478
group_2421	amino acid ABC transporter ATP-binding protein	1	4	0.8977368439364488	1.0307486543559965
group_5893	transposase	1	4	0.913636497078021	0.9363693615958539
group_1393	coenzyme F420-dependent N5,N10-methylene tetrahydromethanopterin reductase-like protein	4	5	-0.3919751853397941	-0.6051819478105156
group_3656	Uncharacterised protein	2	5	-0.27348436427830103	-0.5107865595957286
group_5291	ATP-dependent Clp protease, ATP-binding subunit ClpX	1	5	-0.43406372368410856	-0.72
group_2605	putative metal-binding, possibly nucleic acid-binding protein	1	5	-0.4687023320905381	-0.6976925993572374
yxlF	Uncharacterised protein	2	6	-0.7849999999999999	-1.0799999989072482
group_5417	major facilitator superfamily permease	1	6	-0.8674999959021806	-1.127631399011924
group_1482	cell division protein FtsZ	1	6	-0.8675000040978194	-1.032368602080828
sorB	N-acetylgalactosamine-specific phosphotransferase EIIB	2	7	-0.5874999959021807	-1.127631399011924
group_2751	Uncharacterised protein	1	7	-0.505	-1.0799999989072482
group_4450	Uncharacterised protein	1	7	-0.5875000040978194	-1.032368602080828
group_1922	Uncharacterised protein	1	8	-0.22500000000000003	-1.0799999975958736
group_2348	Uncharacterised protein	1	8	-0.335	-1.0800000024041265
celD	Uncharacterised protein	1	9	-0.055	-1.0800000024041265
pyrF	orotidine-5-phosphate decarboxylase	1	9	0.055	-1.0799999975958736
thrB_2	choline binding protein J	1	10	0.22499999999999992	-1.0800000024041265
mutX_1	MutT/nudix family protein	1	10	0.3349999999999999	-1.0799999975958736
group_2492	lactose-specific phosphotransferase EIIA	1	11	0.5049999999999999	-1.0800000024041265
group_1349	GntR family transcriptional regulator	1	11	0.615	-1.0799999975958736
gyrB	DNA gyrase subunit B	1	12	0.895	-1.0799999975958736
aguA	agmatine deiminase	1	12	0.7849999999999999	-1.0800000024041265
