edge_id	locus_A	locus_B	channel	display_channel	orientation	MIraw	NMI	informative_N	order_distance	order_threshold	local_background_N	conditional_Q95	conditional_Q99	conditional_Q99_9	empirical_percentile	HC_level	HC_testable	HC_supported	HC_driver_counts_total	HC_driver_distribution	Neff	order_neff_background_N	order_neff_background_mean	order_neff_background_Q95	order_neff_empirical_percentile	Neff_excess	Neff_ratio_to_order_mean	enriched_driver_A_state	enriched_driver_B_state	depleted_driver_A_state	depleted_driver_B_state	annotation_A	annotation_B	high_information_pass	order_filter_pass	HC_recurrence_pass	population_count_pass	Neff_above_order_mean_pass	Neff_filter_pass	final_pass
PP:pp_co_A--local_B	pp_co_A	local_B	PP	PP	P_A__P_B	0.6931471805599453	1.0	48	2.0	2.0	8	0.6931471805599453	0.6931471805599453	0.6931471805599453	0.375	2	0	4	24	1:6;2:6;3:6;4:6	4.0	8	3.625	4.0	0.375	0.375	1.103448275862069	0	0	0	1	synthetic pp_co_A product	synthetic local_B product	True	True	True	True	True	True	True
PP:pp_co_A--pt_presence	pp_co_A	pt_presence	PP	PP	P_A__P_B	0.6931471805599453	1.0	48	3.0	2.0	5	0.6931471805599453	0.6931471805599453	0.6931471805599453	0.4	2	0	4	24	1:6;2:6;3:6;4:6	4.0	5	3.4	4.0	0.4	0.6000000000000001	1.1764705882352942	0	0	0	1	synthetic pp_co_A product	synthetic pt_presence product	True	True	True	True	True	True	True
PP:pp_co_A--pp_co_B	pp_co_A	pp_co_B	PP	PP	P_A__P_B	0.6931471805599453	1.0	48	5.0	2.0	7	0.6931471805599453	0.6931471805599453	0.6931471805599453	0.5714285714285714	2	0	4	24	1:6;2:6;3:6;4:6	4.0	7	2.7142857142857144	4.0	0.5714285714285714	1.2857142857142856	1.4736842105263157	0	0	0	1	synthetic pp_co_A product	synthetic pp_co_B product	True	True	True	True	True	True	True
PP:pp_co_A--pp_ex_B	pp_co_A	pp_ex_B	PP	PP	P_A__P_B	0.6931471805599453	1.0	48	7.0	2.0	7	0.6931471805599453	0.6931471805599453	0.6931471805599453	0.7142857142857143	2	0	4	24	1:6;2:6;3:6;4:6	4.0	7	2.7142857142857144	4.0	0.7142857142857143	1.2857142857142856	1.4736842105263157	0	0	0	1	synthetic pp_co_A product	synthetic pp_ex_B product	True	True	True	True	True	True	True
PP:local_A--pt_presence	local_A	pt_presence	PP	PP	P_A__P_B	0.6931471805599453	1.0	48	2.0	2.0	8	0.6931471805599453	0.6931471805599453	0.6931471805599453	0.625	2	0	4	24	1:6;2:6;3:6;4:6	4.0	8	3.625	4.0	0.625	0.375	1.103448275862069	0	0	0	1	synthetic local_A product	synthetic pt_presence product	True	True	True	True	True	True	True
PP:local_A--pp_co_B	local_A	pp_co_B	PP	PP	P_A__P_B	0.6931471805599453	1.0	48	4.0	2.0	5	0.6931471805599453	0.6931471805599453	0.6931471805599453	0.6	2	0	4	24	1:6;2:6;3:6;4:6	4.0	5	3.4	4.0	0.6	0.6000000000000001	1.1764705882352942	0	0	0	1	synthetic local_A product	synthetic pp_co_B product	True	True	True	True	True	True	True
PP:local_A--pp_ex_B	local_A	pp_ex_B	PP	PP	P_A__P_B	0.6931471805599453	1.0	48	6.0	2.0	7	0.6931471805599453	0.6931471805599453	0.6931471805599453	0.8571428571428571	2	0	4	24	1:6;2:6;3:6;4:6	4.0	7	2.7142857142857144	4.0	0.8571428571428571	1.2857142857142856	1.4736842105263157	0	0	0	1	synthetic local_A product	synthetic pp_ex_B product	True	True	True	True	True	True	True
PP:local_B--pp_co_B	local_B	pp_co_B	PP	PP	P_A__P_B	0.6931471805599453	1.0	48	3.0	2.0	5	0.6931471805599453	0.6931471805599453	0.6931471805599453	0.8	2	0	4	24	1:6;2:6;3:6;4:6	4.0	5	3.4	4.0	0.8	0.6000000000000001	1.1764705882352942	0	0	0	1	synthetic local_B product	synthetic pp_co_B product	True	True	True	True	True	True	True
PP:local_B--pp_ex_B	local_B	pp_ex_B	PP	PP	P_A__P_B	0.6931471805599453	1.0	48	5.0	2.0	7	0.6931471805599453	0.6931471805599453	0.6931471805599453	1.0	2	0	4	24	1:6;2:6;3:6;4:6	4.0	7	2.7142857142857144	4.0	1.0	1.2857142857142856	1.4736842105263157	0	0	0	1	synthetic local_B product	synthetic pp_ex_B product	True	True	True	True	True	True	True
PP:pt_presence--pp_co_B	pt_presence	pp_co_B	PP	PP	P_A__P_B	0.6931471805599453	1.0	48	2.0	2.0	8	0.6931471805599453	0.6931471805599453	0.6931471805599453	0.875	2	0	4	24	1:6;2:6;3:6;4:6	4.0	8	3.625	4.0	0.875	0.375	1.103448275862069	0	0	0	1	synthetic pt_presence product	synthetic pp_co_B product	True	True	True	True	True	True	True
PP:pt_presence--pp_ex_B	pt_presence	pp_ex_B	PP	PP	P_A__P_B	0.6931471805599453	1.0	48	4.0	2.0	5	0.6931471805599453	0.6931471805599453	0.6931471805599453	1.0	2	0	4	24	1:6;2:6;3:6;4:6	4.0	5	3.4	4.0	1.0	0.6000000000000001	1.1764705882352942	0	0	0	1	synthetic pt_presence product	synthetic pp_ex_B product	True	True	True	True	True	True	True
PP:pp_co_B--pp_ex_B	pp_co_B	pp_ex_B	PP	PP	P_A__P_B	0.6931471805599453	1.0	48	2.0	2.0	8	0.6931471805599453	0.6931471805599453	0.6931471805599453	1.0	2	0	4	24	1:6;2:6;3:6;4:6	4.0	8	3.625	4.0	1.0	0.375	1.103448275862069	0	0	0	1	synthetic pp_co_B product	synthetic pp_ex_B product	True	True	True	True	True	True	True
PT:pp_co_A--pt_type	pp_co_A	pt_type	PT	P↔T	P_A__T_B	0.6931471805599453	1.0	48	6.0	2.0	11	0.6931471805599453	0.6931471805599453	0.6931471805599453	0.45454545454545453	2	0	4	24	1:6;2:6;3:6;4:6	4.0	21	3.1208791208791204	4.0	0.07692307692307693	0.8791208791208796	1.2816901408450705	0	0	0	1	synthetic pp_co_A product	synthetic pt_type product	True	True	True	True	True	True	True
PT:pp_co_A--tt_core_A	pp_co_A	tt_core_A	PT	P↔T	P_A__T_B	0.6931471805599453	0.6666666666666667	48	8.0	2.0	9	0.6931471805599453	0.6931471805599453	0.6931471805599453	0.4444444444444444	2	0	4	12	1:3;2:3;3:3;4:3	4.0	21	3.1208791208791204	4.0	0.15384615384615385	0.8791208791208796	1.2816901408450705	0	0	0	1	synthetic pp_co_A product	synthetic tt_core_A product	True	True	True	True	True	True	True
PT:pp_co_A--tt_core_B	pp_co_A	tt_core_B	PT	P↔T	P_A__T_B	0.6931471805599453	0.6666666666666667	48	10.0	2.0	9	0.6931471805599453	0.6931471805599453	0.6931471805599453	0.5555555555555556	2	0	4	12	1:3;2:3;3:3;4:3	4.0	8	2.125	4.0	0.6666666666666666	1.875	1.8823529411764706	0	0	0	1	synthetic pp_co_A product	synthetic tt_core_B product	True	True	True	True	True	True	True
PT:local_A--pt_type	local_A	pt_type	PT	P↔T	P_A__T_B	0.6931471805599453	1.0	48	5.0	2.0	11	0.6931471805599453	0.6931471805599453	0.6931471805599453	0.5454545454545454	2	0	4	24	1:6;2:6;3:6;4:6	4.0	21	3.1208791208791204	4.0	0.23076923076923078	0.8791208791208796	1.2816901408450705	0	0	0	1	synthetic local_A product	synthetic pt_type product	True	True	True	True	True	True	True
PT:local_A--tt_core_A	local_A	tt_core_A	PT	P↔T	P_A__T_B	0.6931471805599453	0.6666666666666667	48	7.0	2.0	9	0.6931471805599453	0.6931471805599453	0.6931471805599453	0.6666666666666666	2	0	4	12	1:3;2:3;3:3;4:3	4.0	21	3.1208791208791204	4.0	0.3076923076923077	0.8791208791208796	1.2816901408450705	0	0	0	1	synthetic local_A product	synthetic tt_core_A product	True	True	True	True	True	True	True
PT:local_A--tt_core_B	local_A	tt_core_B	PT	P↔T	P_A__T_B	0.6931471805599453	0.6666666666666667	48	9.0	2.0	9	0.6931471805599453	0.6931471805599453	0.6931471805599453	0.7777777777777778	2	0	4	12	1:3;2:3;3:3;4:3	4.0	8	2.125	4.0	1.0	1.875	1.8823529411764706	0	0	0	1	synthetic local_A product	synthetic tt_core_B product	True	True	True	True	True	True	True
PT:local_B--pt_type	local_B	pt_type	PT	P↔T	P_A__T_B	0.6931471805599453	1.0	48	4.0	2.0	11	0.6931471805599453	0.6931471805599453	0.6931471805599453	0.6363636363636364	2	0	4	24	1:6;2:6;3:6;4:6	4.0	17	2.927601809954751	4.0	0.3333333333333333	1.072398190045249	1.366306027820711	0	0	0	1	synthetic local_B product	synthetic pt_type product	True	True	True	True	True	True	True
PT:local_B--tt_core_A	local_B	tt_core_A	PT	P↔T	P_A__T_B	0.6931471805599453	0.6666666666666667	48	6.0	2.0	11	0.6931471805599453	0.6931471805599453	0.6931471805599453	0.7272727272727273	2	0	4	12	1:3;2:3;3:3;4:3	4.0	21	3.1208791208791204	4.0	0.46153846153846156	0.8791208791208796	1.2816901408450705	0	0	0	1	synthetic local_B product	synthetic tt_core_A product	True	True	True	True	True	True	True
PT:local_B--tt_core_B	local_B	tt_core_B	PT	P↔T	P_A__T_B	0.6931471805599453	0.6666666666666667	48	8.0	2.0	9	0.6931471805599453	0.6931471805599453	0.6931471805599453	0.8888888888888888	2	0	4	12	1:3;2:3;3:3;4:3	4.0	21	3.1208791208791204	4.0	0.6153846153846154	0.8791208791208796	1.2816901408450705	0	0	0	1	synthetic local_B product	synthetic tt_core_B product	True	True	True	True	True	True	True
PT:pp_ex_A--pt_type	pp_ex_A	pt_type	PT	P↔T	P_A__T_B	0.6931471805599453	1.0	48	2.0	2.0	7	0.6931471805599453	0.6931471805599453	0.6931471805599453	0.7142857142857143	2	0	4	24	1:6;2:6;3:6;4:6	4.0	17	2.751131221719457	4.0	0.42857142857142855	1.248868778280543	1.4539473684210527	0	1	0	0	synthetic pp_ex_A product	synthetic pt_type product	True	True	True	True	True	True	True
PT:pp_ex_A--tt_core_A	pp_ex_A	tt_core_A	PT	P↔T	P_A__T_B	0.6931471805599453	0.6666666666666667	48	3.0	2.0	5	0.6931471805599453	0.6931471805599453	0.6931471805599453	0.4	2	0	4	12	1:3;2:3;3:3;4:3	4.0	17	2.927601809954751	4.0	0.4444444444444444	1.072398190045249	1.366306027820711	0	1	0	0	synthetic pp_ex_A product	synthetic tt_core_A product	True	True	True	True	True	True	True
PT:pp_ex_A--tt_core_B	pp_ex_A	tt_core_B	PT	P↔T	P_A__T_B	0.6931471805599453	0.6666666666666667	48	5.0	2.0	11	0.6931471805599453	0.6931471805599453	0.6931471805599453	0.8181818181818182	2	0	4	12	1:3;2:3;3:3;4:3	4.0	21	3.1208791208791204	4.0	0.6923076923076923	0.8791208791208796	1.2816901408450705	0	1	0	0	synthetic pp_ex_A product	synthetic tt_core_B product	True	True	True	True	True	True	True
PT:pt_presence--pt_type	pt_presence	pt_type	PT	P↔T	P_A__T_B	0.6931471805599453	1.0	48	3.0	2.0	5	0.6931471805599453	0.6931471805599453	0.6931471805599453	0.6	2	0	4	24	1:6;2:6;3:6;4:6	4.0	17	2.927601809954751	4.0	0.6666666666666666	1.072398190045249	1.366306027820711	0	0	0	1	synthetic pt_presence product	synthetic pt_type product	True	True	True	True	True	True	True
PT:pt_presence--tt_core_A	pt_presence	tt_core_A	PT	P↔T	P_A__T_B	0.6931471805599453	0.6666666666666667	48	5.0	2.0	11	0.6931471805599453	0.6931471805599453	0.6931471805599453	0.9090909090909091	2	0	4	12	1:3;2:3;3:3;4:3	4.0	21	3.1208791208791204	4.0	0.7692307692307693	0.8791208791208796	1.2816901408450705	0	0	0	1	synthetic pt_presence product	synthetic tt_core_A product	True	True	True	True	True	True	True
PT:pt_presence--tt_core_B	pt_presence	tt_core_B	PT	P↔T	P_A__T_B	0.6931471805599453	0.6666666666666667	48	7.0	2.0	9	0.6931471805599453	0.6931471805599453	0.6931471805599453	1.0	2	0	4	12	1:3;2:3;3:3;4:3	4.0	21	3.1208791208791204	4.0	0.9230769230769231	0.8791208791208796	1.2816901408450705	0	0	0	1	synthetic pt_presence product	synthetic tt_core_B product	True	True	True	True	True	True	True
PT:pp_co_B--tt_core_A	pp_co_B	tt_core_A	PT	P↔T	P_A__T_B	0.6931471805599453	0.6666666666666667	48	3.0	2.0	5	0.6931471805599453	0.6931471805599453	0.6931471805599453	0.8	2	0	4	12	1:3;2:3;3:3;4:3	4.0	17	2.927601809954751	4.0	0.7777777777777778	1.072398190045249	1.366306027820711	0	0	0	1	synthetic pp_co_B product	synthetic tt_core_A product	True	True	True	True	True	True	True
PT:pp_co_B--tt_core_B	pp_co_B	tt_core_B	PT	P↔T	P_A__T_B	0.6931471805599453	0.6666666666666667	48	5.0	2.0	11	0.6931471805599453	0.6931471805599453	0.6931471805599453	1.0	2	0	4	12	1:3;2:3;3:3;4:3	4.0	21	3.1208791208791204	4.0	1.0	0.8791208791208796	1.2816901408450705	0	0	0	1	synthetic pp_co_B product	synthetic tt_core_B product	True	True	True	True	True	True	True
PT:pp_ex_B--tt_core_B	pp_ex_B	tt_core_B	PT	P↔T	P_A__T_B	0.6931471805599453	0.6666666666666667	48	3.0	2.0	5	0.6931471805599453	0.6931471805599453	0.6931471805599453	1.0	2	0	4	12	1:3;2:3;3:3;4:3	4.0	17	2.927601809954751	4.0	1.0	1.072398190045249	1.366306027820711	0	0	0	1	synthetic pp_ex_B product	synthetic tt_core_B product	True	True	True	True	True	True	True
TT:neutral_1--neutral_2	neutral_1	neutral_2	TT	TT	T_A__T_B	1.0986122886681096	1.0	48	4.0	2.0	4	0.9339754760950869	1.0656849261535049	1.095319552416649	1.0	2	0	4	16	1:4;2:4;3:4;4:4	4.0	4	2.5	4.0	0.75	1.5	1.6	0	0	0	1	synthetic neutral_1 product	synthetic neutral_2 product	True	True	True	True	True	True	True
TT:pt_type--tt_core_B	pt_type	tt_core_B	TT	TT	T_A__T_B	0.6931471805599453	0.6666666666666667	48	3.5	2.0	4	0.5895007179081485	0.6724178880295858	0.6910742513069092	1.0	2	0	4	12	1:3;2:3;3:3;4:3	4.0	4	3.25	4.0	1.0	0.75	1.2307692307692308	0	0	0	1	synthetic pt_type product	synthetic tt_core_B product	True	True	True	True	True	True	True
TT:tt_core_A--tt_core_B	tt_core_A	tt_core_B	TT	TT	T_A__T_B	1.3862943611198906	1.0	48	2.0	2.0	6	1.3860579917204734	1.3862470872400072	1.3862896337319022	1.0	2	0	4	12	1:3;2:3;3:3;4:3	4.0	6	3.5	4.0	0.8333333333333334	0.5	1.1428571428571428	0	0	0	1	synthetic tt_core_A product	synthetic tt_core_B product	True	True	True	True	True	True	True
