sample_id	background	phenotype
tiny_001	B1	0
tiny_002	B1	0
tiny_003	B1	0
tiny_004	B1	0
tiny_005	B1	0
tiny_006	B1	0
tiny_007	B1	0
tiny_008	B1	0
tiny_009	B1	0
tiny_010	B1	0
tiny_011	B1	0
tiny_012	B1	0
tiny_013	B2	0
tiny_014	B2	1
tiny_015	B2	0
tiny_016	B2	1
tiny_017	B2	0
tiny_018	B2	1
tiny_019	B2	0
tiny_020	B2	1
tiny_021	B2	0
tiny_022	B2	1
tiny_023	B2	0
tiny_024	B2	1
tiny_025	B3	0
tiny_026	B3	0
tiny_027	B3	0
tiny_028	B3	0
tiny_029	B3	0
tiny_030	B3	0
tiny_031	B3	0
tiny_032	B3	0
tiny_033	B3	0
tiny_034	B3	0
tiny_035	B3	0
tiny_036	B3	0
tiny_037	B4	0
tiny_038	B4	1
tiny_039	B4	0
tiny_040	B4	1
tiny_041	B4	0
tiny_042	B4	1
tiny_043	B4	0
tiny_044	B4	1
tiny_045	B4	0
tiny_046	B4	1
tiny_047	B4	0
tiny_048	B4	1
