sample_id	tree_shc	fold	in_genome_list	assembly_accession	publication_matrix_column
GCF_900017955.1_11657_8_6	2	A	True	GCF_900017955.1	prokka_GCF_900017955.1_11657_8_6_genomic
GCF_900018675.1_11511_8_9	4	A	True	GCF_900018675.1	prokka_GCF_900018675.1_11511_8_9_genomic
GCF_900020245.1_11679_1_11	4	B	True	GCF_900020245.1	prokka_GCF_900020245.1_11679_1_11_genomic
GCF_900020255.1_11657_4_24	5	A	True	GCF_900020255.1	prokka_GCF_900020255.1_11657_4_24_genomic
GCF_900024975.1_11511_8_19	3	B	True	GCF_900024975.1	prokka_GCF_900024975.1_11511_8_19_genomic
GCF_900024985.1_11657_4_27	4	A	True	GCF_900024985.1	prokka_GCF_900024985.1_11657_4_27_genomic
GCF_900033785.1_11657_8_4	4	B	True	GCF_900033785.1	prokka_GCF_900033785.1_11657_8_4_genomic
GCF_900033795.1_11658_2_96	4	A	True	GCF_900033795.1	prokka_GCF_900033795.1_11658_2_96_genomic
GCF_900033805.1_11679_1_6	4	B	True	GCF_900033805.1	prokka_GCF_900033805.1_11679_1_6_genomic
GCF_900033815.1_11658_2_95	2	B	True	GCF_900033815.1	prokka_GCF_900033815.1_11658_2_95_genomic
GCF_900033835.1_11657_4_5	6	B	True	GCF_900033835.1	prokka_GCF_900033835.1_11657_4_5_genomic
GCF_900033845.1_11893_8_13	2	B	True	GCF_900033845.1	prokka_GCF_900033845.1_11893_8_13_genomic
GCF_900033855.1_11679_1_20	3	A	True	GCF_900033855.1	prokka_GCF_900033855.1_11679_1_20_genomic
GCF_900033865.1_11657_4_16	4	A	True	GCF_900033865.1	prokka_GCF_900033865.1_11657_4_16_genomic
GCF_900033875.1_11657_4_17	2	B	True	GCF_900033875.1	prokka_GCF_900033875.1_11657_4_17_genomic
GCF_900033885.1_11511_8_18	2	B	True	GCF_900033885.1	prokka_GCF_900033885.1_11511_8_18_genomic
GCF_900033895.1_11657_4_21	4	B	True	GCF_900033895.1	prokka_GCF_900033895.1_11657_4_21_genomic
GCF_900033905.1_11658_2_86	4	B	True	GCF_900033905.1	prokka_GCF_900033905.1_11658_2_86_genomic
GCF_900033915.1_11511_8_23	5	A	True	GCF_900033915.1	prokka_GCF_900033915.1_11511_8_23_genomic
GCF_900033925.1_11658_8_3	5	A	True	GCF_900033925.1	prokka_GCF_900033925.1_11658_8_3_genomic
GCF_900033935.1_11511_8_30	5	B	True	GCF_900033935.1	prokka_GCF_900033935.1_11511_8_30_genomic
GCF_900033945.1_11657_8_17	2	B	True	GCF_900033945.1	prokka_GCF_900033945.1_11657_8_17_genomic
GCF_900033955.1_11658_2_84	4	A	True	GCF_900033955.1	prokka_GCF_900033955.1_11658_2_84_genomic
GCF_900033965.1_11511_8_33	4	B	True	GCF_900033965.1	prokka_GCF_900033965.1_11511_8_33_genomic
GCF_900033975.1_11511_8_36	4	A	True	GCF_900033975.1	prokka_GCF_900033975.1_11511_8_36_genomic
GCF_900033985.1_11679_1_33	2	B	True	GCF_900033985.1	prokka_GCF_900033985.1_11679_1_33_genomic
GCF_900035605.1_11679_1_25	2	A	True	GCF_900035605.1	prokka_GCF_900035605.1_11679_1_25_genomic
GCF_900035625.1_11511_8_37	4	A	True	GCF_900035625.1	prokka_GCF_900035625.1_11511_8_37_genomic
GCF_900035635.1_11511_8_38	4	B	True	GCF_900035635.1	prokka_GCF_900035635.1_11511_8_38_genomic
GCF_900036435.1_11679_1_7	4	A	True	GCF_900036435.1	prokka_GCF_900036435.1_11679_1_7_genomic
GCF_900036445.1_11657_8_9	2	B	True	GCF_900036445.1	prokka_GCF_900036445.1_11657_8_9_genomic
GCF_900036455.1_11679_1_17	6	B	True	GCF_900036455.1	prokka_GCF_900036455.1_11679_1_17_genomic
GCF_900036465.1_11679_1_21	4	A	True	GCF_900036465.1	prokka_GCF_900036465.1_11679_1_21_genomic
GCF_900036475.1_11679_1_23	2	B	True	GCF_900036475.1	prokka_GCF_900036475.1_11679_1_23_genomic
GCF_900036955.1_11511_8_4	4	B	True	GCF_900036955.1	prokka_GCF_900036955.1_11511_8_4_genomic
GCF_900036965.1_11679_1_2	5	B	True	GCF_900036965.1	prokka_GCF_900036965.1_11679_1_2_genomic
GCF_900036985.1_11679_1_10	2	A	True	GCF_900036985.1	prokka_GCF_900036985.1_11679_1_10_genomic
GCF_900036995.1_11511_8_11	2	A	True	GCF_900036995.1	prokka_GCF_900036995.1_11511_8_11_genomic
GCF_900037005.1_11679_1_13	4	A	True	GCF_900037005.1	prokka_GCF_900037005.1_11679_1_13_genomic
GCF_900037015.1_11657_4_12	1	A	True	GCF_900037015.1	prokka_GCF_900037015.1_11657_4_12_genomic
GCF_900037025.1_11679_1_15	4	A	True	GCF_900037025.1	prokka_GCF_900037025.1_11679_1_15_genomic
GCF_900037035.1_11657_8_12	2	A	True	GCF_900037035.1	prokka_GCF_900037035.1_11657_8_12_genomic
GCF_900037045.1_11658_2_92	2	A	True	GCF_900037045.1	prokka_GCF_900037045.1_11658_2_92_genomic
GCF_900037055.1_11679_1_24	1	A	True	GCF_900037055.1	prokka_GCF_900037055.1_11679_1_24_genomic
GCF_900037065.1_11657_4_18	4	B	True	GCF_900037065.1	prokka_GCF_900037065.1_11657_4_18_genomic
GCF_900037075.1_11657_4_26	3	B	True	GCF_900037075.1	prokka_GCF_900037075.1_11657_4_26_genomic
GCF_900037615.1_11511_8_15	4	A	True	GCF_900037615.1	prokka_GCF_900037615.1_11511_8_15_genomic
GCF_900037625.1_11511_8_22	5	A	True	GCF_900037625.1	prokka_GCF_900037625.1_11511_8_22_genomic
GCF_900038105.1_11657_4_19	5	A	True	GCF_900038105.1	prokka_GCF_900038105.1_11657_4_19_genomic
GCF_900038115.1_11658_2_90	2	B	True	GCF_900038115.1	prokka_GCF_900038115.1_11658_2_90_genomic
GCF_900038125.1_11679_1_28	4	B	True	GCF_900038125.1	prokka_GCF_900038125.1_11679_1_28_genomic
GCF_900038135.1_11657_4_29	5	B	True	GCF_900038135.1	prokka_GCF_900038135.1_11657_4_29_genomic
GCF_900038145.1_11657_4_30	4	B	True	GCF_900038145.1	prokka_GCF_900038145.1_11657_4_30_genomic
GCF_900038155.1_11893_8_15	4	B	True	GCF_900038155.1	prokka_GCF_900038155.1_11893_8_15_genomic
GCF_900038165.1_11679_1_32	5	A	True	GCF_900038165.1	prokka_GCF_900038165.1_11679_1_32_genomic
GCF_900038175.1_11511_8_32	6	B	True	GCF_900038175.1	prokka_GCF_900038175.1_11511_8_32_genomic
GCF_900038185.1_11511_8_34	5	B	True	GCF_900038185.1	prokka_GCF_900038185.1_11511_8_34_genomic
GCF_900038685.1_11511_8_26	1	B	True	GCF_900038685.1	prokka_GCF_900038685.1_11511_8_26_genomic
GCF_900038695.1_11511_8_28	4	B	True	GCF_900038695.1	prokka_GCF_900038695.1_11511_8_28_genomic
GCF_900038705.1_11511_8_35	1	B	True	GCF_900038705.1	prokka_GCF_900038705.1_11511_8_35_genomic
GCF_900039635.1_11657_4_9	1	A	True	GCF_900039635.1	prokka_GCF_900039635.1_11657_4_9_genomic
GCF_900039645.1_11679_1_12	1	A	True	GCF_900039645.1	prokka_GCF_900039645.1_11679_1_12_genomic
GCF_900039655.1_11679_1_27	4	A	True	GCF_900039655.1	prokka_GCF_900039655.1_11679_1_27_genomic
GCF_900040065.1_11657_4_22	6	A	True	GCF_900040065.1	prokka_GCF_900040065.1_11657_4_22_genomic
GCF_900040705.1_11657_8_5	4	B	True	GCF_900040705.1	prokka_GCF_900040705.1_11657_8_5_genomic
GCF_900040715.1_11511_8_2	5	B	True	GCF_900040715.1	prokka_GCF_900040715.1_11511_8_2_genomic
GCF_900041765.1_11679_1_4	5	B	True	GCF_900041765.1	prokka_GCF_900041765.1_11679_1_4_genomic
GCF_900042465.1_11679_1_22	6	B	True	GCF_900042465.1	prokka_GCF_900042465.1_11679_1_22_genomic
GCF_900043665.1_11511_8_5	4	B	True	GCF_900043665.1	prokka_GCF_900043665.1_11511_8_5_genomic
GCF_900043675.1_11657_8_7	4	B	True	GCF_900043675.1	prokka_GCF_900043675.1_11657_8_7_genomic
GCF_900043685.1_11679_1_5	2	A	True	GCF_900043685.1	prokka_GCF_900043685.1_11679_1_5_genomic
GCF_900043695.1_11511_8_10	4	A	True	GCF_900043695.1	prokka_GCF_900043695.1_11511_8_10_genomic
GCF_900043705.1_11658_2_94	5	A	True	GCF_900043705.1	prokka_GCF_900043705.1_11658_2_94_genomic
GCF_900043715.1_11657_4_13	4	A	True	GCF_900043715.1	prokka_GCF_900043715.1_11657_4_13_genomic
GCF_900043725.1_11679_1_14	2	B	True	GCF_900043725.1	prokka_GCF_900043725.1_11679_1_14_genomic
GCF_900043735.1_11657_4_14	1	B	True	GCF_900043735.1	prokka_GCF_900043735.1_11657_4_14_genomic
GCF_900043745.1_11511_8_14	1	A	True	GCF_900043745.1	prokka_GCF_900043745.1_11511_8_14_genomic
GCF_900043755.1_11511_8_16	6	A	True	GCF_900043755.1	prokka_GCF_900043755.1_11511_8_16_genomic
GCF_900043765.1_11679_1_19	5	B	True	GCF_900043765.1	prokka_GCF_900043765.1_11679_1_19_genomic
GCF_900043775.1_11679_1_16	4	B	True	GCF_900043775.1	prokka_GCF_900043775.1_11679_1_16_genomic
GCF_900043785.1_11658_2_91	1	A	True	GCF_900043785.1	prokka_GCF_900043785.1_11658_2_91_genomic
GCF_900043795.1_11658_2_89	3	B	True	GCF_900043795.1	prokka_GCF_900043795.1_11658_2_89_genomic
GCF_900043805.1_11657_4_23	1	A	True	GCF_900043805.1	prokka_GCF_900043805.1_11657_4_23_genomic
GCF_900043815.1_11658_2_88	4	A	True	GCF_900043815.1	prokka_GCF_900043815.1_11658_2_88_genomic
GCF_900043825.1_11511_8_21	6	A	True	GCF_900043825.1	prokka_GCF_900043825.1_11511_8_21_genomic
GCF_900043835.1_11657_4_28	2	A	True	GCF_900043835.1	prokka_GCF_900043835.1_11657_4_28_genomic
GCF_900043845.1_11679_1_31	5	A	True	GCF_900043845.1	prokka_GCF_900043845.1_11679_1_31_genomic
GCF_900043855.1_11511_8_27	6	A	True	GCF_900043855.1	prokka_GCF_900043855.1_11511_8_27_genomic
GCF_900043865.1_11658_2_85	2	B	True	GCF_900043865.1	prokka_GCF_900043865.1_11658_2_85_genomic
GCF_900043875.1_11893_8_14	1	B	True	GCF_900043875.1	prokka_GCF_900043875.1_11893_8_14_genomic
GCF_900044115.1_11657_8_11	2	A	True	GCF_900044115.1	prokka_GCF_900044115.1_11657_8_11_genomic
GCF_900044125.1_11657_8_13	4	B	True	GCF_900044125.1	prokka_GCF_900044125.1_11657_8_13_genomic
GCF_900044805.1_11679_1_3	4	B	True	GCF_900044805.1	prokka_GCF_900044805.1_11679_1_3_genomic
GCF_900044815.1_11657_4_2	4	A	True	GCF_900044815.1	prokka_GCF_900044815.1_11657_4_2_genomic
GCF_900044825.1_11511_8_12	4	A	True	GCF_900044825.1	prokka_GCF_900044825.1_11511_8_12_genomic
GCF_900044835.1_11511_8_13	6	B	True	GCF_900044835.1	prokka_GCF_900044835.1_11511_8_13_genomic
GCF_900044845.1_11658_2_93	4	B	True	GCF_900044845.1	prokka_GCF_900044845.1_11658_2_93_genomic
GCF_900044855.1_11679_1_29	5	B	True	GCF_900044855.1	prokka_GCF_900044855.1_11679_1_29_genomic
GCF_900044865.1_11511_8_24	4	A	True	GCF_900044865.1	prokka_GCF_900044865.1_11511_8_24_genomic
GCF_900044875.1_11511_8_25	4	B	True	GCF_900044875.1	prokka_GCF_900044875.1_11511_8_25_genomic
GCF_900045485.1_11657_8_3	4	A	True	GCF_900045485.1	prokka_GCF_900045485.1_11657_8_3_genomic
GCF_900046815.1_11658_8_2	4	B	True	GCF_900046815.1	prokka_GCF_900046815.1_11658_8_2_genomic
GCF_900046825.1_11511_8_29	6	B	True	GCF_900046825.1	prokka_GCF_900046825.1_11511_8_29_genomic
GCF_900047145.1_11657_4_11	6	A	True	GCF_900047145.1	prokka_GCF_900047145.1_11657_4_11_genomic
GCF_900048105.1_11679_1_8	1	A	True	GCF_900048105.1	prokka_GCF_900048105.1_11679_1_8_genomic
GCF_900048115.1_11657_8_14	4	A	True	GCF_900048115.1	prokka_GCF_900048115.1_11657_8_14_genomic
GCF_900048125.1_11657_8_15	5	A	True	GCF_900048125.1	prokka_GCF_900048125.1_11657_8_15_genomic
GCF_900048795.1_13154_3_40	6	B	True	GCF_900048795.1	prokka_GCF_900048795.1_13154_3_40_genomic
GCF_900048805.1_13414_1_80	2	A	True	GCF_900048805.1	prokka_GCF_900048805.1_13414_1_80_genomic
GCF_900048985.1_11657_4_34	5	B	True	GCF_900048985.1	prokka_GCF_900048985.1_11657_4_34_genomic
GCF_900048995.1_12291_4_52	4	B	True	GCF_900048995.1	prokka_GCF_900048995.1_12291_4_52_genomic
GCF_900049005.1_12291_4_59	2	A	True	GCF_900049005.1	prokka_GCF_900049005.1_12291_4_59_genomic
GCF_900049015.1_12291_4_60	5	A	True	GCF_900049015.1	prokka_GCF_900049015.1_12291_4_60_genomic
GCF_900049025.1_13154_3_73	1	A	True	GCF_900049025.1	prokka_GCF_900049025.1_13154_3_73_genomic
GCF_900049035.1_13414_1_84	2	A	True	GCF_900049035.1	prokka_GCF_900049035.1_13414_1_84_genomic
GCF_900049045.1_13414_1_85	2	A	True	GCF_900049045.1	prokka_GCF_900049045.1_13414_1_85_genomic
GCF_900049055.1_13414_1_86	5	A	True	GCF_900049055.1	prokka_GCF_900049055.1_13414_1_86_genomic
GCF_900049065.1_13414_1_87	5	B	True	GCF_900049065.1	prokka_GCF_900049065.1_13414_1_87_genomic
GCF_900049075.1_13414_2_31	2	B	True	GCF_900049075.1	prokka_GCF_900049075.1_13414_2_31_genomic
GCF_900049085.1_13414_2_54	4	B	True	GCF_900049085.1	prokka_GCF_900049085.1_13414_2_54_genomic
GCF_900049335.1_13414_3_8	6	A	True	GCF_900049335.1	prokka_GCF_900049335.1_13414_3_8_genomic
GCF_900049475.1_11657_8_30	5	B	True	GCF_900049475.1	prokka_GCF_900049475.1_11657_8_30_genomic
GCF_900049485.1_12291_4_34	5	A	True	GCF_900049485.1	prokka_GCF_900049485.1_12291_4_34_genomic
GCF_900049495.1_12291_4_65	4	A	True	GCF_900049495.1	prokka_GCF_900049495.1_12291_4_65_genomic
GCF_900049505.1_12291_5_2	5	B	True	GCF_900049505.1	prokka_GCF_900049505.1_12291_5_2_genomic
GCF_900049515.1_13154_3_91	1	B	True	GCF_900049515.1	prokka_GCF_900049515.1_13154_3_91_genomic
GCF_900049525.1_13414_1_15	5	B	True	GCF_900049525.1	prokka_GCF_900049525.1_13414_1_15_genomic
GCF_900049535.1_13414_1_62	6	A	True	GCF_900049535.1	prokka_GCF_900049535.1_13414_1_62_genomic
GCF_900049545.1_13414_1_93	6	A	True	GCF_900049545.1	prokka_GCF_900049545.1_13414_1_93_genomic
GCF_900049555.1_13414_2_67	4	A	True	GCF_900049555.1	prokka_GCF_900049555.1_13414_2_67_genomic
GCF_900049565.1_14673_4_17	4	A	True	GCF_900049565.1	prokka_GCF_900049565.1_14673_4_17_genomic
GCF_900049825.1_11511_8_54	4	A	True	GCF_900049825.1	prokka_GCF_900049825.1_11511_8_54_genomic
GCF_900049835.1_12291_4_24	4	A	True	GCF_900049835.1	prokka_GCF_900049835.1_12291_4_24_genomic
GCF_900049845.1_12291_4_31	5	B	True	GCF_900049845.1	prokka_GCF_900049845.1_12291_4_31_genomic
GCF_900049855.1_13091_6_85	5	B	True	GCF_900049855.1	prokka_GCF_900049855.1_13091_6_85_genomic
GCF_900049865.1_13414_2_28	5	A	True	GCF_900049865.1	prokka_GCF_900049865.1_13414_2_28_genomic
GCF_900049875.1_13414_2_78	6	B	True	GCF_900049875.1	prokka_GCF_900049875.1_13414_2_78_genomic
GCF_900049885.1_13414_2_81	6	B	True	GCF_900049885.1	prokka_GCF_900049885.1_13414_2_81_genomic
GCF_900049895.1_14673_4_26	5	B	True	GCF_900049895.1	prokka_GCF_900049895.1_14673_4_26_genomic
GCF_900050295.1_11679_1_45	1	B	True	GCF_900050295.1	prokka_GCF_900050295.1_11679_1_45_genomic
GCF_900050305.1_11511_8_62	4	B	True	GCF_900050305.1	prokka_GCF_900050305.1_11511_8_62_genomic
GCF_900050315.1_12291_4_76	5	A	True	GCF_900050315.1	prokka_GCF_900050315.1_12291_4_76_genomic
GCF_900050325.1_13091_6_81	4	A	True	GCF_900050325.1	prokka_GCF_900050325.1_13091_6_81_genomic
GCF_900050335.1_13414_1_74	6	B	True	GCF_900050335.1	prokka_GCF_900050335.1_13414_1_74_genomic
GCF_900050345.1_13414_2_88	4	A	True	GCF_900050345.1	prokka_GCF_900050345.1_13414_2_88_genomic
GCF_900050665.1_11658_2_82	4	B	True	GCF_900050665.1	prokka_GCF_900050665.1_11658_2_82_genomic
GCF_900050675.1_11657_8_21	5	B	True	GCF_900050675.1	prokka_GCF_900050675.1_11657_8_21_genomic
GCF_900050685.1_11658_2_67	2	B	True	GCF_900050685.1	prokka_GCF_900050685.1_11658_2_67_genomic
GCF_900050695.1_11657_8_24	2	B	True	GCF_900050695.1	prokka_GCF_900050695.1_11657_8_24_genomic
GCF_900050705.1_11657_8_25	4	B	True	GCF_900050705.1	prokka_GCF_900050705.1_11657_8_25_genomic
GCF_900050715.1_11511_8_61	1	B	True	GCF_900050715.1	prokka_GCF_900050715.1_11511_8_61_genomic
GCF_900050725.1_13154_3_48	5	B	True	GCF_900050725.1	prokka_GCF_900050725.1_13154_3_48_genomic
GCF_900050735.1_13414_3_37	2	A	True	GCF_900050735.1	prokka_GCF_900050735.1_13414_3_37_genomic
GCF_900050745.1_14673_3_4	2	B	True	GCF_900050745.1	prokka_GCF_900050745.1_14673_3_4_genomic
GCF_900051105.1_11511_8_42	2	B	True	GCF_900051105.1	prokka_GCF_900051105.1_11511_8_42_genomic
GCF_900051115.1_11658_2_78	3	A	True	GCF_900051115.1	prokka_GCF_900051115.1_11658_2_78_genomic
GCF_900051125.1_11658_2_76	4	B	True	GCF_900051125.1	prokka_GCF_900051125.1_11658_2_76_genomic
GCF_900051135.1_11658_2_75	4	B	True	GCF_900051135.1	prokka_GCF_900051135.1_11658_2_75_genomic
GCF_900051145.1_11658_2_71	4	B	True	GCF_900051145.1	prokka_GCF_900051145.1_11658_2_71_genomic
GCF_900051155.1_11658_2_68	4	A	True	GCF_900051155.1	prokka_GCF_900051155.1_11658_2_68_genomic
GCF_900051165.1_11657_8_20	4	A	True	GCF_900051165.1	prokka_GCF_900051165.1_11657_8_20_genomic
GCF_900051175.1_13414_1_75	6	A	True	GCF_900051175.1	prokka_GCF_900051175.1_13414_1_75_genomic
GCF_900051185.1_13414_1_88	2	A	True	GCF_900051185.1	prokka_GCF_900051185.1_13414_1_88_genomic
GCF_900051195.1_13414_2_91	4	B	True	GCF_900051195.1	prokka_GCF_900051195.1_13414_2_91_genomic
GCF_900051205.1_13414_3_44	4	A	True	GCF_900051205.1	prokka_GCF_900051205.1_13414_3_44_genomic
GCF_900051215.1_14673_4_20	4	A	True	GCF_900051215.1	prokka_GCF_900051215.1_14673_4_20_genomic
GCF_900051225.1_14673_4_24	4	A	True	GCF_900051225.1	prokka_GCF_900051225.1_14673_4_24_genomic
GCF_900051395.1_11658_2_56	6	B	True	GCF_900051395.1	prokka_GCF_900051395.1_11658_2_56_genomic
GCF_900051405.1_11658_2_49	2	A	True	GCF_900051405.1	prokka_GCF_900051405.1_11658_2_49_genomic
GCF_900051415.1_12291_4_83	5	A	True	GCF_900051415.1	prokka_GCF_900051415.1_12291_4_83_genomic
GCF_900051425.1_13154_3_18	6	B	True	GCF_900051425.1	prokka_GCF_900051425.1_13154_3_18_genomic
GCF_900051435.1_13154_3_35	4	A	True	GCF_900051435.1	prokka_GCF_900051435.1_13154_3_35_genomic
GCF_900051445.1_13154_2_17	4	B	True	GCF_900051445.1	prokka_GCF_900051445.1_13154_2_17_genomic
GCF_900051455.1_13414_2_53	5	B	True	GCF_900051455.1	prokka_GCF_900051455.1_13414_2_53_genomic
GCF_900051465.1_14673_1_86	4	A	True	GCF_900051465.1	prokka_GCF_900051465.1_14673_1_86_genomic
GCF_900051475.1_14673_4_44	4	B	True	GCF_900051475.1	prokka_GCF_900051475.1_14673_4_44_genomic
GCF_900051825.1_12291_4_26	4	B	True	GCF_900051825.1	prokka_GCF_900051825.1_12291_4_26_genomic
GCF_900051835.1_13414_1_69	6	B	True	GCF_900051835.1	prokka_GCF_900051835.1_13414_1_69_genomic
GCF_900051845.1_13414_3_10	4	A	True	GCF_900051845.1	prokka_GCF_900051845.1_13414_3_10_genomic
GCF_900052135.1_12291_4_84	4	A	True	GCF_900052135.1	prokka_GCF_900052135.1_12291_4_84_genomic
GCF_900052145.1_13091_6_91	4	B	True	GCF_900052145.1	prokka_GCF_900052145.1_13091_6_91_genomic
GCF_900052165.1_13414_2_1	6	A	True	GCF_900052165.1	prokka_GCF_900052165.1_13414_2_1_genomic
GCF_900052175.1_13414_3_18	4	B	True	GCF_900052175.1	prokka_GCF_900052175.1_13414_3_18_genomic
GCF_900052385.1_11658_2_72	4	B	True	GCF_900052385.1	prokka_GCF_900052385.1_11658_2_72_genomic
GCF_900052395.1_11511_8_45	4	A	True	GCF_900052395.1	prokka_GCF_900052395.1_11511_8_45_genomic
GCF_900052405.1_12291_4_18	5	A	True	GCF_900052405.1	prokka_GCF_900052405.1_12291_4_18_genomic
GCF_900052415.1_13154_3_51	4	A	True	GCF_900052415.1	prokka_GCF_900052415.1_13154_3_51_genomic
GCF_900052425.1_13154_3_89	6	A	True	GCF_900052425.1	prokka_GCF_900052425.1_13154_3_89_genomic
GCF_900052435.1_13414_1_65	5	B	True	GCF_900052435.1	prokka_GCF_900052435.1_13414_1_65_genomic
GCF_900052445.1_13414_1_78	6	A	True	GCF_900052445.1	prokka_GCF_900052445.1_13414_1_78_genomic
GCF_900052455.1_13414_2_83	4	B	True	GCF_900052455.1	prokka_GCF_900052455.1_13414_2_83_genomic
GCF_900052465.1_13414_2_90	4	A	True	GCF_900052465.1	prokka_GCF_900052465.1_13414_2_90_genomic
GCF_900052475.1_14673_4_19	4	B	True	GCF_900052475.1	prokka_GCF_900052475.1_14673_4_19_genomic
GCF_900052485.1_14673_4_21	2	A	True	GCF_900052485.1	prokka_GCF_900052485.1_14673_4_21_genomic
GCF_900052685.1_11511_8_48	4	B	True	GCF_900052685.1	prokka_GCF_900052685.1_11511_8_48_genomic
GCF_900052695.1_11657_4_50	4	A	True	GCF_900052695.1	prokka_GCF_900052695.1_11657_4_50_genomic
GCF_900052705.1_11511_8_53	2	A	True	GCF_900052705.1	prokka_GCF_900052705.1_11511_8_53_genomic
GCF_900052715.1_11657_4_51	4	A	True	GCF_900052715.1	prokka_GCF_900052715.1_11657_4_51_genomic
GCF_900052725.1_11679_1_52	2	A	True	GCF_900052725.1	prokka_GCF_900052725.1_11679_1_52_genomic
GCF_900052735.1_11658_2_54	6	B	True	GCF_900052735.1	prokka_GCF_900052735.1_11658_2_54_genomic
GCF_900052745.1_13154_3_7	6	A	True	GCF_900052745.1	prokka_GCF_900052745.1_13154_3_7_genomic
GCF_900052755.1_13414_2_2	5	A	True	GCF_900052755.1	prokka_GCF_900052755.1_13414_2_2_genomic
GCF_900052765.1_14673_1_10	6	A	True	GCF_900052765.1	prokka_GCF_900052765.1_14673_1_10_genomic
GCF_900052775.1_14673_4_43	4	A	True	GCF_900052775.1	prokka_GCF_900052775.1_14673_4_43_genomic
GCF_900052965.1_12291_4_57	5	B	True	GCF_900052965.1	prokka_GCF_900052965.1_12291_4_57_genomic
GCF_900052975.1_12291_4_58	4	A	True	GCF_900052975.1	prokka_GCF_900052975.1_12291_4_58_genomic
GCF_900052985.1_12291_5_53	4	A	True	GCF_900052985.1	prokka_GCF_900052985.1_12291_5_53_genomic
GCF_900052995.1_13154_3_36	4	B	True	GCF_900052995.1	prokka_GCF_900052995.1_13154_3_36_genomic
GCF_900053005.1_13154_3_43	4	B	True	GCF_900053005.1	prokka_GCF_900053005.1_13154_3_43_genomic
GCF_900053015.1_13154_3_44	4	B	True	GCF_900053015.1	prokka_GCF_900053015.1_13154_3_44_genomic
GCF_900053025.1_13154_3_84	5	B	True	GCF_900053025.1	prokka_GCF_900053025.1_13154_3_84_genomic
GCF_900053035.1_13414_2_44	4	A	True	GCF_900053035.1	prokka_GCF_900053035.1_13414_2_44_genomic
GCF_900053045.1_13414_2_46	5	A	True	GCF_900053045.1	prokka_GCF_900053045.1_13414_2_46_genomic
GCF_900053055.1_13414_2_51	6	B	True	GCF_900053055.1	prokka_GCF_900053055.1_13414_2_51_genomic
GCF_900053065.1_13414_2_56	6	A	True	GCF_900053065.1	prokka_GCF_900053065.1_13414_2_56_genomic
GCF_900053075.1_13414_2_73	2	A	True	GCF_900053075.1	prokka_GCF_900053075.1_13414_2_73_genomic
GCF_900053085.1_13414_2_84	4	A	True	GCF_900053085.1	prokka_GCF_900053085.1_13414_2_84_genomic
GCF_900053095.1_13414_3_29	5	B	True	GCF_900053095.1	prokka_GCF_900053095.1_13414_3_29_genomic
GCF_900053495.1_11658_8_4	5	A	True	GCF_900053495.1	prokka_GCF_900053495.1_11658_8_4_genomic
GCF_900053505.1_11679_1_43	2	B	True	GCF_900053505.1	prokka_GCF_900053505.1_11679_1_43_genomic
GCF_900053515.1_11679_1_54	2	A	True	GCF_900053515.1	prokka_GCF_900053515.1_11679_1_54_genomic
GCF_900053525.1_11658_2_51	1	B	True	GCF_900053525.1	prokka_GCF_900053525.1_11658_2_51_genomic
GCF_900053535.1_12291_4_36	6	B	True	GCF_900053535.1	prokka_GCF_900053535.1_12291_4_36_genomic
GCF_900053545.1_12291_4_64	5	B	True	GCF_900053545.1	prokka_GCF_900053545.1_12291_4_64_genomic
GCF_900053555.1_13154_3_12	5	A	True	GCF_900053555.1	prokka_GCF_900053555.1_13154_3_12_genomic
GCF_900053565.1_13414_2_71	4	A	True	GCF_900053565.1	prokka_GCF_900053565.1_13414_2_71_genomic
GCF_900053575.1_14673_4_25	4	A	True	GCF_900053575.1	prokka_GCF_900053575.1_14673_4_25_genomic
GCF_900053755.1_11657_4_59	4	B	True	GCF_900053755.1	prokka_GCF_900053755.1_11657_4_59_genomic
GCF_900053765.1_14673_3_6	4	A	True	GCF_900053765.1	prokka_GCF_900053765.1_14673_3_6_genomic
GCF_900053945.1_11679_1_36	2	A	True	GCF_900053945.1	prokka_GCF_900053945.1_11679_1_36_genomic
GCF_900053955.1_11658_2_74	4	A	True	GCF_900053955.1	prokka_GCF_900053955.1_11658_2_74_genomic
GCF_900053965.1_11657_4_40	4	B	True	GCF_900053965.1	prokka_GCF_900053965.1_11657_4_40_genomic
GCF_900053975.1_11657_8_23	4	B	True	GCF_900053975.1	prokka_GCF_900053975.1_11657_8_23_genomic
GCF_900053985.1_12291_4_14	5	A	True	GCF_900053985.1	prokka_GCF_900053985.1_12291_4_14_genomic
GCF_900053995.1_12291_4_39	5	A	True	GCF_900053995.1	prokka_GCF_900053995.1_12291_4_39_genomic
GCF_900054005.1_12291_4_40	2	B	True	GCF_900054005.1	prokka_GCF_900054005.1_12291_4_40_genomic
GCF_900054015.1_12291_4_41	5	B	True	GCF_900054015.1	prokka_GCF_900054015.1_12291_4_41_genomic
GCF_900054025.1_13154_3_42	6	B	True	GCF_900054025.1	prokka_GCF_900054025.1_13154_3_42_genomic
GCF_900054035.1_13154_3_82	5	A	True	GCF_900054035.1	prokka_GCF_900054035.1_13154_3_82_genomic
GCF_900054045.1_13414_2_34	4	A	True	GCF_900054045.1	prokka_GCF_900054045.1_13414_2_34_genomic
GCF_900054055.1_13414_3_13	4	A	True	GCF_900054055.1	prokka_GCF_900054055.1_13414_3_13_genomic
GCF_900054185.1_13414_2_47	2	B	True	GCF_900054185.1	prokka_GCF_900054185.1_13414_2_47_genomic
GCF_900054195.1_13414_2_60	6	B	True	GCF_900054195.1	prokka_GCF_900054195.1_13414_2_60_genomic
GCF_900054205.1_13414_2_65	6	B	True	GCF_900054205.1	prokka_GCF_900054205.1_13414_2_65_genomic
GCF_900054215.1_13414_3_23	4	B	True	GCF_900054215.1	prokka_GCF_900054215.1_13414_3_23_genomic
GCF_900054225.1_14673_4_22	1	B	True	GCF_900054225.1	prokka_GCF_900054225.1_14673_4_22_genomic
GCF_900054235.1_14673_4_46	5	B	True	GCF_900054235.1	prokka_GCF_900054235.1_14673_4_46_genomic
GCF_900054505.1_12291_4_15	4	B	True	GCF_900054505.1	prokka_GCF_900054505.1_12291_4_15_genomic
GCF_900054515.1_13414_1_92	5	A	True	GCF_900054515.1	prokka_GCF_900054515.1_13414_1_92_genomic
GCF_900054725.1_12291_4_33	4	A	True	GCF_900054725.1	prokka_GCF_900054725.1_12291_4_33_genomic
GCF_900054735.1_12291_4_53	4	B	True	GCF_900054735.1	prokka_GCF_900054735.1_12291_4_53_genomic
GCF_900054745.1_13154_3_58	4	A	True	GCF_900054745.1	prokka_GCF_900054745.1_13154_3_58_genomic
GCF_900054755.1_13414_2_14	5	B	True	GCF_900054755.1	prokka_GCF_900054755.1_13414_2_14_genomic
GCF_900054765.1_14673_1_74	4	B	True	GCF_900054765.1	prokka_GCF_900054765.1_14673_1_74_genomic
GCF_900054775.1_14673_1_76	2	B	True	GCF_900054775.1	prokka_GCF_900054775.1_14673_1_76_genomic
GCF_900054955.1_11679_1_53	4	B	True	GCF_900054955.1	prokka_GCF_900054955.1_11679_1_53_genomic
GCF_900054965.1_12291_4_79	4	A	True	GCF_900054965.1	prokka_GCF_900054965.1_12291_4_79_genomic
GCF_900054975.1_12291_4_80	4	B	True	GCF_900054975.1	prokka_GCF_900054975.1_12291_4_80_genomic
GCF_900054985.1_13414_1_46	6	A	True	GCF_900054985.1	prokka_GCF_900054985.1_13414_1_46_genomic
GCF_900054995.1_13414_1_68	6	A	True	GCF_900054995.1	prokka_GCF_900054995.1_13414_1_68_genomic
GCF_900055005.1_13414_2_55	6	A	True	GCF_900055005.1	prokka_GCF_900055005.1_13414_2_55_genomic
GCF_900055015.1_14673_3_9	4	B	True	GCF_900055015.1	prokka_GCF_900055015.1_14673_3_9_genomic
GCF_900055025.1_14673_4_23	6	B	True	GCF_900055025.1	prokka_GCF_900055025.1_14673_4_23_genomic
GCF_900055225.1_11657_4_33	2	B	True	GCF_900055225.1	prokka_GCF_900055225.1_11657_4_33_genomic
GCF_900055235.1_14673_1_89	6	A	True	GCF_900055235.1	prokka_GCF_900055235.1_14673_1_89_genomic
GCF_900055315.1_11657_4_36	5	B	True	GCF_900055315.1	prokka_GCF_900055315.1_11657_4_36_genomic
GCF_900055325.1_12291_4_87	4	A	True	GCF_900055325.1	prokka_GCF_900055325.1_12291_4_87_genomic
GCF_900055345.1_13091_6_90	4	A	True	GCF_900055345.1	prokka_GCF_900055345.1_13091_6_90_genomic
GCF_900055355.1_13154_3_22	5	B	True	GCF_900055355.1	prokka_GCF_900055355.1_13154_3_22_genomic
GCF_900055365.1_13154_3_27	4	A	True	GCF_900055365.1	prokka_GCF_900055365.1_13154_3_27_genomic
GCF_900055375.1_13154_3_28	3	B	True	GCF_900055375.1	prokka_GCF_900055375.1_13154_3_28_genomic
GCF_900055385.1_13414_2_15	4	B	True	GCF_900055385.1	prokka_GCF_900055385.1_13414_2_15_genomic
GCF_900055395.1_13414_2_64	4	A	True	GCF_900055395.1	prokka_GCF_900055395.1_13414_2_64_genomic
GCF_900055405.1_13414_3_24	6	B	True	GCF_900055405.1	prokka_GCF_900055405.1_13414_3_24_genomic
GCF_900055415.1_13414_3_31	6	B	True	GCF_900055415.1	prokka_GCF_900055415.1_13414_3_31_genomic
GCF_900055425.1_13414_3_35	6	B	True	GCF_900055425.1	prokka_GCF_900055425.1_13414_3_35_genomic
GCF_900055435.1_14673_4_15	5	B	True	GCF_900055435.1	prokka_GCF_900055435.1_14673_4_15_genomic
GCF_900055655.1_11658_2_66	4	A	True	GCF_900055655.1	prokka_GCF_900055655.1_11658_2_66_genomic
GCF_900055665.1_11657_4_49	1	B	True	GCF_900055665.1	prokka_GCF_900055665.1_11657_4_49_genomic
GCF_900055675.1_12291_4_89	4	A	True	GCF_900055675.1	prokka_GCF_900055675.1_12291_4_89_genomic
GCF_900055685.1_13414_2_50	6	A	True	GCF_900055685.1	prokka_GCF_900055685.1_13414_2_50_genomic
GCF_900055695.1_13414_2_52	5	A	True	GCF_900055695.1	prokka_GCF_900055695.1_13414_2_52_genomic
GCF_900055705.1_13414_3_28	5	B	True	GCF_900055705.1	prokka_GCF_900055705.1_13414_3_28_genomic
GCF_900055715.1_13414_3_38	5	A	True	GCF_900055715.1	prokka_GCF_900055715.1_13414_3_38_genomic
GCF_900055725.1_14673_4_40	5	B	True	GCF_900055725.1	prokka_GCF_900055725.1_14673_4_40_genomic
GCF_900055735.1_14673_4_42	5	B	True	GCF_900055735.1	prokka_GCF_900055735.1_14673_4_42_genomic
GCF_900055965.1_11679_1_39	4	B	True	GCF_900055965.1	prokka_GCF_900055965.1_11679_1_39_genomic
GCF_900055975.1_11822_8_79	4	B	True	GCF_900055975.1	prokka_GCF_900055975.1_11822_8_79_genomic
GCF_900055985.1_13154_3_26	6	A	True	GCF_900055985.1	prokka_GCF_900055985.1_13154_3_26_genomic
GCF_900055995.1_13154_3_57	2	A	True	GCF_900055995.1	prokka_GCF_900055995.1_13154_3_57_genomic
GCF_900056005.1_13154_3_61	5	B	True	GCF_900056005.1	prokka_GCF_900056005.1_13154_3_61_genomic
GCF_900056015.1_13154_3_62	4	B	True	GCF_900056015.1	prokka_GCF_900056015.1_13154_3_62_genomic
GCF_900056025.1_13414_3_42	6	B	True	GCF_900056025.1	prokka_GCF_900056025.1_13414_3_42_genomic
GCF_900056035.1_14673_4_67	5	B	True	GCF_900056035.1	prokka_GCF_900056035.1_14673_4_67_genomic
GCF_900056325.1_11679_1_51	5	B	True	GCF_900056325.1	prokka_GCF_900056325.1_11679_1_51_genomic
GCF_900056335.1_13091_6_82	4	A	True	GCF_900056335.1	prokka_GCF_900056335.1_13091_6_82_genomic
GCF_900056345.1_13154_3_25	2	B	True	GCF_900056345.1	prokka_GCF_900056345.1_13154_3_25_genomic
GCF_900056355.1_13154_3_29	1	A	True	GCF_900056355.1	prokka_GCF_900056355.1_13154_3_29_genomic
GCF_900056365.1_13154_3_86	2	A	True	GCF_900056365.1	prokka_GCF_900056365.1_13154_3_86_genomic
GCF_900056375.1_13414_2_36	2	A	True	GCF_900056375.1	prokka_GCF_900056375.1_13414_2_36_genomic
GCF_900056385.1_13414_2_37	5	B	True	GCF_900056385.1	prokka_GCF_900056385.1_13414_2_37_genomic
GCF_900056395.1_13414_2_59	2	B	True	GCF_900056395.1	prokka_GCF_900056395.1_13414_2_59_genomic
GCF_900056405.1_13414_2_61	3	A	True	GCF_900056405.1	prokka_GCF_900056405.1_13414_2_61_genomic
GCF_900056415.1_13414_2_92	4	A	True	GCF_900056415.1	prokka_GCF_900056415.1_13414_2_92_genomic
GCF_900056425.1_13414_3_17	5	A	True	GCF_900056425.1	prokka_GCF_900056425.1_13414_3_17_genomic
GCF_900056435.1_13414_3_14	2	A	True	GCF_900056435.1	prokka_GCF_900056435.1_13414_3_14_genomic
GCF_900056695.1_11657_8_27	2	B	True	GCF_900056695.1	prokka_GCF_900056695.1_11657_8_27_genomic
GCF_900056705.1_11511_8_59	4	B	True	GCF_900056705.1	prokka_GCF_900056705.1_11511_8_59_genomic
GCF_900056715.1_13414_1_45	6	B	True	GCF_900056715.1	prokka_GCF_900056715.1_13414_1_45_genomic
GCF_900056725.1_13414_2_16	2	B	True	GCF_900056725.1	prokka_GCF_900056725.1_13414_2_16_genomic
GCF_900056735.1_14673_4_27	4	B	True	GCF_900056735.1	prokka_GCF_900056735.1_14673_4_27_genomic
GCF_900056985.1_12291_5_3	4	B	True	GCF_900056985.1	prokka_GCF_900056985.1_12291_5_3_genomic
GCF_900056995.1_13154_3_30	5	A	True	GCF_900056995.1	prokka_GCF_900056995.1_13154_3_30_genomic
GCF_900057005.1_13414_1_90	5	A	True	GCF_900057005.1	prokka_GCF_900057005.1_13414_1_90_genomic
GCF_900057015.1_14673_4_11	1	B	True	GCF_900057015.1	prokka_GCF_900057015.1_14673_4_11_genomic
GCF_900057025.1_14673_4_45	5	A	True	GCF_900057025.1	prokka_GCF_900057025.1_14673_4_45_genomic
GCF_900057115.1_12291_4_82	4	B	True	GCF_900057115.1	prokka_GCF_900057115.1_12291_4_82_genomic
GCF_900057125.1_12291_4_85	6	A	True	GCF_900057125.1	prokka_GCF_900057125.1_12291_4_85_genomic
GCF_900057135.1_13154_3_46	1	A	True	GCF_900057135.1	prokka_GCF_900057135.1_13154_3_46_genomic
GCF_900057145.1_13414_1_40	6	A	True	GCF_900057145.1	prokka_GCF_900057145.1_13414_1_40_genomic
GCF_900057155.1_13414_2_38	5	B	True	GCF_900057155.1	prokka_GCF_900057155.1_13414_2_38_genomic
GCF_900057165.1_13414_3_40	6	B	True	GCF_900057165.1	prokka_GCF_900057165.1_13414_3_40_genomic
GCF_900057175.1_14673_4_12	4	A	True	GCF_900057175.1	prokka_GCF_900057175.1_14673_4_12_genomic
GCF_900057355.1_11657_4_52	2	B	True	GCF_900057355.1	prokka_GCF_900057355.1_11657_4_52_genomic
GCF_900057365.1_13414_1_57	2	A	True	GCF_900057365.1	prokka_GCF_900057365.1_13414_1_57_genomic
GCF_900057375.1_13414_2_66	6	A	True	GCF_900057375.1	prokka_GCF_900057375.1_13414_2_66_genomic
GCF_900057385.1_14673_1_78	4	B	True	GCF_900057385.1	prokka_GCF_900057385.1_14673_1_78_genomic
GCF_900057395.1_14673_1_79	5	B	True	GCF_900057395.1	prokka_GCF_900057395.1_14673_1_79_genomic
GCF_900057405.1_14673_1_81	4	B	True	GCF_900057405.1	prokka_GCF_900057405.1_14673_1_81_genomic
GCF_900057415.1_14673_4_29	4	A	True	GCF_900057415.1	prokka_GCF_900057415.1_14673_4_29_genomic
GCF_900057425.1_14673_4_30	4	B	True	GCF_900057425.1	prokka_GCF_900057425.1_14673_4_30_genomic
GCF_900057655.1_13414_2_57	5	A	True	GCF_900057655.1	prokka_GCF_900057655.1_13414_2_57_genomic
GCF_900057825.1_11511_8_47	4	A	True	GCF_900057825.1	prokka_GCF_900057825.1_11511_8_47_genomic
GCF_900057835.1_11679_1_40	4	A	True	GCF_900057835.1	prokka_GCF_900057835.1_11679_1_40_genomic
GCF_900057845.1_13154_3_76	1	A	True	GCF_900057845.1	prokka_GCF_900057845.1_13154_3_76_genomic
GCF_900057855.1_13154_3_78	4	B	True	GCF_900057855.1	prokka_GCF_900057855.1_13154_3_78_genomic
GCF_900057865.1_13154_3_87	4	A	True	GCF_900057865.1	prokka_GCF_900057865.1_13154_3_87_genomic
GCF_900057875.1_13414_2_3	6	B	True	GCF_900057875.1	prokka_GCF_900057875.1_13414_2_3_genomic
GCF_900057885.1_13414_2_9	4	A	True	GCF_900057885.1	prokka_GCF_900057885.1_13414_2_9_genomic
GCF_900057895.1_13414_2_94	5	A	True	GCF_900057895.1	prokka_GCF_900057895.1_13414_2_94_genomic
GCF_900058125.1_11657_4_41	4	B	True	GCF_900058125.1	prokka_GCF_900058125.1_11657_4_41_genomic
GCF_900058135.1_11657_4_55	4	B	True	GCF_900058135.1	prokka_GCF_900058135.1_11657_4_55_genomic
GCF_900058145.1_11511_8_57	4	B	True	GCF_900058145.1	prokka_GCF_900058145.1_11511_8_57_genomic
GCF_900058155.1_11657_8_33	2	A	True	GCF_900058155.1	prokka_GCF_900058155.1_11657_8_33_genomic
GCF_900058165.1_13154_3_77	1	A	True	GCF_900058165.1	prokka_GCF_900058165.1_13154_3_77_genomic
GCF_900058175.1_13414_1_58	6	A	True	GCF_900058175.1	prokka_GCF_900058175.1_13414_1_58_genomic
GCF_900058185.1_13414_2_4	5	A	True	GCF_900058185.1	prokka_GCF_900058185.1_13414_2_4_genomic
GCF_900058195.1_13414_2_7	2	A	True	GCF_900058195.1	prokka_GCF_900058195.1_13414_2_7_genomic
GCF_900058395.1_11658_2_80	6	B	True	GCF_900058395.1	prokka_GCF_900058395.1_11658_2_80_genomic
GCF_900058405.1_12291_4_38	4	A	True	GCF_900058405.1	prokka_GCF_900058405.1_12291_4_38_genomic
GCF_900058415.1_12291_4_78	5	B	True	GCF_900058415.1	prokka_GCF_900058415.1_12291_4_78_genomic
GCF_900058425.1_13154_3_69	4	B	True	GCF_900058425.1	prokka_GCF_900058425.1_13154_3_69_genomic
GCF_900058435.1_14673_4_33	2	A	True	GCF_900058435.1	prokka_GCF_900058435.1_14673_4_33_genomic
GCF_900058645.1_11511_8_49	5	A	True	GCF_900058645.1	prokka_GCF_900058645.1_11511_8_49_genomic
GCF_900058655.1_13154_3_75	4	B	True	GCF_900058655.1	prokka_GCF_900058655.1_13154_3_75_genomic
GCF_900058665.1_13154_3_90	4	B	True	GCF_900058665.1	prokka_GCF_900058665.1_13154_3_90_genomic
GCF_900058925.1_12291_4_21	5	A	True	GCF_900058925.1	prokka_GCF_900058925.1_12291_4_21_genomic
GCF_900058935.1_12291_4_23	4	B	True	GCF_900058935.1	prokka_GCF_900058935.1_12291_4_23_genomic
GCF_900058945.1_12291_4_29	2	B	True	GCF_900058945.1	prokka_GCF_900058945.1_12291_4_29_genomic
GCF_900058955.1_12291_4_30	4	B	True	GCF_900058955.1	prokka_GCF_900058955.1_12291_4_30_genomic
GCF_900058965.1_12838_1_69	6	B	True	GCF_900058965.1	prokka_GCF_900058965.1_12838_1_69_genomic
GCF_900058975.1_13414_1_59	6	B	True	GCF_900058975.1	prokka_GCF_900058975.1_13414_1_59_genomic
GCF_900058985.1_13414_1_60	3	B	True	GCF_900058985.1	prokka_GCF_900058985.1_13414_1_60_genomic
GCF_900058995.1_13414_2_18	5	B	True	GCF_900058995.1	prokka_GCF_900058995.1_13414_2_18_genomic
GCF_900059005.1_13414_3_19	4	B	True	GCF_900059005.1	prokka_GCF_900059005.1_13414_3_19_genomic
GCF_900059275.1_11657_4_42	6	A	True	GCF_900059275.1	prokka_GCF_900059275.1_11657_4_42_genomic
GCF_900059285.1_13154_3_17	2	A	True	GCF_900059285.1	prokka_GCF_900059285.1_13154_3_17_genomic
GCF_900059295.1_13154_3_60	4	A	True	GCF_900059295.1	prokka_GCF_900059295.1_13154_3_60_genomic
GCF_900059305.1_13154_3_88	4	B	True	GCF_900059305.1	prokka_GCF_900059305.1_13154_3_88_genomic
GCF_900059315.1_13414_2_20	4	B	True	GCF_900059315.1	prokka_GCF_900059315.1_13414_2_20_genomic
GCF_900059325.1_13414_2_21	5	B	True	GCF_900059325.1	prokka_GCF_900059325.1_13414_2_21_genomic
GCF_900059335.1_13414_2_22	4	A	True	GCF_900059335.1	prokka_GCF_900059335.1_13414_2_22_genomic
GCF_900059345.1_13414_2_58	4	A	True	GCF_900059345.1	prokka_GCF_900059345.1_13414_2_58_genomic
GCF_900059355.1_14673_1_77	4	B	True	GCF_900059355.1	prokka_GCF_900059355.1_14673_1_77_genomic
GCF_900059365.1_14673_1_80	6	A	True	GCF_900059365.1	prokka_GCF_900059365.1_14673_1_80_genomic
GCF_900059375.1_14673_1_85	4	A	True	GCF_900059375.1	prokka_GCF_900059375.1_14673_1_85_genomic
GCF_900059625.1_11657_8_32	4	B	True	GCF_900059625.1	prokka_GCF_900059625.1_11657_8_32_genomic
GCF_900059635.1_11657_4_57	6	B	True	GCF_900059635.1	prokka_GCF_900059635.1_11657_4_57_genomic
GCF_900059645.1_11511_8_58	2	B	True	GCF_900059645.1	prokka_GCF_900059645.1_11511_8_58_genomic
GCF_900059655.1_12291_4_51	1	B	True	GCF_900059655.1	prokka_GCF_900059655.1_12291_4_51_genomic
GCF_900059665.1_12291_4_50	4	A	True	GCF_900059665.1	prokka_GCF_900059665.1_12291_4_50_genomic
GCF_900059675.1_12291_5_4	5	B	True	GCF_900059675.1	prokka_GCF_900059675.1_12291_5_4_genomic
GCF_900059685.1_12291_5_44	5	A	True	GCF_900059685.1	prokka_GCF_900059685.1_12291_5_44_genomic
GCF_900059695.1_12291_5_6	5	B	True	GCF_900059695.1	prokka_GCF_900059695.1_12291_5_6_genomic
GCF_900059705.1_14673_4_28	1	B	True	GCF_900059705.1	prokka_GCF_900059705.1_14673_4_28_genomic
GCF_900059825.1_11511_8_46	5	A	True	GCF_900059825.1	prokka_GCF_900059825.1_11511_8_46_genomic
GCF_900059835.1_13154_3_31	6	B	True	GCF_900059835.1	prokka_GCF_900059835.1_13154_3_31_genomic
GCF_900059855.1_13414_1_70	5	A	True	GCF_900059855.1	prokka_GCF_900059855.1_13414_1_70_genomic
GCF_900059865.1_13414_2_40	4	B	True	GCF_900059865.1	prokka_GCF_900059865.1_13414_2_40_genomic
GCF_900060055.1_13414_1_76	4	B	True	GCF_900060055.1	prokka_GCF_900060055.1_13414_1_76_genomic
GCF_900060065.1_14673_4_16	4	A	True	GCF_900060065.1	prokka_GCF_900060065.1_14673_4_16_genomic
GCF_900060075.1_14673_4_18	4	B	True	GCF_900060075.1	prokka_GCF_900060075.1_14673_4_18_genomic
GCF_900060245.1_12291_4_77	2	B	True	GCF_900060245.1	prokka_GCF_900060245.1_12291_4_77_genomic
GCF_900060255.1_13154_3_45	4	B	True	GCF_900060255.1	prokka_GCF_900060255.1_13154_3_45_genomic
GCF_900060265.1_13414_2_70	6	A	True	GCF_900060265.1	prokka_GCF_900060265.1_13414_2_70_genomic
GCF_900060275.1_13414_2_75	1	B	True	GCF_900060275.1	prokka_GCF_900060275.1_13414_2_75_genomic
GCF_900060285.1_14673_4_13	1	B	True	GCF_900060285.1	prokka_GCF_900060285.1_14673_4_13_genomic
GCF_900060295.1_14673_4_14	2	B	True	GCF_900060295.1	prokka_GCF_900060295.1_14673_4_14_genomic
GCF_900060505.1_11657_4_38	2	A	True	GCF_900060505.1	prokka_GCF_900060505.1_11657_4_38_genomic
GCF_900060515.1_12291_5_5	4	A	True	GCF_900060515.1	prokka_GCF_900060515.1_12291_5_5_genomic
GCF_900060525.1_12291_5_41	4	A	True	GCF_900060525.1	prokka_GCF_900060525.1_12291_5_41_genomic
GCF_900060535.1_13414_2_23	1	A	True	GCF_900060535.1	prokka_GCF_900060535.1_13414_2_23_genomic
GCF_900060545.1_13414_2_26	5	A	True	GCF_900060545.1	prokka_GCF_900060545.1_13414_2_26_genomic
GCF_900060555.1_13414_2_32	5	A	True	GCF_900060555.1	prokka_GCF_900060555.1_13414_2_32_genomic
GCF_900060565.1_13414_2_30	1	A	True	GCF_900060565.1	prokka_GCF_900060565.1_13414_2_30_genomic
GCF_900060575.1_13414_2_33	1	A	True	GCF_900060575.1	prokka_GCF_900060575.1_13414_2_33_genomic
GCF_900060585.1_13414_2_42	5	A	True	GCF_900060585.1	prokka_GCF_900060585.1_13414_2_42_genomic
GCF_900060815.1_11657_4_53	4	B	True	GCF_900060815.1	prokka_GCF_900060815.1_11657_4_53_genomic
GCF_900060825.1_12291_4_17	4	B	True	GCF_900060825.1	prokka_GCF_900060825.1_12291_4_17_genomic
GCF_900060835.1_13154_2_18	4	A	True	GCF_900060835.1	prokka_GCF_900060835.1_13154_2_18_genomic
GCF_900060845.1_13154_3_79	4	A	True	GCF_900060845.1	prokka_GCF_900060845.1_13154_3_79_genomic
GCF_900060855.1_13154_3_81	4	B	True	GCF_900060855.1	prokka_GCF_900060855.1_13154_3_81_genomic
GCF_900060865.1_13414_1_79	2	B	True	GCF_900060865.1	prokka_GCF_900060865.1_13414_1_79_genomic
GCF_900060875.1_13414_2_25	6	B	True	GCF_900060875.1	prokka_GCF_900060875.1_13414_2_25_genomic
GCF_900060885.1_13414_2_68	5	A	True	GCF_900060885.1	prokka_GCF_900060885.1_13414_2_68_genomic
GCF_900060895.1_14673_1_90	6	A	True	GCF_900060895.1	prokka_GCF_900060895.1_14673_1_90_genomic
GCF_900061135.1_11657_4_37	5	A	True	GCF_900061135.1	prokka_GCF_900061135.1_11657_4_37_genomic
GCF_900061145.1_11679_1_37	2	B	True	GCF_900061145.1	prokka_GCF_900061145.1_11679_1_37_genomic
GCF_900061155.1_11657_8_28	1	A	True	GCF_900061155.1	prokka_GCF_900061155.1_11657_8_28_genomic
GCF_900061165.1_12291_4_67	5	B	True	GCF_900061165.1	prokka_GCF_900061165.1_12291_4_67_genomic
GCF_900061175.1_12291_4_69	4	A	True	GCF_900061175.1	prokka_GCF_900061175.1_12291_4_69_genomic
GCF_900061185.1_12291_4_81	2	A	True	GCF_900061185.1	prokka_GCF_900061185.1_12291_4_81_genomic
GCF_900061195.1_12291_5_1	4	B	True	GCF_900061195.1	prokka_GCF_900061195.1_12291_5_1_genomic
GCF_900061205.1_12291_5_46	1	A	True	GCF_900061205.1	prokka_GCF_900061205.1_12291_5_46_genomic
GCF_900061215.1_13154_3_20	6	A	True	GCF_900061215.1	prokka_GCF_900061215.1_13154_3_20_genomic
GCF_900061225.1_13154_3_53	4	B	True	GCF_900061225.1	prokka_GCF_900061225.1_13154_3_53_genomic
GCF_900061235.1_13414_1_81	5	B	True	GCF_900061235.1	prokka_GCF_900061235.1_13414_1_81_genomic
GCF_900061245.1_14673_1_87	5	B	True	GCF_900061245.1	prokka_GCF_900061245.1_14673_1_87_genomic
GCF_900061255.1_14673_1_88	2	A	True	GCF_900061255.1	prokka_GCF_900061255.1_14673_1_88_genomic
GCF_900061745.1_11658_2_64	4	B	True	GCF_900061745.1	prokka_GCF_900061745.1_11658_2_64_genomic
GCF_900061755.1_11679_1_42	4	A	True	GCF_900061755.1	prokka_GCF_900061755.1_11679_1_42_genomic
GCF_900061765.1_12291_4_45	2	B	True	GCF_900061765.1	prokka_GCF_900061765.1_12291_4_45_genomic
GCF_900061775.1_12291_4_46	6	A	True	GCF_900061775.1	prokka_GCF_900061775.1_12291_4_46_genomic
GCF_900061785.1_12838_1_71	4	A	True	GCF_900061785.1	prokka_GCF_900061785.1_12838_1_71_genomic
GCF_900061795.1_12291_5_45	4	B	True	GCF_900061795.1	prokka_GCF_900061795.1_12291_5_45_genomic
GCF_900061805.1_13154_3_74	4	A	True	GCF_900061805.1	prokka_GCF_900061805.1_13154_3_74_genomic
GCF_900061815.1_13414_1_82	6	B	True	GCF_900061815.1	prokka_GCF_900061815.1_13414_1_82_genomic
GCF_900061825.1_13414_2_24	2	A	True	GCF_900061825.1	prokka_GCF_900061825.1_13414_2_24_genomic
GCF_900061835.1_13414_2_43	6	A	True	GCF_900061835.1	prokka_GCF_900061835.1_13414_2_43_genomic
GCF_900061845.1_13414_2_74	5	A	True	GCF_900061845.1	prokka_GCF_900061845.1_13414_2_74_genomic
GCF_900061855.1_14673_4_31	4	A	True	GCF_900061855.1	prokka_GCF_900061855.1_14673_4_31_genomic
GCF_900061955.1_13154_3_16	5	B	True	GCF_900061955.1	prokka_GCF_900061955.1_13154_3_16_genomic
GCF_900061965.1_13154_3_70	1	A	True	GCF_900061965.1	prokka_GCF_900061965.1_13154_3_70_genomic
GCF_900061995.1_11511_8_39	4	B	True	GCF_900061995.1	prokka_GCF_900061995.1_11511_8_39_genomic
GCF_900062005.1_13154_3_55	5	A	True	GCF_900062005.1	prokka_GCF_900062005.1_13154_3_55_genomic
GCF_900062015.1_14673_1_83	5	A	True	GCF_900062015.1	prokka_GCF_900062015.1_14673_1_83_genomic
GCF_900062025.1_14673_4_34	2	B	True	GCF_900062025.1	prokka_GCF_900062025.1_14673_4_34_genomic
GCF_900062155.1_12291_4_35	5	A	True	GCF_900062155.1	prokka_GCF_900062155.1_12291_4_35_genomic
GCF_900062165.1_12291_5_47	2	A	True	GCF_900062165.1	prokka_GCF_900062165.1_12291_5_47_genomic
GCF_900062175.1_13414_1_48	1	B	True	GCF_900062175.1	prokka_GCF_900062175.1_13414_1_48_genomic
GCF_900062915.1_12838_1_70	6	B	True	GCF_900062915.1	prokka_GCF_900062915.1_12838_1_70_genomic
GCF_900062925.1_12291_4_48	4	A	True	GCF_900062925.1	prokka_GCF_900062925.1_12291_4_48_genomic
GCF_900062935.1_13414_1_83	5	A	True	GCF_900062935.1	prokka_GCF_900062935.1_13414_1_83_genomic
GCF_900062945.1_13414_2_95	6	B	True	GCF_900062945.1	prokka_GCF_900062945.1_13414_2_95_genomic
GCF_900063155.1_11657_4_39	4	A	True	GCF_900063155.1	prokka_GCF_900063155.1_11657_4_39_genomic
GCF_900063165.1_13154_3_64	5	B	True	GCF_900063165.1	prokka_GCF_900063165.1_13154_3_64_genomic
GCF_900063175.1_13414_2_76	5	A	True	GCF_900063175.1	prokka_GCF_900063175.1_13414_2_76_genomic
GCF_900063185.1_13414_3_21	5	B	True	GCF_900063185.1	prokka_GCF_900063185.1_13414_3_21_genomic
GCF_900063195.1_13414_3_22	4	A	True	GCF_900063195.1	prokka_GCF_900063195.1_13414_3_22_genomic
GCF_900063205.1_14673_4_41	5	A	True	GCF_900063205.1	prokka_GCF_900063205.1_14673_4_41_genomic
GCF_900063355.1_11657_8_18	5	A	True	GCF_900063355.1	prokka_GCF_900063355.1_11657_8_18_genomic
GCF_900063365.1_11511_8_55	4	B	True	GCF_900063365.1	prokka_GCF_900063365.1_11511_8_55_genomic
GCF_900063375.1_11511_8_56	2	A	True	GCF_900063375.1	prokka_GCF_900063375.1_11511_8_56_genomic
GCF_900063385.1_11657_4_56	4	B	True	GCF_900063385.1	prokka_GCF_900063385.1_11657_4_56_genomic
GCF_900063395.1_12291_4_13	4	A	True	GCF_900063395.1	prokka_GCF_900063395.1_12291_4_13_genomic
GCF_900063405.1_12291_4_66	4	A	True	GCF_900063405.1	prokka_GCF_900063405.1_12291_4_66_genomic
GCF_900063415.1_12291_4_68	5	A	True	GCF_900063415.1	prokka_GCF_900063415.1_12291_4_68_genomic
GCF_900063425.1_12291_4_74	4	B	True	GCF_900063425.1	prokka_GCF_900063425.1_12291_4_74_genomic
GCF_900063435.1_13154_3_14	4	A	True	GCF_900063435.1	prokka_GCF_900063435.1_13154_3_14_genomic
GCF_900063445.1_13154_3_52	1	B	True	GCF_900063445.1	prokka_GCF_900063445.1_13154_3_52_genomic
GCF_900063455.1_13414_2_62	6	B	True	GCF_900063455.1	prokka_GCF_900063455.1_13414_2_62_genomic
GCF_900063465.1_13414_2_63	4	A	True	GCF_900063465.1	prokka_GCF_900063465.1_13414_2_63_genomic
GCF_900063475.1_13414_3_4	6	B	True	GCF_900063475.1	prokka_GCF_900063475.1_13414_3_4_genomic
GCF_900063485.1_13414_3_5	1	B	True	GCF_900063485.1	prokka_GCF_900063485.1_13414_3_5_genomic
GCF_900063965.1_12291_5_72	4	A	True	GCF_900063965.1	prokka_GCF_900063965.1_12291_5_72_genomic
GCF_900064055.1_11658_2_60	4	B	True	GCF_900064055.1	prokka_GCF_900064055.1_11658_2_60_genomic
GCF_900064065.1_12291_4_44	3	A	True	GCF_900064065.1	prokka_GCF_900064065.1_12291_4_44_genomic
GCF_900064075.1_12291_4_47	5	B	True	GCF_900064075.1	prokka_GCF_900064075.1_12291_4_47_genomic
GCF_900064085.1_12291_4_54	5	B	True	GCF_900064085.1	prokka_GCF_900064085.1_12291_4_54_genomic
GCF_900064095.1_12299_1_57	4	A	True	GCF_900064095.1	prokka_GCF_900064095.1_12299_1_57_genomic
GCF_900064105.1_12299_1_64	2	A	True	GCF_900064105.1	prokka_GCF_900064105.1_12299_1_64_genomic
GCF_900064115.1_13154_3_54	2	B	True	GCF_900064115.1	prokka_GCF_900064115.1_13154_3_54_genomic
GCF_900064125.1_13414_1_72	6	A	True	GCF_900064125.1	prokka_GCF_900064125.1_13414_1_72_genomic
GCF_900064135.1_13414_1_77	4	B	True	GCF_900064135.1	prokka_GCF_900064135.1_13414_1_77_genomic
GCF_900064145.1_14673_4_36	4	A	True	GCF_900064145.1	prokka_GCF_900064145.1_14673_4_36_genomic
GCF_900064155.1_14673_4_38	5	A	True	GCF_900064155.1	prokka_GCF_900064155.1_14673_4_38_genomic
GCF_900064255.1_12291_4_55	2	A	True	GCF_900064255.1	prokka_GCF_900064255.1_12291_4_55_genomic
GCF_900064595.1_11679_1_34	5	B	True	GCF_900064595.1	prokka_GCF_900064595.1_11679_1_34_genomic
GCF_900064605.1_11511_8_40	4	A	True	GCF_900064605.1	prokka_GCF_900064605.1_11511_8_40_genomic
GCF_900064615.1_11658_2_81	4	A	True	GCF_900064615.1	prokka_GCF_900064615.1_11658_2_81_genomic
GCF_900064625.1_11658_2_50	2	A	True	GCF_900064625.1	prokka_GCF_900064625.1_11658_2_50_genomic
GCF_900064635.1_13154_3_38	4	B	True	GCF_900064635.1	prokka_GCF_900064635.1_13154_3_38_genomic
GCF_900064645.1_13414_2_69	5	B	True	GCF_900064645.1	prokka_GCF_900064645.1_13414_2_69_genomic
GCF_900064655.1_14673_4_35	5	A	True	GCF_900064655.1	prokka_GCF_900064655.1_14673_4_35_genomic
GCF_900064805.1_11679_1_38	4	A	True	GCF_900064805.1	prokka_GCF_900064805.1_11679_1_38_genomic
GCF_900064815.1_12291_4_61	4	A	True	GCF_900064815.1	prokka_GCF_900064815.1_12291_4_61_genomic
GCF_900064825.1_12291_4_63	2	B	True	GCF_900064825.1	prokka_GCF_900064825.1_12291_4_63_genomic
GCF_900064835.1_13154_3_32	6	A	True	GCF_900064835.1	prokka_GCF_900064835.1_13154_3_32_genomic
GCF_900064845.1_13154_3_85	5	A	True	GCF_900064845.1	prokka_GCF_900064845.1_13154_3_85_genomic
GCF_900064855.1_13414_2_6	6	A	True	GCF_900064855.1	prokka_GCF_900064855.1_13414_2_6_genomic
GCF_900064865.1_13414_2_12	5	B	True	GCF_900064865.1	prokka_GCF_900064865.1_13414_2_12_genomic
GCF_900064875.1_13414_2_48	2	B	True	GCF_900064875.1	prokka_GCF_900064875.1_13414_2_48_genomic
GCF_900064885.1_13414_2_86	2	B	True	GCF_900064885.1	prokka_GCF_900064885.1_13414_2_86_genomic
GCF_900064895.1_14673_1_11	2	B	True	GCF_900064895.1	prokka_GCF_900064895.1_14673_1_11_genomic
GCF_900064905.1_14673_1_12	6	A	True	GCF_900064905.1	prokka_GCF_900064905.1_14673_1_12_genomic
GCF_900064915.1_14673_1_75	5	A	True	GCF_900064915.1	prokka_GCF_900064915.1_14673_1_75_genomic
GCF_900064925.1_14673_1_82	4	B	True	GCF_900064925.1	prokka_GCF_900064925.1_14673_1_82_genomic
GCF_900064935.1_14673_4_32	4	A	True	GCF_900064935.1	prokka_GCF_900064935.1_14673_4_32_genomic
GCF_900064945.1_14673_4_37	4	B	True	GCF_900064945.1	prokka_GCF_900064945.1_14673_4_37_genomic
GCF_900065085.1_13154_3_71	4	B	True	GCF_900065085.1	prokka_GCF_900065085.1_13154_3_71_genomic
GCF_900065135.1_12291_4_16	4	B	True	GCF_900065135.1	prokka_GCF_900065135.1_12291_4_16_genomic
GCF_900065145.1_12291_4_25	1	B	True	GCF_900065145.1	prokka_GCF_900065145.1_12291_4_25_genomic
GCF_900065155.1_12291_4_27	4	A	True	GCF_900065155.1	prokka_GCF_900065155.1_12291_4_27_genomic
GCF_900065165.1_13154_3_49	4	B	True	GCF_900065165.1	prokka_GCF_900065165.1_13154_3_49_genomic
GCF_900065175.1_13414_1_89	5	B	True	GCF_900065175.1	prokka_GCF_900065175.1_13414_1_89_genomic
GCF_900065355.1_11658_2_62	6	A	True	GCF_900065355.1	prokka_GCF_900065355.1_11658_2_62_genomic
GCF_900065465.1_11511_8_41	2	B	True	GCF_900065465.1	prokka_GCF_900065465.1_11511_8_41_genomic
GCF_900065475.1_11511_8_50	4	B	True	GCF_900065475.1	prokka_GCF_900065475.1_11511_8_50_genomic
GCF_900065485.1_11657_8_29	5	B	True	GCF_900065485.1	prokka_GCF_900065485.1_11657_8_29_genomic
GCF_900065495.1_12291_4_19	2	B	True	GCF_900065495.1	prokka_GCF_900065495.1_12291_4_19_genomic
GCF_900065505.1_12291_4_56	6	B	True	GCF_900065505.1	prokka_GCF_900065505.1_12291_4_56_genomic
GCF_900065515.1_12291_4_88	4	B	True	GCF_900065515.1	prokka_GCF_900065515.1_12291_4_88_genomic
GCF_900065525.1_12299_1_79	2	A	True	GCF_900065525.1	prokka_GCF_900065525.1_12299_1_79_genomic
GCF_900065535.1_13091_6_78	4	B	True	GCF_900065535.1	prokka_GCF_900065535.1_13091_6_78_genomic
GCF_900065545.1_13091_6_86	6	A	True	GCF_900065545.1	prokka_GCF_900065545.1_13091_6_86_genomic
GCF_900065555.1_13154_3_67	4	B	True	GCF_900065555.1	prokka_GCF_900065555.1_13154_3_67_genomic
GCF_900065565.1_13414_1_63	4	A	True	GCF_900065565.1	prokka_GCF_900065565.1_13414_1_63_genomic
GCF_900065575.1_13414_2_11	5	A	True	GCF_900065575.1	prokka_GCF_900065575.1_13414_2_11_genomic
GCF_900065585.1_13414_2_79	5	B	True	GCF_900065585.1	prokka_GCF_900065585.1_13414_2_79_genomic
GCF_900065595.1_13414_2_80	4	A	True	GCF_900065595.1	prokka_GCF_900065595.1_13414_2_80_genomic
GCF_900065605.1_14673_1_13	5	A	True	GCF_900065605.1	prokka_GCF_900065605.1_14673_1_13_genomic
GCF_900065615.1_14673_2_57	4	B	True	GCF_900065615.1	prokka_GCF_900065615.1_14673_2_57_genomic
GCF_900065625.1_14673_3_5	4	A	True	GCF_900065625.1	prokka_GCF_900065625.1_14673_3_5_genomic
GCF_900065635.1_14673_4_39	1	B	True	GCF_900065635.1	prokka_GCF_900065635.1_14673_4_39_genomic
