path	bytes	sha256
docs/assets/figures/FIG01_WHY_CINCH.pdf	21413	f6b958c723da5c27d696ec761ad7e452a0b72c9da51f2e4ebc4c8fdc7833194a
docs/assets/figures/FIG01_WHY_CINCH.png	110227	a49e5b3ead37425b8fb0fd37bcb22dcc4261d19ed9e6ce104a3d4d43605136a2
docs/assets/figures/FIG01_WHY_CINCH.svg	49708	fa2a666846f907b6ba0cd005928bc3bfee84252a71974a46641060188a19750c
docs/assets/figures/FIG02_STATE_MODEL.pdf	29548	58a74d2b012fbfacc0e4bfe7a9150ef56b737b39fb29afef6e902b37deafe5fc
docs/assets/figures/FIG02_STATE_MODEL.png	79372	0963c87db38978c72616a92dd53eb76c67d55603ba3c5be0f43b54ddd419ef53
docs/assets/figures/FIG02_STATE_MODEL.svg	79446	ced6b9ac33254e9ca93b9103e333e8be0588580b3db1768507631da17518013c
docs/assets/figures/FIG03_THREE_SCALES.pdf	22011	19652c2e6d6066ce1728b59992a2d5c068db442e03639a5d764cbcda44ab9faa
docs/assets/figures/FIG03_THREE_SCALES.png	99698	2ef1ea8f5eb465e17acc3caaf7ee6362fc36b1f312de8d30d437f2989e367a96
docs/assets/figures/FIG03_THREE_SCALES.svg	44510	c7bb690d56b76dcb0eb67b927b11d04ad0b0ca070c0608b8523dc81fd9af6e62
docs/assets/figures/FIG04_MI_AND_DRIVERS.pdf	30057	e9ac2bf8fde9351dcefbe28be6a9b52e1d62649c4385e3c986fced9f78c67b2d
docs/assets/figures/FIG04_MI_AND_DRIVERS.png	73323	ae8e51fb66b69c7d5865e74ca79e8c062fab31911e4a6ba11f1d4fed9d233a8b
docs/assets/figures/FIG04_MI_AND_DRIVERS.svg	73262	eaf7b00ae8611bc24134c98b992ffb40eaecbf58c7ac89052b8418c8cb8fb7ce
docs/assets/figures/FIG05_WGS_PIPELINE.pdf	29789	f008c14e53f6b65ea77ef7de01f45c42e11c8ed82ecfbb12389a21d23f859450
docs/assets/figures/FIG05_WGS_PIPELINE.png	108099	fa782de203778308087709aff90de8014dd40f7ec25b48c1b0fd3ecf40de8c36
docs/assets/figures/FIG05_WGS_PIPELINE.svg	66227	606f2c59be75b48d54799e7f298cbc25af782af1bde3fcab8e04f2a87fc2f376
docs/assets/figures/FIG06_DISTANCE_COMPARISON.pdf	92334	31e405a091a095792f79ac2525f4e88d7c70b5894d8d01474ff02f3b8a658bb3
docs/assets/figures/FIG06_DISTANCE_COMPARISON.png	929354	67d935fe577aee72b4df2af27ad1794a5644789248d94f682e853efe7e8b6f4b
docs/assets/figures/FIG06_DISTANCE_COMPARISON.svg	1446557	be3567ddbd166094de55622bb14614395cf2b62a1130ce4973b5a6956f8c505b
docs/assets/figures/FIG06_DISTANCE_MEAN_CURVES.pdf	130463	b7470a93a3952c3b909faef5dc764070fa1da98dd098c48de4a115d178429ae0
docs/assets/figures/FIG06_DISTANCE_MEAN_CURVES.png	404479	b0f8623071181a0f11fdd70f85d66edfea1dc1a50603a2c9bed7fe65c456d43b
docs/assets/figures/FIG06_DISTANCE_MEAN_CURVES.svg	524406	25754b9a14a222869bd96041e0c05a0a61cb691b6fae21f76985ea5a66e7e275
docs/assets/figures/FIG07_ORDER_BACKGROUND.pdf	48533	b316776f0f5c630431d70caa3aedf410aaa2b5e13d9b3361d3ca60f9249b0580
docs/assets/figures/FIG07_ORDER_BACKGROUND.png	584658	c2eff858b35b72d4a967bc676dbc3a8ada026480cb790308ca84c4948c3a136c
docs/assets/figures/FIG07_ORDER_BACKGROUND.svg	157990	263ad0393125f10717b34d1f25353016d0229428e565ea35951abd58ad99d214
docs/assets/figures/FIG08_HC_SELECTION.pdf	33495	144d9da4dfd085cb408f0fa039359d9fb0f72a04c44e4c24f5a702712e6153d3
docs/assets/figures/FIG08_HC_SELECTION.png	197604	5c4e2b34f9f0697d4c81d3c65acab0ae193504c7e2575a16848652b3fc9de4e0
docs/assets/figures/FIG08_HC_SELECTION.svg	112016	bea82cb902342070bd639c8d9dcdedfd3bbaac709ead43f38b6fe5aef3ace7b3
docs/assets/figures/FIG09_NEFF_DERIVATION.pdf	27849	8555c9ae47a5fc33e6b01bdcc7da05ae9038276a06ce8defd1c6268091ee37db
docs/assets/figures/FIG09_NEFF_DERIVATION.png	103682	5951e4b5c290af71a2caa48acab53cbb4c60b74743bbcc92e912753eda3cfe0d
docs/assets/figures/FIG09_NEFF_DERIVATION.svg	87083	e3c552cba4743778774f291beae19253e6c2b484018dd95e80533fd54affd206
docs/assets/figures/FIG10_TT_BACKGROUND_CONTRAST.pdf	49590	cb2e466f32af7e5c70b7b4348562c9f9f07b96aba8de59bf38b7145ebd14f3eb
docs/assets/figures/FIG10_TT_BACKGROUND_CONTRAST.png	195742	fd9f32e321e7f98902157e53a56e527a7c51cb5794d107406839339696cbc1ef
docs/assets/figures/FIG10_TT_BACKGROUND_CONTRAST.svg	151979	039c526ca800c369e1e8e45f9e727e891f9854afe31a02251cfba4cafe7e195e
docs/assets/figures/FIG11_NEFF_VS_ORDER.pdf	114182	803efc94e779268f191ced64f8d1f941cc330d592b2dee1f1b1a17de09e1a2ad
docs/assets/figures/FIG11_NEFF_VS_ORDER.png	1332261	2bbb06f91fc049c1f23a0348d08a3e62940c0d8d2e6da7de8bf490eb0bde4c7e
docs/assets/figures/FIG11_NEFF_VS_ORDER.svg	242966	67809531982e7a9a70d8f4db657e0f4bd1e99638e1b3a124cef0e05bfe0dea41
docs/assets/figures/FIG12_COINFINDER_CONCORDANCE.pdf	26457	b7e4bf95c44eeee185f707ded4c23b60908f11bf12e15f52e752a043579d71b7
docs/assets/figures/FIG12_COINFINDER_CONCORDANCE.png	102209	886d354b50df34ee0012a630f547ce6e79b27a2dfba79b672dae87187efb52fd
docs/assets/figures/FIG12_COINFINDER_CONCORDANCE.svg	65957	ccafa40bfe3807921abfab6267f598f5e3f2e7b16fe2b4c109e10e2749ea2546
docs/assets/figures/FIG13_PP_VS_TT.pdf	35627	349ae7d5bf69c9f8ab12dfcc6ff65cf726b6f2d959feb3a4343cfa878bdb19d3
docs/assets/figures/FIG13_PP_VS_TT.png	240725	54a6d1206b032b88718ce602b16a3b5557fa8704c450721674b857ba6d8d5c66
docs/assets/figures/FIG13_PP_VS_TT.svg	349881	0cf683ba98cc3270a3ff3e598794b81f468a9b7573f4f4cd3da098ab160d4834
docs/assets/figures/FIG14_TREE_HC_STATE.pdf	55840	de6772b73c02b800b003350f5a4c9b3c2ff24f498ed0e5ceed322c65befd02e4
docs/assets/figures/FIG14_TREE_HC_STATE.png	339957	c3abcd2867b60335c58c1ac55090ae6ca88d815f09bd33f6ae05c9de2ba4791d
docs/assets/figures/FIG14_TREE_HC_STATE.svg	458925	fc0c7bde9997d79d4bfc1eb1c5663fe41e6d1687be63562e98f51e9fb4f13da0
docs/assets/figures/FIG15_FILTER_ATTRITION.pdf	15571	07b85490b427bf1e7b2377f7a55204724e43ddb2a32b94e74814b8bdd18a6782
docs/assets/figures/FIG15_FILTER_ATTRITION.png	79966	55cc239d1e5f233462c34150cdd8ec325b74b0c093cc2c7679dd1af9bacdfd9a
docs/assets/figures/FIG15_FILTER_ATTRITION.svg	36473	b686f154da4f07bf89d406cf54627565df6bf542e17c73e2d609262710e26bba
docs/assets/figures/FIG16_FINAL_NETWORK.pdf	57464	ab6d33a0bb7c4abd21b002d320cda2f02be93ce41d740eb8d7ddd5692ac6c5ef
docs/assets/figures/FIG16_FINAL_NETWORK.png	264787	4482c81567757d9cca44d736292e9b7f5cd8084bab0e2488c671c483faa48fae
docs/assets/figures/FIG16_FINAL_NETWORK.svg	210573	f18bec4f8a9f2d07dc980b20bc5456ac2ee8ca6c3cf4cd3bb26cd682d6ff4cfd
docs/assets/figures/FIG17_COMMUNITIES.pdf	24691	50f197ca57d8457d1084d8768d52767ae843ae655f315ebc7d8384ad343ad86a
docs/assets/figures/FIG17_COMMUNITIES.png	128780	771144922d5176139a7c6055d92def978be8fbe3b4b5ef6d9de9f7a1ff8627ab
docs/assets/figures/FIG17_COMMUNITIES.svg	77985	9bed1b2b41197465a93ad66d831cf870ee0f08163fc1c198d5a86e1861f40943
examples/spn534/diagnostics/LEGACY_DISTANCE_DEFINITIONS.md	1538	8a868fcfed9bfdfee257a7c1976fb16909d41cfa2ae106d574f62ac9ea1aebe3
examples/spn534/diagnostics/TABLE_COINFINDER_CONCORDANCE_SUMMARY.tsv	276	ea714e92e781ffd4cce75b31e518c6b79212c9ed302ffb018ab9983c434400af
examples/spn534/diagnostics/TABLE_COINFINDER_PAIR_ANNOTATION.tsv	273726	3f6711a71c8c0d1933599fc3391e001a829d966c2a01b73a40875a5df27716b3
examples/spn534/diagnostics/TABLE_DISTANCE_COMPARISON.tsv	799	11446882bcfe5cb9bc5844ce8aa311dc0bf68613e55c22bc86b13e21fa212425
examples/spn534/diagnostics/TABLE_VATPASE_LINKAGE_CONTROL.tsv	11080	f5a55c56173d11abfe21c5b69654db140c1ab2046939cbf2748c98049f527e0a
examples/spn534/network/CINCH.gexf	242669	4e7227cf0e7bfa989476e72b87cb421749ffd224b7c8f4997d4996fafc24f672
examples/spn534/network/CINCH.graphml	179084	d93bf6b038e2edf63ef438f01bb88784d160e1b70649c610baba853d46e5499e
examples/spn534/network/CINCH_INTERACTIVE.html	126515	6072e30e4e7770d970522b91448798cfd6419235217e1a4fa38c2b0731902eff
examples/spn534/network/NETWORK_COMMUNITIES.tsv	1732	5b3529147610afe3ddee840beae3966e5689509da7eb854586ef3315d2f500a9
examples/spn534/network/NETWORK_EDGES.tsv	44116	54900ade87fe19da3b292654236e93ef4f81d2472047bf359c06ab760a6d9ee3
examples/spn534/network/NETWORK_NODES.tsv	13826	2f921b61e6576d1cf51014d3a202cc49db0ef7e24456f8254e367c4a77628ea8
examples/spn534/results/FINAL_CANDIDATES.tsv	106704	07bb301b1d98f9df17e0e14cc5e8b4a780e6ad507062eed21fd2365df943dfe5
examples/spn534/tree_state/FROZEN_PP_TT.columns.tsv	979	9df15576bcfd099992cf3267d99a4bfad8f00d7b61c2a9a6ecf16d2d5658b693
examples/spn534/tree_state/FROZEN_PP_TT.edges.tsv	4107	0ea03dfe1ff9501db25be9a310dcfdecc231319a523224ffa5f90f20e31fe05e
examples/spn534/tree_state/FROZEN_PP_TT.states.tsv.gz	4717	afbfa7750f14fa6f7df800205ffbc657266a72cf00edbd70c98eb3d908acdb12
examples/spn534/tree_state/FROZEN_PP_TT.tree.newick	34625	2c1b3a4783698468208c84bae1296d00c9701ce78a3cda4a356f5f8c4c837a3e
